ticker,accession_number,category,claim,evidence_quote_length,confidence,direction,severity,materiality,validation_status,validation_reason
AAPL,0000320193-24-000123,DEMAND_UNCERTAINTY,Management disclosed demand uncertainty with neutral implications.,404,0.925,NEUTRAL,LOW,LOW,VALIDATED,Quote verified and confidence >= 0.70.
AAPL,0000320193-24-000123,COMPETITIVE_PRESSURE,Management disclosed competitive pressure with mixed implications.,496,0.925,MIXED,LOW,LOW,VALIDATED,Quote verified and confidence >= 0.70.
AAPL,0000320193-24-000123,COMPETITIVE_PRESSURE,Management disclosed competitive pressure with positive implications.,368,0.925,POSITIVE,LOW,LOW,VALIDATED,Quote verified and confidence >= 0.70.
AAPL,0000320193-24-000123,COMPETITIVE_PRESSURE,Management disclosed competitive pressure with neutral implications.,243,0.925,NEUTRAL,HIGH,MEDIUM,VALIDATED,Quote verified and confidence >= 0.70.
AAPL,0000320193-24-000123,SUPPLY_CHAIN_RISK,Management disclosed supply chain risk with neutral implications.,200,0.925,NEUTRAL,HIGH,MEDIUM,VALIDATED,Quote verified and confidence >= 0.70.
AAPL,0000320193-24-000123,STRATEGIC_CHANGE,Management disclosed strategic change with positive implications.,268,0.925,POSITIVE,LOW,LOW,VALIDATED,Quote verified and confidence >= 0.70.
AAPL,0000320193-24-000123,GUIDANCE_DIRECTION,Management disclosed guidance direction with neutral implications.,142,0.925,NEUTRAL,LOW,LOW,VALIDATED,Quote verified and confidence >= 0.70.
AAPL,0000320193-24-000123,DEMAND_UNCERTAINTY,Management disclosed demand uncertainty with neutral implications.,164,0.925,NEUTRAL,LOW,LOW,VALIDATED,Quote verified and confidence >= 0.70.
AAPL,0000320193-24-000123,COMPETITIVE_PRESSURE,Management disclosed competitive pressure with neutral implications.,138,0.925,NEUTRAL,LOW,LOW,VALIDATED,Quote verified and confidence >= 0.70.
AAPL,0000320193-24-000123,REGULATORY_RISK,Management disclosed regulatory risk with neutral implications.,269,0.925,NEUTRAL,LOW,LOW,VALIDATED,Quote verified and confidence >= 0.70.
AAPL,0000320193-24-000123,MANAGEMENT_OUTLOOK,Management disclosed management outlook with neutral implications.,329,0.925,NEUTRAL,LOW,LOW,VALIDATED,Quote verified and confidence >= 0.70.
AAPL,0000320193-24-000123,SUPPLY_CHAIN_RISK,Disclosed downward pressure or decrease relating to supply chain risk.,345,0.985,NEGATIVE,HIGH,MEDIUM,VALIDATED,Quote verified and confidence >= 0.70.
AAPL,0000320193-24-000123,SUPPLY_CHAIN_RISK,Management disclosed supply chain risk with neutral implications.,400,0.985,NEUTRAL,HIGH,MEDIUM,VALIDATED,Quote verified and confidence >= 0.70.
AAPL,0000320193-24-000123,SUPPLY_CHAIN_RISK,Identified operational or financial risk affecting supply chain risk.,196,0.985,NEGATIVE,HIGH,MEDIUM,VALIDATED,Quote verified and confidence >= 0.70.
AAPL,0000320193-24-000123,DEMAND_UNCERTAINTY,Management disclosed demand uncertainty with neutral implications.,400,0.97,NEUTRAL,LOW,LOW,VALIDATED,Quote verified and confidence >= 0.70.
AAPL,0000320193-24-000123,REGULATORY_RISK,Identified operational or financial risk affecting regulatory risk.,206,1.0,NEGATIVE,HIGH,MEDIUM,VALIDATED,Quote verified and confidence >= 0.70.
AAPL,0000320193-24-000123,REGULATORY_RISK,Management disclosed regulatory risk with neutral implications.,124,1.0,NEUTRAL,LOW,LOW,VALIDATED,Quote verified and confidence >= 0.70.
AAPL,0000320193-24-000123,MATERIAL_BUSINESS_CHANGE,Management disclosed material business change with negative implications.,216,0.925,NEGATIVE,LOW,LOW,VALIDATED,Quote verified and confidence >= 0.70.
AAPL,0000320193-24-000123,GUIDANCE_DIRECTION,Management disclosed guidance direction with neutral implications.,145,0.925,NEUTRAL,LOW,LOW,VALIDATED,Quote verified and confidence >= 0.70.
AAPL,0000320193-24-000123,GUIDANCE_DIRECTION,Disclosed favorable trend or increase relating to guidance direction.,246,0.925,POSITIVE,LOW,LOW,VALIDATED,Quote verified and confidence >= 0.70.
AAPL,0000320193-24-000123,REGULATORY_RISK,Management disclosed regulatory risk with negative implications.,259,1.0,NEGATIVE,LOW,LOW,VALIDATED,Quote verified and confidence >= 0.70.
AAPL,0000320193-24-000123,DEMAND_UNCERTAINTY,Management disclosed demand uncertainty with negative implications.,282,0.97,NEGATIVE,MEDIUM,MEDIUM,VALIDATED,Quote verified and confidence >= 0.70.
AAPL,0000320193-24-000123,GUIDANCE_DIRECTION,Management disclosed guidance direction with neutral implications.,344,0.925,NEUTRAL,HIGH,MEDIUM,VALIDATED,Quote verified and confidence >= 0.70.
AAPL,0000320193-24-000123,LITIGATION_RISK,Management disclosed litigation risk with neutral implications.,220,0.985,NEUTRAL,HIGH,MEDIUM,VALIDATED,Quote verified and confidence >= 0.70.
AAPL,0000320193-24-000123,LITIGATION_RISK,Management disclosed litigation risk with negative implications.,194,0.985,NEGATIVE,HIGH,MEDIUM,VALIDATED,Quote verified and confidence >= 0.70.
AAPL,0000320193-24-000123,LITIGATION_RISK,Management disclosed litigation risk with negative implications.,79,0.935,NEGATIVE,HIGH,MEDIUM,VALIDATED,Quote verified and confidence >= 0.70.
AAPL,0000320193-24-000123,LITIGATION_RISK,Identified operational or financial risk affecting litigation risk.,415,0.985,NEGATIVE,HIGH,MEDIUM,VALIDATED,Quote verified and confidence >= 0.70.
AAPL,0000320193-24-000123,MARGIN_PRESSURE,Disclosed favorable trend or increase relating to margin pressure.,1063,0.925,MIXED,MEDIUM,MEDIUM,VALIDATED,Quote verified and confidence >= 0.70.
AAPL,0000320193-24-000123,MARGIN_PRESSURE,Disclosed favorable trend or increase relating to margin pressure.,176,0.925,MIXED,HIGH,MEDIUM,VALIDATED,Quote verified and confidence >= 0.70.
AAPL,0000320193-24-000123,LIQUIDITY_RISK,Identified operational or financial risk affecting liquidity risk.,227,0.97,NEGATIVE,LOW,LOW,VALIDATED,Quote verified and confidence >= 0.70.
AAPL,0000320193-24-000123,CAPITAL_ALLOCATION_CHANGE,Management disclosed capital allocation change with neutral implications.,213,0.925,NEUTRAL,LOW,LOW,VALIDATED,Quote verified and confidence >= 0.70.
AAPL,0000320193-24-000123,MARGIN_PRESSURE,Disclosed favorable trend or increase relating to margin pressure.,682,1.0,POSITIVE,LOW,LOW,VALIDATED,Quote verified and confidence >= 0.70.
AAPL,0000320193-24-000123,MARGIN_PRESSURE,Disclosed favorable trend or increase relating to margin pressure.,104,1.0,POSITIVE,LOW,LOW,VALIDATED,Quote verified and confidence >= 0.70.
AAPL,0000320193-24-000123,CAPITAL_ALLOCATION_CHANGE,Management disclosed capital allocation change with neutral implications.,129,0.985,NEUTRAL,LOW,LOW,VALIDATED,Quote verified and confidence >= 0.70.
AAPL,0000320193-24-000123,CAPITAL_ALLOCATION_CHANGE,Management disclosed capital allocation change with neutral implications.,174,0.985,NEUTRAL,LOW,HIGH,VALIDATED,Quote verified and confidence >= 0.70.
AAPL,0000320193-23-000106,DEMAND_UNCERTAINTY,Management disclosed demand uncertainty with neutral implications.,165,0.925,NEUTRAL,LOW,LOW,VALIDATED,Quote verified and confidence >= 0.70.
AAPL,0000320193-23-000106,COMPETITIVE_PRESSURE,Management disclosed competitive pressure with neutral implications.,65,0.875,NEUTRAL,LOW,LOW,VALIDATED,Quote verified and confidence >= 0.70.
AAPL,0000320193-23-000106,COMPETITIVE_PRESSURE,Management disclosed competitive pressure with mixed implications.,483,0.925,MIXED,LOW,LOW,VALIDATED,Quote verified and confidence >= 0.70.
AAPL,0000320193-23-000106,COMPETITIVE_PRESSURE,Management disclosed competitive pressure with neutral implications.,243,0.925,NEUTRAL,HIGH,MEDIUM,VALIDATED,Quote verified and confidence >= 0.70.
AAPL,0000320193-23-000106,SUPPLY_CHAIN_RISK,Management disclosed supply chain risk with neutral implications.,200,0.925,NEUTRAL,HIGH,MEDIUM,VALIDATED,Quote verified and confidence >= 0.70.
AAPL,0000320193-23-000106,STRATEGIC_CHANGE,Management disclosed strategic change with positive implications.,268,0.925,POSITIVE,LOW,LOW,VALIDATED,Quote verified and confidence >= 0.70.
AAPL,0000320193-23-000106,GUIDANCE_DIRECTION,Management disclosed guidance direction with neutral implications.,142,0.925,NEUTRAL,LOW,LOW,VALIDATED,Quote verified and confidence >= 0.70.
AAPL,0000320193-23-000106,DEMAND_UNCERTAINTY,Management disclosed demand uncertainty with neutral implications.,164,0.925,NEUTRAL,LOW,LOW,VALIDATED,Quote verified and confidence >= 0.70.
AAPL,0000320193-23-000106,COMPETITIVE_PRESSURE,Management disclosed competitive pressure with neutral implications.,138,0.925,NEUTRAL,LOW,LOW,VALIDATED,Quote verified and confidence >= 0.70.
AAPL,0000320193-23-000106,REGULATORY_RISK,Management disclosed regulatory risk with neutral implications.,269,0.925,NEUTRAL,LOW,LOW,VALIDATED,Quote verified and confidence >= 0.70.
AAPL,0000320193-23-000106,MANAGEMENT_OUTLOOK,Management disclosed management outlook with neutral implications.,329,0.925,NEUTRAL,LOW,LOW,VALIDATED,Quote verified and confidence >= 0.70.
AAPL,0000320193-23-000106,SUPPLY_CHAIN_RISK,Disclosed downward pressure or decrease relating to supply chain risk.,345,0.985,NEGATIVE,HIGH,MEDIUM,VALIDATED,Quote verified and confidence >= 0.70.
AAPL,0000320193-23-000106,SUPPLY_CHAIN_RISK,Management disclosed supply chain risk with negative implications.,434,0.985,NEGATIVE,HIGH,MEDIUM,VALIDATED,Quote verified and confidence >= 0.70.
AAPL,0000320193-23-000106,SUPPLY_CHAIN_RISK,Identified operational or financial risk affecting supply chain risk.,293,0.985,NEGATIVE,HIGH,MEDIUM,VALIDATED,Quote verified and confidence >= 0.70.
AAPL,0000320193-23-000106,DEMAND_UNCERTAINTY,Management disclosed demand uncertainty with neutral implications.,400,0.97,NEUTRAL,LOW,LOW,VALIDATED,Quote verified and confidence >= 0.70.
AAPL,0000320193-23-000106,REGULATORY_RISK,Management disclosed regulatory risk with negative implications.,287,1.0,NEGATIVE,HIGH,MEDIUM,VALIDATED,Quote verified and confidence >= 0.70.
AAPL,0000320193-23-000106,MATERIAL_BUSINESS_CHANGE,Management disclosed material business change with negative implications.,216,0.925,NEGATIVE,LOW,LOW,VALIDATED,Quote verified and confidence >= 0.70.
AAPL,0000320193-23-000106,GUIDANCE_DIRECTION,Management disclosed guidance direction with neutral implications.,145,0.925,NEUTRAL,LOW,LOW,VALIDATED,Quote verified and confidence >= 0.70.
AAPL,0000320193-23-000106,GUIDANCE_DIRECTION,Disclosed favorable trend or increase relating to guidance direction.,246,0.925,POSITIVE,LOW,LOW,VALIDATED,Quote verified and confidence >= 0.70.
AAPL,0000320193-23-000106,REGULATORY_RISK,Management disclosed regulatory risk with neutral implications.,174,1.0,NEUTRAL,LOW,LOW,VALIDATED,Quote verified and confidence >= 0.70.
AAPL,0000320193-23-000106,DEMAND_UNCERTAINTY,Management disclosed demand uncertainty with negative implications.,282,0.97,NEGATIVE,MEDIUM,MEDIUM,VALIDATED,Quote verified and confidence >= 0.70.
AAPL,0000320193-23-000106,GUIDANCE_DIRECTION,Management disclosed guidance direction with neutral implications.,344,0.925,NEUTRAL,HIGH,MEDIUM,VALIDATED,Quote verified and confidence >= 0.70.
AAPL,0000320193-23-000106,REGULATORY_RISK,Identified operational or financial risk affecting regulatory risk.,406,1.0,NEGATIVE,HIGH,MEDIUM,VALIDATED,Quote verified and confidence >= 0.70.
AAPL,0000320193-23-000106,LITIGATION_RISK,Identified operational or financial risk affecting litigation risk.,210,0.985,NEGATIVE,HIGH,MEDIUM,VALIDATED,Quote verified and confidence >= 0.70.
AAPL,0000320193-23-000106,LITIGATION_RISK,Management disclosed litigation risk with negative implications.,238,0.985,NEGATIVE,LOW,LOW,VALIDATED,Quote verified and confidence >= 0.70.
AAPL,0000320193-23-000106,LITIGATION_RISK,Management disclosed litigation risk with mixed implications.,530,0.985,MIXED,HIGH,MEDIUM,VALIDATED,Quote verified and confidence >= 0.70.
AAPL,0000320193-23-000106,LITIGATION_RISK,Management disclosed litigation risk with neutral implications.,330,0.985,NEUTRAL,HIGH,MEDIUM,VALIDATED,Quote verified and confidence >= 0.70.
AAPL,0000320193-23-000106,MARGIN_PRESSURE,Disclosed favorable trend or increase relating to margin pressure.,1065,0.925,MIXED,MEDIUM,MEDIUM,VALIDATED,Quote verified and confidence >= 0.70.
AAPL,0000320193-23-000106,MARGIN_PRESSURE,Disclosed favorable trend or increase relating to margin pressure.,176,0.925,MIXED,HIGH,MEDIUM,VALIDATED,Quote verified and confidence >= 0.70.
AAPL,0000320193-23-000106,LIQUIDITY_RISK,Identified operational or financial risk affecting liquidity risk.,227,0.97,NEGATIVE,LOW,LOW,VALIDATED,Quote verified and confidence >= 0.70.
AAPL,0000320193-23-000106,CAPITAL_ALLOCATION_CHANGE,Management disclosed capital allocation change with neutral implications.,213,0.925,NEUTRAL,LOW,LOW,VALIDATED,Quote verified and confidence >= 0.70.
AAPL,0000320193-23-000106,CAPITAL_ALLOCATION_CHANGE,Management disclosed capital allocation change with neutral implications.,173,0.985,NEUTRAL,LOW,HIGH,VALIDATED,Quote verified and confidence >= 0.70.
AAPL,0000320193-23-000106,MARGIN_PRESSURE,Disclosed favorable trend or increase relating to margin pressure.,197,1.0,POSITIVE,LOW,LOW,VALIDATED,Quote verified and confidence >= 0.70.
AAPL,0000320193-23-000106,MARGIN_PRESSURE,Disclosed downward pressure or decrease relating to margin pressure.,160,1.0,NEGATIVE,LOW,LOW,VALIDATED,Quote verified and confidence >= 0.70.
AAPL,0000320193-23-000106,CAPITAL_ALLOCATION_CHANGE,Management disclosed capital allocation change with neutral implications.,152,0.985,NEUTRAL,LOW,LOW,VALIDATED,Quote verified and confidence >= 0.70.
MSFT,0000950170-24-087843,DEMAND_UNCERTAINTY,Management disclosed demand uncertainty with positive implications.,415,0.925,POSITIVE,HIGH,MEDIUM,VALIDATED,Quote verified and confidence >= 0.70.
MSFT,0000950170-24-087843,REGULATORY_RISK,Management disclosed regulatory risk with neutral implications.,225,0.925,NEUTRAL,LOW,LOW,VALIDATED,Quote verified and confidence >= 0.70.
MSFT,0000950170-24-087843,REGULATORY_RISK,Management disclosed regulatory risk with neutral implications.,176,0.925,NEUTRAL,LOW,LOW,VALIDATED,Quote verified and confidence >= 0.70.
MSFT,0000950170-24-087843,DEMAND_UNCERTAINTY,Management disclosed demand uncertainty with neutral implications.,166,0.925,NEUTRAL,LOW,LOW,VALIDATED,Quote verified and confidence >= 0.70.
MSFT,0000950170-24-087843,GUIDANCE_DIRECTION,Disclosed favorable trend or increase relating to guidance direction.,144,0.925,POSITIVE,LOW,LOW,VALIDATED,Quote verified and confidence >= 0.70.
MSFT,0000950170-24-087843,REGULATORY_RISK,Management disclosed regulatory risk with neutral implications.,167,0.925,NEUTRAL,LOW,LOW,VALIDATED,Quote verified and confidence >= 0.70.
MSFT,0000950170-24-087843,SUPPLY_CHAIN_RISK,Management disclosed supply chain risk with neutral implications.,160,0.925,NEUTRAL,LOW,HIGH,VALIDATED,Quote verified and confidence >= 0.70.
MSFT,0000950170-24-087843,DEMAND_UNCERTAINTY,Management disclosed demand uncertainty with neutral implications.,207,0.925,NEUTRAL,LOW,LOW,VALIDATED,Quote verified and confidence >= 0.70.
MSFT,0000950170-24-087843,COMPETITIVE_PRESSURE,Management disclosed competitive pressure with positive implications.,83,0.925,POSITIVE,LOW,LOW,VALIDATED,Quote verified and confidence >= 0.70.
MSFT,0000950170-24-087843,REGULATORY_RISK,Management disclosed regulatory risk with neutral implications.,287,0.925,NEUTRAL,LOW,LOW,VALIDATED,Quote verified and confidence >= 0.70.
MSFT,0000950170-24-087843,DEMAND_UNCERTAINTY,Management disclosed demand uncertainty with neutral implications.,210,0.925,NEUTRAL,LOW,LOW,VALIDATED,Quote verified and confidence >= 0.70.
MSFT,0000950170-24-087843,SUPPLY_CHAIN_RISK,Management disclosed supply chain risk with neutral implications.,378,0.925,NEUTRAL,LOW,LOW,VALIDATED,Quote verified and confidence >= 0.70.
MSFT,0000950170-24-087843,COMPETITIVE_PRESSURE,Management disclosed competitive pressure with neutral implications.,248,0.925,NEUTRAL,LOW,LOW,VALIDATED,Quote verified and confidence >= 0.70.
MSFT,0000950170-24-087843,COMPETITIVE_PRESSURE,Management disclosed competitive pressure with neutral implications.,318,0.925,NEUTRAL,LOW,LOW,VALIDATED,Quote verified and confidence >= 0.70.
MSFT,0000950170-24-087843,COMPETITIVE_PRESSURE,Management disclosed competitive pressure with neutral implications.,133,0.925,NEUTRAL,LOW,LOW,VALIDATED,Quote verified and confidence >= 0.70.
MSFT,0000950170-24-087843,GUIDANCE_DIRECTION,Management disclosed guidance direction with neutral implications.,135,0.925,NEUTRAL,LOW,LOW,VALIDATED,Quote verified and confidence >= 0.70.
MSFT,0000950170-24-087843,SUPPLY_CHAIN_RISK,Management disclosed supply chain risk with neutral implications.,260,0.925,NEUTRAL,LOW,LOW,VALIDATED,Quote verified and confidence >= 0.70.
MSFT,0000950170-24-087843,SUPPLY_CHAIN_RISK,Management disclosed supply chain risk with neutral implications.,247,0.925,NEUTRAL,LOW,LOW,VALIDATED,Quote verified and confidence >= 0.70.
MSFT,0000950170-24-087843,GUIDANCE_DIRECTION,Management disclosed guidance direction with neutral implications.,189,0.925,NEUTRAL,LOW,LOW,VALIDATED,Quote verified and confidence >= 0.70.
MSFT,0000950170-24-087843,GUIDANCE_DIRECTION,Management disclosed guidance direction with neutral implications.,155,0.925,NEUTRAL,LOW,LOW,VALIDATED,Quote verified and confidence >= 0.70.
MSFT,0000950170-24-087843,STRATEGIC_CHANGE,Management disclosed strategic change with neutral implications.,212,0.925,NEUTRAL,LOW,LOW,VALIDATED,Quote verified and confidence >= 0.70.
MSFT,0000950170-24-087843,STRATEGIC_CHANGE,Management disclosed strategic change with neutral implications.,101,0.925,NEUTRAL,LOW,LOW,VALIDATED,Quote verified and confidence >= 0.70.
MSFT,0000950170-24-087843,MARGIN_PRESSURE,Disclosed favorable trend or increase relating to margin pressure.,134,0.925,POSITIVE,LOW,LOW,VALIDATED,Quote verified and confidence >= 0.70.
MSFT,0000950170-24-087843,STRATEGIC_CHANGE,Management disclosed strategic change with neutral implications.,97,0.925,NEUTRAL,LOW,LOW,VALIDATED,Quote verified and confidence >= 0.70.
MSFT,0000950170-24-087843,MATERIAL_BUSINESS_CHANGE,Management disclosed material business change with mixed implications.,178,0.925,MIXED,LOW,LOW,VALIDATED,Quote verified and confidence >= 0.70.
MSFT,0000950170-24-087843,STRATEGIC_CHANGE,Management disclosed strategic change with neutral implications.,179,0.925,NEUTRAL,LOW,LOW,VALIDATED,Quote verified and confidence >= 0.70.
MSFT,0000950170-24-087843,MARGIN_PRESSURE,Management disclosed margin pressure with neutral implications.,105,0.925,NEUTRAL,LOW,LOW,VALIDATED,Quote verified and confidence >= 0.70.
MSFT,0000950170-24-087843,LITIGATION_RISK,Disclosed favorable trend or increase relating to litigation risk.,152,0.985,MIXED,LOW,LOW,VALIDATED,Quote verified and confidence >= 0.70.
MSFT,0000950170-24-087843,LITIGATION_RISK,Management disclosed litigation risk with neutral implications.,69,0.935,NEUTRAL,LOW,LOW,VALIDATED,Quote verified and confidence >= 0.70.
MSFT,0000950170-24-087843,LIQUIDITY_RISK,Identified operational or financial risk affecting liquidity risk.,185,0.97,NEGATIVE,LOW,LOW,VALIDATED,Quote verified and confidence >= 0.70.
MSFT,0000950170-24-087843,CAPITAL_ALLOCATION_CHANGE,Management disclosed capital allocation change with neutral implications.,677,0.925,NEUTRAL,LOW,LOW,VALIDATED,Quote verified and confidence >= 0.70.
MSFT,0000950170-24-087843,CAPITAL_ALLOCATION_CHANGE,Management disclosed capital allocation change with positive implications.,394,0.925,POSITIVE,LOW,HIGH,VALIDATED,Quote verified and confidence >= 0.70.
MSFT,0000950170-24-087843,MARGIN_PRESSURE,Disclosed favorable trend or increase relating to margin pressure.,612,1.0,POSITIVE,LOW,LOW,VALIDATED,Quote verified and confidence >= 0.70.
MSFT,0000950170-24-087843,MARGIN_PRESSURE,Disclosed favorable trend or increase relating to margin pressure.,1051,1.0,POSITIVE,LOW,LOW,VALIDATED,Quote verified and confidence >= 0.70.
MSFT,0000950170-24-087843,CAPITAL_ALLOCATION_CHANGE,Management disclosed capital allocation change with neutral implications.,511,0.985,NEUTRAL,HIGH,MEDIUM,VALIDATED,Quote verified and confidence >= 0.70.
MSFT,0000950170-24-087843,LITIGATION_RISK,Identified operational or financial risk affecting litigation risk.,178,0.925,NEGATIVE,HIGH,MEDIUM,VALIDATED,Quote verified and confidence >= 0.70.
MSFT,0000950170-24-087843,CAPITAL_ALLOCATION_CHANGE,Disclosed favorable trend or increase relating to capital allocation change.,296,0.985,MIXED,LOW,HIGH,VALIDATED,Quote verified and confidence >= 0.70.
MSFT,0000950170-24-087843,MATERIAL_BUSINESS_CHANGE,Management disclosed material business change with negative implications.,258,0.925,NEGATIVE,CRITICAL,HIGH,VALIDATED,Quote verified and confidence >= 0.70.
MSFT,0000950170-24-087843,MATERIAL_BUSINESS_CHANGE,Management disclosed material business change with neutral implications.,92,0.925,NEUTRAL,HIGH,MEDIUM,VALIDATED,Quote verified and confidence >= 0.70.
MSFT,0000950170-24-087843,MATERIAL_BUSINESS_CHANGE,Management disclosed material business change with negative implications.,70,0.875,NEGATIVE,LOW,LOW,VALIDATED,Quote verified and confidence >= 0.70.
MSFT,0000950170-24-087843,LITIGATION_RISK,Management disclosed litigation risk with negative implications.,134,0.925,NEGATIVE,HIGH,MEDIUM,VALIDATED,Quote verified and confidence >= 0.70.
MSFT,0000950170-23-035122,GUIDANCE_DIRECTION,Management disclosed guidance direction with neutral implications.,261,0.925,NEUTRAL,LOW,LOW,VALIDATED,Quote verified and confidence >= 0.70.
MSFT,0000950170-23-035122,REGULATORY_RISK,Disclosed favorable trend or increase relating to regulatory risk.,285,0.925,POSITIVE,LOW,LOW,VALIDATED,Quote verified and confidence >= 0.70.
MSFT,0000950170-23-035122,DEMAND_UNCERTAINTY,Management disclosed demand uncertainty with neutral implications.,270,0.925,NEUTRAL,LOW,LOW,VALIDATED,Quote verified and confidence >= 0.70.
MSFT,0000950170-23-035122,REGULATORY_RISK,Management disclosed regulatory risk with neutral implications.,147,0.925,NEUTRAL,LOW,LOW,VALIDATED,Quote verified and confidence >= 0.70.
MSFT,0000950170-23-035122,REGULATORY_RISK,Management disclosed regulatory risk with neutral implications.,225,0.925,NEUTRAL,LOW,LOW,VALIDATED,Quote verified and confidence >= 0.70.
MSFT,0000950170-23-035122,COMPETITIVE_PRESSURE,Management disclosed competitive pressure with neutral implications.,69,0.875,NEUTRAL,LOW,LOW,VALIDATED,Quote verified and confidence >= 0.70.
MSFT,0000950170-23-035122,DEMAND_UNCERTAINTY,Management disclosed demand uncertainty with neutral implications.,166,0.925,NEUTRAL,LOW,LOW,VALIDATED,Quote verified and confidence >= 0.70.
MSFT,0000950170-23-035122,STRATEGIC_CHANGE,Management disclosed strategic change with neutral implications.,154,0.925,NEUTRAL,LOW,LOW,VALIDATED,Quote verified and confidence >= 0.70.
MSFT,0000950170-23-035122,REGULATORY_RISK,Management disclosed regulatory risk with neutral implications.,186,0.925,NEUTRAL,LOW,LOW,VALIDATED,Quote verified and confidence >= 0.70.
MSFT,0000950170-23-035122,SUPPLY_CHAIN_RISK,Management disclosed supply chain risk with neutral implications.,161,0.925,NEUTRAL,LOW,LOW,VALIDATED,Quote verified and confidence >= 0.70.
MSFT,0000950170-23-035122,GUIDANCE_DIRECTION,Management disclosed guidance direction with positive implications.,139,0.925,POSITIVE,LOW,LOW,VALIDATED,Quote verified and confidence >= 0.70.
MSFT,0000950170-23-035122,SUPPLY_CHAIN_RISK,Management disclosed supply chain risk with neutral implications.,146,0.925,NEUTRAL,LOW,HIGH,VALIDATED,Quote verified and confidence >= 0.70.
MSFT,0000950170-23-035122,DEMAND_UNCERTAINTY,Management disclosed demand uncertainty with neutral implications.,303,0.925,NEUTRAL,LOW,LOW,VALIDATED,Quote verified and confidence >= 0.70.
MSFT,0000950170-23-035122,COMPETITIVE_PRESSURE,Management disclosed competitive pressure with positive implications.,86,0.925,POSITIVE,LOW,LOW,VALIDATED,Quote verified and confidence >= 0.70.
MSFT,0000950170-23-035122,COMPETITIVE_PRESSURE,Management disclosed competitive pressure with neutral implications.,196,0.925,NEUTRAL,LOW,LOW,VALIDATED,Quote verified and confidence >= 0.70.
MSFT,0000950170-23-035122,GUIDANCE_DIRECTION,Management disclosed guidance direction with neutral implications.,128,0.925,NEUTRAL,LOW,LOW,VALIDATED,Quote verified and confidence >= 0.70.
MSFT,0000950170-23-035122,DEMAND_UNCERTAINTY,Management disclosed demand uncertainty with neutral implications.,210,0.925,NEUTRAL,LOW,LOW,VALIDATED,Quote verified and confidence >= 0.70.
MSFT,0000950170-23-035122,SUPPLY_CHAIN_RISK,Management disclosed supply chain risk with neutral implications.,340,0.925,NEUTRAL,LOW,LOW,VALIDATED,Quote verified and confidence >= 0.70.
MSFT,0000950170-23-035122,COMPETITIVE_PRESSURE,Management disclosed competitive pressure with neutral implications.,254,0.925,NEUTRAL,LOW,LOW,VALIDATED,Quote verified and confidence >= 0.70.
MSFT,0000950170-23-035122,GUIDANCE_DIRECTION,Management disclosed guidance direction with neutral implications.,135,0.925,NEUTRAL,LOW,LOW,VALIDATED,Quote verified and confidence >= 0.70.
MSFT,0000950170-23-035122,SUPPLY_CHAIN_RISK,Management disclosed supply chain risk with neutral implications.,65,0.875,NEUTRAL,LOW,LOW,VALIDATED,Quote verified and confidence >= 0.70.
MSFT,0000950170-23-035122,MANAGEMENT_OUTLOOK,Management disclosed management outlook with neutral implications.,183,0.925,NEUTRAL,LOW,LOW,VALIDATED,Quote verified and confidence >= 0.70.
MSFT,0000950170-23-035122,STRATEGIC_CHANGE,Management disclosed strategic change with neutral implications.,218,0.925,NEUTRAL,LOW,LOW,VALIDATED,Quote verified and confidence >= 0.70.
MSFT,0000950170-23-035122,STRATEGIC_CHANGE,Management disclosed strategic change with neutral implications.,99,0.925,NEUTRAL,LOW,LOW,VALIDATED,Quote verified and confidence >= 0.70.
MSFT,0000950170-23-035122,STRATEGIC_CHANGE,Management disclosed strategic change with neutral implications.,130,0.925,NEUTRAL,LOW,LOW,VALIDATED,Quote verified and confidence >= 0.70.
MSFT,0000950170-23-035122,MARGIN_PRESSURE,Disclosed favorable trend or increase relating to margin pressure.,147,0.925,POSITIVE,LOW,LOW,VALIDATED,Quote verified and confidence >= 0.70.
MSFT,0000950170-23-035122,MARGIN_PRESSURE,Management disclosed margin pressure with neutral implications.,224,0.925,NEUTRAL,LOW,LOW,VALIDATED,Quote verified and confidence >= 0.70.
MSFT,0000950170-23-035122,MARGIN_PRESSURE,Management disclosed margin pressure with neutral implications.,62,0.875,NEUTRAL,LOW,LOW,VALIDATED,Quote verified and confidence >= 0.70.
MSFT,0000950170-23-035122,MARGIN_PRESSURE,Management disclosed margin pressure with neutral implications.,205,0.925,NEUTRAL,LOW,LOW,VALIDATED,Quote verified and confidence >= 0.70.
MSFT,0000950170-23-035122,MATERIAL_BUSINESS_CHANGE,Management disclosed material business change with mixed implications.,178,0.925,MIXED,LOW,LOW,VALIDATED,Quote verified and confidence >= 0.70.
MSFT,0000950170-23-035122,LITIGATION_RISK,Disclosed favorable trend or increase relating to litigation risk.,152,0.985,MIXED,LOW,LOW,VALIDATED,Quote verified and confidence >= 0.70.
MSFT,0000950170-23-035122,LIQUIDITY_RISK,Identified operational or financial risk affecting liquidity risk.,185,0.97,NEGATIVE,LOW,LOW,VALIDATED,Quote verified and confidence >= 0.70.
MSFT,0000950170-23-035122,CAPITAL_ALLOCATION_CHANGE,Management disclosed capital allocation change with neutral implications.,679,0.925,NEUTRAL,LOW,LOW,VALIDATED,Quote verified and confidence >= 0.70.
MSFT,0000950170-23-035122,CAPITAL_ALLOCATION_CHANGE,Management disclosed capital allocation change with positive implications.,394,0.925,POSITIVE,LOW,HIGH,VALIDATED,Quote verified and confidence >= 0.70.
MSFT,0000950170-23-035122,CAPITAL_ALLOCATION_CHANGE,Management disclosed capital allocation change with negative implications.,462,0.985,NEGATIVE,LOW,LOW,VALIDATED,Quote verified and confidence >= 0.70.
MSFT,0000950170-23-035122,CAPITAL_ALLOCATION_CHANGE,Disclosed favorable trend or increase relating to capital allocation change.,154,0.985,POSITIVE,LOW,LOW,VALIDATED,Quote verified and confidence >= 0.70.
MSFT,0000950170-23-035122,LITIGATION_RISK,Identified operational or financial risk affecting litigation risk.,178,0.925,NEGATIVE,HIGH,MEDIUM,VALIDATED,Quote verified and confidence >= 0.70.
MSFT,0000950170-23-035122,MATERIAL_BUSINESS_CHANGE,Management disclosed material business change with negative implications.,215,0.925,NEGATIVE,CRITICAL,HIGH,VALIDATED,Quote verified and confidence >= 0.70.
MSFT,0000950170-23-035122,MATERIAL_BUSINESS_CHANGE,Management disclosed material business change with neutral implications.,92,0.925,NEUTRAL,HIGH,MEDIUM,VALIDATED,Quote verified and confidence >= 0.70.
MSFT,0000950170-23-035122,MATERIAL_BUSINESS_CHANGE,Management disclosed material business change with negative implications.,70,0.875,NEGATIVE,LOW,LOW,VALIDATED,Quote verified and confidence >= 0.70.
MSFT,0000950170-23-035122,LITIGATION_RISK,Management disclosed litigation risk with negative implications.,134,0.925,NEGATIVE,HIGH,MEDIUM,VALIDATED,Quote verified and confidence >= 0.70.
MSFT,0000950170-23-035122,LITIGATION_RISK,Management disclosed litigation risk with positive implications.,201,0.925,POSITIVE,LOW,LOW,VALIDATED,Quote verified and confidence >= 0.70.
NVDA,0001045810-24-000029,STRATEGIC_CHANGE,Management disclosed strategic change with positive implications.,177,0.925,POSITIVE,LOW,LOW,VALIDATED,Quote verified and confidence >= 0.70.
NVDA,0001045810-24-000029,GUIDANCE_DIRECTION,Management disclosed guidance direction with neutral implications.,189,0.925,NEUTRAL,LOW,LOW,VALIDATED,Quote verified and confidence >= 0.70.
NVDA,0001045810-24-000029,GUIDANCE_DIRECTION,Management disclosed guidance direction with neutral implications.,227,0.925,NEUTRAL,CRITICAL,HIGH,VALIDATED,Quote verified and confidence >= 0.70.
NVDA,0001045810-24-000029,COMPETITIVE_PRESSURE,Disclosed favorable trend or increase relating to competitive pressure.,265,0.925,POSITIVE,LOW,LOW,VALIDATED,Quote verified and confidence >= 0.70.
NVDA,0001045810-24-000029,SUPPLY_CHAIN_RISK,Management disclosed supply chain risk with neutral implications.,154,0.925,NEUTRAL,LOW,LOW,VALIDATED,Quote verified and confidence >= 0.70.
NVDA,0001045810-24-000029,SUPPLY_CHAIN_RISK,Management disclosed supply chain risk with neutral implications.,279,0.925,NEUTRAL,LOW,LOW,VALIDATED,Quote verified and confidence >= 0.70.
NVDA,0001045810-24-000029,GUIDANCE_DIRECTION,Management disclosed guidance direction with neutral implications.,230,0.925,NEUTRAL,LOW,LOW,VALIDATED,Quote verified and confidence >= 0.70.
NVDA,0001045810-24-000029,GUIDANCE_DIRECTION,Management disclosed guidance direction with neutral implications.,140,0.925,NEUTRAL,LOW,LOW,VALIDATED,Quote verified and confidence >= 0.70.
NVDA,0001045810-24-000029,SUPPLY_CHAIN_RISK,Management disclosed supply chain risk with neutral implications.,330,0.925,NEUTRAL,LOW,LOW,VALIDATED,Quote verified and confidence >= 0.70.
NVDA,0001045810-24-000029,SUPPLY_CHAIN_RISK,Management disclosed supply chain risk with neutral implications.,285,0.925,NEUTRAL,LOW,LOW,VALIDATED,Quote verified and confidence >= 0.70.
NVDA,0001045810-24-000029,COMPETITIVE_PRESSURE,Management disclosed competitive pressure with neutral implications.,130,0.925,NEUTRAL,HIGH,MEDIUM,VALIDATED,Quote verified and confidence >= 0.70.
NVDA,0001045810-24-000029,COMPETITIVE_PRESSURE,Management disclosed competitive pressure with neutral implications.,331,0.925,NEUTRAL,HIGH,MEDIUM,VALIDATED,Quote verified and confidence >= 0.70.
NVDA,0001045810-24-000029,COMPETITIVE_PRESSURE,Management disclosed competitive pressure with neutral implications.,468,0.925,NEUTRAL,LOW,LOW,VALIDATED,Quote verified and confidence >= 0.70.
NVDA,0001045810-24-000029,REGULATORY_RISK,Disclosed favorable trend or increase relating to regulatory risk.,729,0.925,POSITIVE,HIGH,MEDIUM,VALIDATED,Quote verified and confidence >= 0.70.
NVDA,0001045810-24-000029,REGULATORY_RISK,Management disclosed regulatory risk with neutral implications.,121,0.925,NEUTRAL,LOW,LOW,VALIDATED,Quote verified and confidence >= 0.70.
NVDA,0001045810-24-000029,REGULATORY_RISK,Management disclosed regulatory risk with positive implications.,128,0.925,POSITIVE,LOW,LOW,VALIDATED,Quote verified and confidence >= 0.70.
NVDA,0001045810-24-000029,LITIGATION_RISK,Management disclosed litigation risk with negative implications.,134,0.925,NEGATIVE,LOW,LOW,VALIDATED,Quote verified and confidence >= 0.70.
NVDA,0001045810-24-000029,REGULATORY_RISK,Management disclosed regulatory risk with neutral implications.,499,0.925,NEUTRAL,HIGH,MEDIUM,VALIDATED,Quote verified and confidence >= 0.70.
NVDA,0001045810-24-000029,DEMAND_UNCERTAINTY,Identified operational or financial risk affecting demand uncertainty.,162,0.925,NEGATIVE,LOW,LOW,VALIDATED,Quote verified and confidence >= 0.70.
NVDA,0001045810-24-000029,LITIGATION_RISK,Identified operational or financial risk affecting litigation risk.,109,0.925,NEGATIVE,HIGH,MEDIUM,VALIDATED,Quote verified and confidence >= 0.70.
NVDA,0001045810-24-000029,STRATEGIC_CHANGE,Management disclosed strategic change with mixed implications.,1356,0.925,MIXED,LOW,LOW,VALIDATED,Quote verified and confidence >= 0.70.
NVDA,0001045810-24-000029,DEMAND_UNCERTAINTY,Management disclosed demand uncertainty with neutral implications.,159,0.925,NEUTRAL,LOW,LOW,VALIDATED,Quote verified and confidence >= 0.70.
NVDA,0001045810-24-000029,DEMAND_UNCERTAINTY,Disclosed favorable trend or increase relating to demand uncertainty.,1391,0.925,MIXED,LOW,LOW,VALIDATED,Quote verified and confidence >= 0.70.
NVDA,0001045810-24-000029,DEMAND_UNCERTAINTY,Management disclosed demand uncertainty with neutral implications.,122,0.925,NEUTRAL,LOW,LOW,VALIDATED,Quote verified and confidence >= 0.70.
NVDA,0001045810-24-000029,MARGIN_PRESSURE,Management disclosed margin pressure with neutral implications.,320,0.925,NEUTRAL,HIGH,MEDIUM,VALIDATED,Quote verified and confidence >= 0.70.
NVDA,0001045810-24-000029,LIQUIDITY_RISK,Identified operational or financial risk affecting liquidity risk.,204,0.925,NEGATIVE,LOW,LOW,VALIDATED,Quote verified and confidence >= 0.70.
NVDA,0001045810-24-000029,LITIGATION_RISK,Identified operational or financial risk affecting litigation risk.,473,0.925,NEGATIVE,MEDIUM,MEDIUM,VALIDATED,Quote verified and confidence >= 0.70.
NVDA,0001045810-24-000029,STRATEGIC_CHANGE,Management disclosed strategic change with positive implications.,256,0.925,POSITIVE,MEDIUM,MEDIUM,VALIDATED,Quote verified and confidence >= 0.70.
NVDA,0001045810-24-000029,STRATEGIC_CHANGE,Management disclosed strategic change with positive implications.,186,0.925,POSITIVE,LOW,LOW,VALIDATED,Quote verified and confidence >= 0.70.
NVDA,0001045810-24-000029,MARGIN_PRESSURE,Management disclosed margin pressure with neutral implications.,98,0.925,NEUTRAL,LOW,LOW,VALIDATED,Quote verified and confidence >= 0.70.
NVDA,0001045810-24-000029,LITIGATION_RISK,Management disclosed litigation risk with neutral implications.,198,0.925,NEUTRAL,LOW,LOW,VALIDATED,Quote verified and confidence >= 0.70.
NVDA,0001045810-24-000029,LIQUIDITY_RISK,Management disclosed liquidity risk with neutral implications.,185,0.925,NEUTRAL,LOW,LOW,VALIDATED,Quote verified and confidence >= 0.70.
NVDA,0001045810-24-000029,CAPITAL_ALLOCATION_CHANGE,Management disclosed capital allocation change with neutral implications.,351,0.925,NEUTRAL,LOW,LOW,VALIDATED,Quote verified and confidence >= 0.70.
NVDA,0001045810-24-000029,CAPITAL_ALLOCATION_CHANGE,Management disclosed capital allocation change with neutral implications.,134,0.925,NEUTRAL,LOW,HIGH,VALIDATED,Quote verified and confidence >= 0.70.
NVDA,0001045810-24-000029,MARGIN_PRESSURE,Management disclosed margin pressure with neutral implications.,187,0.925,NEUTRAL,LOW,LOW,VALIDATED,Quote verified and confidence >= 0.70.
NVDA,0001045810-24-000029,MARGIN_PRESSURE,Management disclosed margin pressure with neutral implications.,111,0.925,NEUTRAL,LOW,LOW,VALIDATED,Quote verified and confidence >= 0.70.
NVDA,0001045810-24-000029,CAPITAL_ALLOCATION_CHANGE,Disclosed favorable trend or increase relating to capital allocation change.,203,0.925,POSITIVE,LOW,LOW,VALIDATED,Quote verified and confidence >= 0.70.
NVDA,0001045810-24-000029,LIQUIDITY_RISK,Management disclosed liquidity risk with neutral implications.,133,0.97,NEUTRAL,LOW,LOW,VALIDATED,Quote verified and confidence >= 0.70.
NVDA,0001045810-24-000029,CAPITAL_ALLOCATION_CHANGE,Management disclosed capital allocation change with neutral implications.,106,0.925,NEUTRAL,LOW,HIGH,VALIDATED,Quote verified and confidence >= 0.70.
NVDA,0001045810-24-000029,LIQUIDITY_RISK,Disclosed favorable trend or increase relating to liquidity risk.,153,0.925,POSITIVE,LOW,LOW,VALIDATED,Quote verified and confidence >= 0.70.
NVDA,0001045810-23-000017,DEMAND_UNCERTAINTY,Management disclosed demand uncertainty with neutral implications.,306,0.925,NEUTRAL,LOW,LOW,VALIDATED,Quote verified and confidence >= 0.70.
NVDA,0001045810-23-000017,GUIDANCE_DIRECTION,Management disclosed guidance direction with neutral implications.,152,0.925,NEUTRAL,LOW,LOW,VALIDATED,Quote verified and confidence >= 0.70.
NVDA,0001045810-23-000017,STRATEGIC_CHANGE,Management disclosed strategic change with neutral implications.,241,0.925,NEUTRAL,LOW,LOW,VALIDATED,Quote verified and confidence >= 0.70.
NVDA,0001045810-23-000017,COMPETITIVE_PRESSURE,Disclosed favorable trend or increase relating to competitive pressure.,289,0.925,POSITIVE,LOW,LOW,VALIDATED,Quote verified and confidence >= 0.70.
NVDA,0001045810-23-000017,SUPPLY_CHAIN_RISK,Management disclosed supply chain risk with neutral implications.,154,0.925,NEUTRAL,LOW,LOW,VALIDATED,Quote verified and confidence >= 0.70.
NVDA,0001045810-23-000017,SUPPLY_CHAIN_RISK,Management disclosed supply chain risk with neutral implications.,282,0.925,NEUTRAL,LOW,LOW,VALIDATED,Quote verified and confidence >= 0.70.
NVDA,0001045810-23-000017,GUIDANCE_DIRECTION,Management disclosed guidance direction with neutral implications.,230,0.925,NEUTRAL,LOW,LOW,VALIDATED,Quote verified and confidence >= 0.70.
NVDA,0001045810-23-000017,GUIDANCE_DIRECTION,Management disclosed guidance direction with neutral implications.,135,0.925,NEUTRAL,LOW,LOW,VALIDATED,Quote verified and confidence >= 0.70.
NVDA,0001045810-23-000017,SUPPLY_CHAIN_RISK,Management disclosed supply chain risk with neutral implications.,299,0.925,NEUTRAL,LOW,LOW,VALIDATED,Quote verified and confidence >= 0.70.
NVDA,0001045810-23-000017,SUPPLY_CHAIN_RISK,Management disclosed supply chain risk with neutral implications.,330,0.925,NEUTRAL,LOW,LOW,VALIDATED,Quote verified and confidence >= 0.70.
NVDA,0001045810-23-000017,DEMAND_UNCERTAINTY,Management disclosed demand uncertainty with positive implications.,240,0.925,POSITIVE,LOW,LOW,VALIDATED,Quote verified and confidence >= 0.70.
NVDA,0001045810-23-000017,COMPETITIVE_PRESSURE,Management disclosed competitive pressure with neutral implications.,130,0.925,NEUTRAL,HIGH,MEDIUM,VALIDATED,Quote verified and confidence >= 0.70.
NVDA,0001045810-23-000017,COMPETITIVE_PRESSURE,Management disclosed competitive pressure with neutral implications.,330,0.925,NEUTRAL,HIGH,MEDIUM,VALIDATED,Quote verified and confidence >= 0.70.
NVDA,0001045810-23-000017,COMPETITIVE_PRESSURE,Management disclosed competitive pressure with neutral implications.,479,0.925,NEUTRAL,LOW,LOW,VALIDATED,Quote verified and confidence >= 0.70.
NVDA,0001045810-23-000017,REGULATORY_RISK,Management disclosed regulatory risk with neutral implications.,165,0.925,NEUTRAL,LOW,LOW,VALIDATED,Quote verified and confidence >= 0.70.
NVDA,0001045810-23-000017,REGULATORY_RISK,Disclosed favorable trend or increase relating to regulatory risk.,753,0.925,POSITIVE,HIGH,MEDIUM,VALIDATED,Quote verified and confidence >= 0.70.
NVDA,0001045810-23-000017,REGULATORY_RISK,Management disclosed regulatory risk with neutral implications.,121,0.925,NEUTRAL,LOW,LOW,VALIDATED,Quote verified and confidence >= 0.70.
NVDA,0001045810-23-000017,REGULATORY_RISK,Management disclosed regulatory risk with neutral implications.,212,0.925,NEUTRAL,HIGH,MEDIUM,VALIDATED,Quote verified and confidence >= 0.70.
NVDA,0001045810-23-000017,DEMAND_UNCERTAINTY,Management disclosed demand uncertainty with neutral implications.,123,0.925,NEUTRAL,LOW,LOW,VALIDATED,Quote verified and confidence >= 0.70.
NVDA,0001045810-23-000017,LITIGATION_RISK,Management disclosed litigation risk with negative implications.,134,0.925,NEGATIVE,LOW,LOW,VALIDATED,Quote verified and confidence >= 0.70.
NVDA,0001045810-23-000017,DEMAND_UNCERTAINTY,Identified operational or financial risk affecting demand uncertainty.,160,0.925,NEGATIVE,LOW,LOW,VALIDATED,Quote verified and confidence >= 0.70.
NVDA,0001045810-23-000017,LITIGATION_RISK,Identified operational or financial risk affecting litigation risk.,108,0.925,NEGATIVE,HIGH,MEDIUM,VALIDATED,Quote verified and confidence >= 0.70.
NVDA,0001045810-23-000017,MARGIN_PRESSURE,Management disclosed margin pressure with neutral implications.,320,0.925,NEUTRAL,HIGH,MEDIUM,VALIDATED,Quote verified and confidence >= 0.70.
NVDA,0001045810-23-000017,GUIDANCE_DIRECTION,Disclosed favorable trend or increase relating to guidance direction.,261,0.925,NEGATIVE,HIGH,MEDIUM,VALIDATED,Quote verified and confidence >= 0.70.
NVDA,0001045810-23-000017,LITIGATION_RISK,Identified operational or financial risk affecting litigation risk.,471,0.925,NEGATIVE,MEDIUM,MEDIUM,VALIDATED,Quote verified and confidence >= 0.70.
NVDA,0001045810-23-000017,STRATEGIC_CHANGE,Management disclosed strategic change with positive implications.,195,0.925,POSITIVE,LOW,LOW,VALIDATED,Quote verified and confidence >= 0.70.
NVDA,0001045810-23-000017,STRATEGIC_CHANGE,Disclosed favorable trend or increase relating to strategic change.,1484,0.925,NEGATIVE,MEDIUM,MEDIUM,VALIDATED,Quote verified and confidence >= 0.70.
NVDA,0001045810-23-000017,MARGIN_PRESSURE,Management disclosed margin pressure with neutral implications.,85,0.925,NEUTRAL,LOW,LOW,VALIDATED,Quote verified and confidence >= 0.70.
NVDA,0001045810-23-000017,LITIGATION_RISK,Management disclosed litigation risk with neutral implications.,198,0.925,NEUTRAL,LOW,LOW,VALIDATED,Quote verified and confidence >= 0.70.
NVDA,0001045810-23-000017,LIQUIDITY_RISK,Management disclosed liquidity risk with neutral implications.,185,0.925,NEUTRAL,LOW,LOW,VALIDATED,Quote verified and confidence >= 0.70.
NVDA,0001045810-23-000017,STRATEGIC_CHANGE,Management disclosed strategic change with neutral implications.,152,0.925,NEUTRAL,LOW,LOW,VALIDATED,Quote verified and confidence >= 0.70.
NVDA,0001045810-23-000017,CAPITAL_ALLOCATION_CHANGE,Management disclosed capital allocation change with neutral implications.,351,0.925,NEUTRAL,LOW,LOW,VALIDATED,Quote verified and confidence >= 0.70.
NVDA,0001045810-23-000017,CAPITAL_ALLOCATION_CHANGE,Management disclosed capital allocation change with neutral implications.,80,0.925,NEUTRAL,LOW,LOW,VALIDATED,Quote verified and confidence >= 0.70.
NVDA,0001045810-23-000017,MARGIN_PRESSURE,Management disclosed margin pressure with neutral implications.,195,0.925,NEUTRAL,LOW,LOW,VALIDATED,Quote verified and confidence >= 0.70.
NVDA,0001045810-23-000017,MARGIN_PRESSURE,Disclosed favorable trend or increase relating to margin pressure.,287,0.925,POSITIVE,LOW,LOW,VALIDATED,Quote verified and confidence >= 0.70.
NVDA,0001045810-23-000017,CAPITAL_ALLOCATION_CHANGE,Disclosed favorable trend or increase relating to capital allocation change.,241,0.925,POSITIVE,LOW,LOW,VALIDATED,Quote verified and confidence >= 0.70.
NVDA,0001045810-23-000017,LIQUIDITY_RISK,Management disclosed liquidity risk with neutral implications.,132,0.97,NEUTRAL,LOW,LOW,VALIDATED,Quote verified and confidence >= 0.70.
NVDA,0001045810-23-000017,CAPITAL_ALLOCATION_CHANGE,Management disclosed capital allocation change with neutral implications.,150,0.925,NEUTRAL,LOW,HIGH,VALIDATED,Quote verified and confidence >= 0.70.
NVDA,0001045810-23-000017,LIQUIDITY_RISK,Management disclosed liquidity risk with neutral implications.,547,0.97,NEUTRAL,LOW,HIGH,VALIDATED,Quote verified and confidence >= 0.70.
NVDA,0001045810-23-000017,LIQUIDITY_RISK,Disclosed favorable trend or increase relating to liquidity risk.,163,0.925,POSITIVE,LOW,LOW,VALIDATED,Quote verified and confidence >= 0.70.
INTC,0000050863-24-000010,LITIGATION_RISK,Management disclosed litigation risk with neutral implications.,152,0.925,NEUTRAL,LOW,LOW,VALIDATED,Quote verified and confidence >= 0.70.
INTC,0000050863-24-000010,LIQUIDITY_RISK,Identified operational or financial risk affecting liquidity risk.,1316,0.925,NEGATIVE,CRITICAL,HIGH,VALIDATED,Quote verified and confidence >= 0.70.
INTC,0000050863-23-000006,LITIGATION_RISK,Identified operational or financial risk affecting litigation risk.,366,0.925,NEGATIVE,LOW,LOW,VALIDATED,Quote verified and confidence >= 0.70.
INTC,0000050863-23-000006,LIQUIDITY_RISK,Identified operational or financial risk affecting liquidity risk.,385,0.925,NEGATIVE,CRITICAL,HIGH,VALIDATED,Quote verified and confidence >= 0.70.
CSCO,0000858877-24-000017,LITIGATION_RISK,Management disclosed litigation risk with neutral implications.,314,1.0,NEUTRAL,LOW,LOW,VALIDATED,Quote verified and confidence >= 0.70.
CSCO,0000858877-24-000017,REGULATORY_RISK,Management disclosed regulatory risk with neutral implications.,513,0.985,NEUTRAL,HIGH,MEDIUM,VALIDATED,Quote verified and confidence >= 0.70.
CSCO,0000858877-24-000017,CAPITAL_ALLOCATION_CHANGE,Management disclosed capital allocation change with neutral implications.,174,0.925,NEUTRAL,LOW,LOW,VALIDATED,Quote verified and confidence >= 0.70.
CSCO,0000858877-24-000017,MANAGEMENT_OUTLOOK,Management disclosed management outlook with neutral implications.,289,1.0,NEUTRAL,LOW,LOW,VALIDATED,Quote verified and confidence >= 0.70.
CSCO,0000858877-24-000017,MARGIN_PRESSURE,Management disclosed margin pressure with negative implications.,1014,1.0,NEGATIVE,LOW,LOW,VALIDATED,Quote verified and confidence >= 0.70.
CSCO,0000858877-24-000017,STRATEGIC_CHANGE,Management disclosed strategic change with neutral implications.,58,0.92,NEUTRAL,LOW,LOW,VALIDATED,Quote verified and confidence >= 0.70.
CSCO,0000858877-24-000017,DEMAND_UNCERTAINTY,Disclosed downward pressure or decrease relating to demand uncertainty.,239,0.985,NEGATIVE,LOW,LOW,VALIDATED,Quote verified and confidence >= 0.70.
CSCO,0000858877-24-000017,MARGIN_PRESSURE,Disclosed favorable trend or increase relating to margin pressure.,196,1.0,POSITIVE,LOW,LOW,VALIDATED,Quote verified and confidence >= 0.70.
CSCO,0000858877-24-000017,STRATEGIC_CHANGE,Management disclosed strategic change with neutral implications.,67,0.92,NEUTRAL,LOW,LOW,VALIDATED,Quote verified and confidence >= 0.70.
CSCO,0000858877-24-000017,MARGIN_PRESSURE,Disclosed favorable trend or increase relating to margin pressure.,171,1.0,POSITIVE,LOW,LOW,VALIDATED,Quote verified and confidence >= 0.70.
CSCO,0000858877-24-000017,CAPITAL_ALLOCATION_CHANGE,Management disclosed capital allocation change with neutral implications.,534,0.925,NEUTRAL,LOW,LOW,VALIDATED,Quote verified and confidence >= 0.70.
CSCO,0000858877-24-000017,GUIDANCE_DIRECTION,Management disclosed guidance direction with neutral implications.,215,0.925,NEUTRAL,LOW,LOW,VALIDATED,Quote verified and confidence >= 0.70.
CSCO,0000858877-24-000017,GUIDANCE_DIRECTION,Management disclosed guidance direction with neutral implications.,210,0.925,NEUTRAL,LOW,LOW,VALIDATED,Quote verified and confidence >= 0.70.
CSCO,0000858877-24-000017,GUIDANCE_DIRECTION,Management disclosed guidance direction with neutral implications.,244,0.925,NEUTRAL,LOW,LOW,VALIDATED,Quote verified and confidence >= 0.70.
CSCO,0000858877-24-000017,DEMAND_UNCERTAINTY,Management disclosed demand uncertainty with neutral implications.,116,0.925,NEUTRAL,LOW,LOW,VALIDATED,Quote verified and confidence >= 0.70.
CSCO,0000858877-24-000017,SUPPLY_CHAIN_RISK,Management disclosed supply chain risk with neutral implications.,200,0.925,NEUTRAL,LOW,HIGH,VALIDATED,Quote verified and confidence >= 0.70.
CSCO,0000858877-24-000017,LITIGATION_RISK,Management disclosed litigation risk with negative implications.,264,0.925,NEGATIVE,LOW,LOW,VALIDATED,Quote verified and confidence >= 0.70.
CSCO,0000858877-24-000017,MATERIAL_BUSINESS_CHANGE,Management disclosed material business change with negative implications.,159,0.925,NEGATIVE,LOW,LOW,VALIDATED,Quote verified and confidence >= 0.70.
CSCO,0000858877-24-000017,MATERIAL_BUSINESS_CHANGE,Disclosed downward pressure or decrease relating to material business change.,314,0.925,NEGATIVE,LOW,LOW,VALIDATED,Quote verified and confidence >= 0.70.
CSCO,0000858877-24-000017,MATERIAL_BUSINESS_CHANGE,Management disclosed material business change with negative implications.,174,0.925,NEGATIVE,LOW,LOW,VALIDATED,Quote verified and confidence >= 0.70.
CSCO,0000858877-24-000017,REGULATORY_RISK,Management disclosed regulatory risk with neutral implications.,87,0.925,NEUTRAL,LOW,LOW,VALIDATED,Quote verified and confidence >= 0.70.
CSCO,0000858877-24-000017,DEMAND_UNCERTAINTY,Identified operational or financial risk affecting demand uncertainty.,1106,0.925,NEGATIVE,LOW,LOW,VALIDATED,Quote verified and confidence >= 0.70.
CSCO,0000858877-24-000017,REGULATORY_RISK,Management disclosed regulatory risk with neutral implications.,333,0.925,NEUTRAL,LOW,LOW,VALIDATED,Quote verified and confidence >= 0.70.
CSCO,0000858877-24-000017,STRATEGIC_CHANGE,Management disclosed strategic change with neutral implications.,109,0.925,NEUTRAL,LOW,HIGH,VALIDATED,Quote verified and confidence >= 0.70.
CSCO,0000858877-24-000017,STRATEGIC_CHANGE,Management disclosed strategic change with neutral implications.,106,0.925,NEUTRAL,LOW,HIGH,VALIDATED,Quote verified and confidence >= 0.70.
CSCO,0000858877-24-000017,MARGIN_PRESSURE,Management disclosed margin pressure with neutral implications.,434,0.925,NEUTRAL,LOW,LOW,VALIDATED,Quote verified and confidence >= 0.70.
CSCO,0000858877-24-000017,REGULATORY_RISK,Management disclosed regulatory risk with negative implications.,130,0.925,NEGATIVE,LOW,LOW,VALIDATED,Quote verified and confidence >= 0.70.
CSCO,0000858877-24-000017,LIQUIDITY_RISK,Management disclosed liquidity risk with neutral implications.,403,0.925,NEUTRAL,LOW,LOW,VALIDATED,Quote verified and confidence >= 0.70.
CSCO,0000858877-24-000017,CAPITAL_ALLOCATION_CHANGE,Disclosed downward pressure or decrease relating to capital allocation change.,457,0.925,NEGATIVE,LOW,HIGH,VALIDATED,Quote verified and confidence >= 0.70.
CSCO,0000858877-24-000017,CAPITAL_ALLOCATION_CHANGE,Management disclosed capital allocation change with positive implications.,349,0.925,POSITIVE,LOW,LOW,VALIDATED,Quote verified and confidence >= 0.70.
CSCO,0000858877-24-000017,GUIDANCE_DIRECTION,Management disclosed guidance direction with neutral implications.,468,0.925,NEUTRAL,LOW,LOW,VALIDATED,Quote verified and confidence >= 0.70.
CSCO,0000858877-24-000017,SUPPLY_CHAIN_RISK,Management disclosed supply chain risk with neutral implications.,185,0.925,NEUTRAL,LOW,LOW,VALIDATED,Quote verified and confidence >= 0.70.
CSCO,0000858877-24-000017,SUPPLY_CHAIN_RISK,Disclosed favorable trend or increase relating to supply chain risk.,94,0.925,MIXED,LOW,LOW,VALIDATED,Quote verified and confidence >= 0.70.
CSCO,0000858877-24-000017,SUPPLY_CHAIN_RISK,Management disclosed supply chain risk with neutral implications.,162,0.925,NEUTRAL,LOW,LOW,VALIDATED,Quote verified and confidence >= 0.70.
CSCO,0000858877-24-000017,LIQUIDITY_RISK,Management disclosed liquidity risk with neutral implications.,134,0.925,NEUTRAL,LOW,HIGH,VALIDATED,Quote verified and confidence >= 0.70.
CSCO,0000858877-24-000017,LIQUIDITY_RISK,Management disclosed liquidity risk with neutral implications.,210,0.925,NEUTRAL,LOW,LOW,VALIDATED,Quote verified and confidence >= 0.70.
CSCO,0000858877-24-000017,LIQUIDITY_RISK,Management disclosed liquidity risk with neutral implications.,844,0.925,NEUTRAL,LOW,LOW,VALIDATED,Quote verified and confidence >= 0.70.
CSCO,0000858877-24-000017,DEMAND_UNCERTAINTY,Identified operational or financial risk affecting demand uncertainty.,139,0.925,NEGATIVE,LOW,LOW,VALIDATED,Quote verified and confidence >= 0.70.
CSCO,0000858877-24-000017,LITIGATION_RISK,Management disclosed litigation risk with neutral implications.,488,0.985,NEUTRAL,LOW,HIGH,VALIDATED,Quote verified and confidence >= 0.70.
CSCO,0000858877-24-000017,LITIGATION_RISK,Management disclosed litigation risk with neutral implications.,199,0.985,NEUTRAL,LOW,LOW,VALIDATED,Quote verified and confidence >= 0.70.
CSCO,0000858877-23-000023,LITIGATION_RISK,Management disclosed litigation risk with neutral implications.,314,1.0,NEUTRAL,LOW,LOW,VALIDATED,Quote verified and confidence >= 0.70.
CSCO,0000858877-23-000023,REGULATORY_RISK,Management disclosed regulatory risk with neutral implications.,513,0.985,NEUTRAL,HIGH,MEDIUM,VALIDATED,Quote verified and confidence >= 0.70.
CSCO,0000858877-23-000023,CAPITAL_ALLOCATION_CHANGE,Management disclosed capital allocation change with neutral implications.,174,0.925,NEUTRAL,LOW,LOW,VALIDATED,Quote verified and confidence >= 0.70.
CSCO,0000858877-23-000023,MANAGEMENT_OUTLOOK,Management disclosed management outlook with neutral implications.,289,1.0,NEUTRAL,LOW,LOW,VALIDATED,Quote verified and confidence >= 0.70.
CSCO,0000858877-23-000023,MARGIN_PRESSURE,Management disclosed margin pressure with negative implications.,955,1.0,NEGATIVE,LOW,LOW,VALIDATED,Quote verified and confidence >= 0.70.
CSCO,0000858877-23-000023,SUPPLY_CHAIN_RISK,Management disclosed supply chain risk with neutral implications.,133,0.925,NEUTRAL,LOW,LOW,VALIDATED,Quote verified and confidence >= 0.70.
CSCO,0000858877-23-000023,MARGIN_PRESSURE,Disclosed favorable trend or increase relating to margin pressure.,174,1.0,POSITIVE,LOW,LOW,VALIDATED,Quote verified and confidence >= 0.70.
CSCO,0000858877-23-000023,MARGIN_PRESSURE,Disclosed favorable trend or increase relating to margin pressure.,203,1.0,POSITIVE,LOW,LOW,VALIDATED,Quote verified and confidence >= 0.70.
CSCO,0000858877-23-000023,CAPITAL_ALLOCATION_CHANGE,Management disclosed capital allocation change with neutral implications.,821,0.925,NEUTRAL,CRITICAL,HIGH,VALIDATED,Quote verified and confidence >= 0.70.
CSCO,0000858877-23-000023,GUIDANCE_DIRECTION,Management disclosed guidance direction with neutral implications.,215,0.925,NEUTRAL,LOW,LOW,VALIDATED,Quote verified and confidence >= 0.70.
CSCO,0000858877-23-000023,GUIDANCE_DIRECTION,Management disclosed guidance direction with neutral implications.,210,0.925,NEUTRAL,LOW,LOW,VALIDATED,Quote verified and confidence >= 0.70.
CSCO,0000858877-23-000023,GUIDANCE_DIRECTION,Management disclosed guidance direction with neutral implications.,244,0.925,NEUTRAL,LOW,LOW,VALIDATED,Quote verified and confidence >= 0.70.
CSCO,0000858877-23-000023,DEMAND_UNCERTAINTY,Management disclosed demand uncertainty with neutral implications.,116,0.925,NEUTRAL,LOW,LOW,VALIDATED,Quote verified and confidence >= 0.70.
CSCO,0000858877-23-000023,SUPPLY_CHAIN_RISK,Management disclosed supply chain risk with neutral implications.,199,0.925,NEUTRAL,LOW,HIGH,VALIDATED,Quote verified and confidence >= 0.70.
CSCO,0000858877-23-000023,LITIGATION_RISK,Management disclosed litigation risk with negative implications.,264,0.925,NEGATIVE,LOW,LOW,VALIDATED,Quote verified and confidence >= 0.70.
CSCO,0000858877-23-000023,MATERIAL_BUSINESS_CHANGE,Management disclosed material business change with negative implications.,159,0.925,NEGATIVE,LOW,LOW,VALIDATED,Quote verified and confidence >= 0.70.
CSCO,0000858877-23-000023,MATERIAL_BUSINESS_CHANGE,Disclosed downward pressure or decrease relating to material business change.,314,0.925,NEGATIVE,LOW,LOW,VALIDATED,Quote verified and confidence >= 0.70.
CSCO,0000858877-23-000023,MATERIAL_BUSINESS_CHANGE,Management disclosed material business change with negative implications.,158,0.925,NEGATIVE,LOW,LOW,VALIDATED,Quote verified and confidence >= 0.70.
CSCO,0000858877-23-000023,DEMAND_UNCERTAINTY,Identified operational or financial risk affecting demand uncertainty.,1009,0.925,NEGATIVE,LOW,LOW,VALIDATED,Quote verified and confidence >= 0.70.
CSCO,0000858877-23-000023,REGULATORY_RISK,Management disclosed regulatory risk with neutral implications.,254,0.925,NEUTRAL,LOW,LOW,VALIDATED,Quote verified and confidence >= 0.70.
CSCO,0000858877-23-000023,MARGIN_PRESSURE,Management disclosed margin pressure with neutral implications.,716,0.925,NEUTRAL,LOW,LOW,VALIDATED,Quote verified and confidence >= 0.70.
CSCO,0000858877-23-000023,SUPPLY_CHAIN_RISK,Management disclosed supply chain risk with neutral implications.,210,0.925,NEUTRAL,LOW,LOW,VALIDATED,Quote verified and confidence >= 0.70.
CSCO,0000858877-23-000023,STRATEGIC_CHANGE,Disclosed favorable trend or increase relating to strategic change.,622,0.925,POSITIVE,LOW,LOW,VALIDATED,Quote verified and confidence >= 0.70.
CSCO,0000858877-23-000023,STRATEGIC_CHANGE,Disclosed favorable trend or increase relating to strategic change.,318,0.925,POSITIVE,LOW,LOW,VALIDATED,Quote verified and confidence >= 0.70.
CSCO,0000858877-23-000023,STRATEGIC_CHANGE,Management disclosed strategic change with neutral implications.,232,0.925,NEUTRAL,LOW,LOW,VALIDATED,Quote verified and confidence >= 0.70.
CSCO,0000858877-23-000023,REGULATORY_RISK,Disclosed downward pressure or decrease relating to regulatory risk.,457,0.925,NEGATIVE,LOW,LOW,VALIDATED,Quote verified and confidence >= 0.70.
CSCO,0000858877-23-000023,CAPITAL_ALLOCATION_CHANGE,Disclosed downward pressure or decrease relating to capital allocation change.,349,0.925,NEGATIVE,LOW,HIGH,VALIDATED,Quote verified and confidence >= 0.70.
CSCO,0000858877-23-000023,CAPITAL_ALLOCATION_CHANGE,Management disclosed capital allocation change with positive implications.,349,0.925,POSITIVE,LOW,LOW,VALIDATED,Quote verified and confidence >= 0.70.
CSCO,0000858877-23-000023,STRATEGIC_CHANGE,Management disclosed strategic change with neutral implications.,119,0.925,NEUTRAL,LOW,LOW,VALIDATED,Quote verified and confidence >= 0.70.
CSCO,0000858877-23-000023,GUIDANCE_DIRECTION,Management disclosed guidance direction with neutral implications.,518,0.925,NEUTRAL,LOW,LOW,VALIDATED,Quote verified and confidence >= 0.70.
CSCO,0000858877-23-000023,LIQUIDITY_RISK,Management disclosed liquidity risk with neutral implications.,223,0.925,NEUTRAL,LOW,HIGH,VALIDATED,Quote verified and confidence >= 0.70.
CSCO,0000858877-23-000023,LIQUIDITY_RISK,Disclosed favorable trend or increase relating to liquidity risk.,312,0.925,POSITIVE,LOW,HIGH,VALIDATED,Quote verified and confidence >= 0.70.
CSCO,0000858877-23-000023,LIQUIDITY_RISK,Management disclosed liquidity risk with neutral implications.,210,0.925,NEUTRAL,LOW,LOW,VALIDATED,Quote verified and confidence >= 0.70.
CSCO,0000858877-23-000023,DEMAND_UNCERTAINTY,Management disclosed demand uncertainty with neutral implications.,213,0.925,NEUTRAL,LOW,LOW,VALIDATED,Quote verified and confidence >= 0.70.
CSCO,0000858877-23-000023,LIQUIDITY_RISK,Management disclosed liquidity risk with neutral implications.,844,0.925,NEUTRAL,LOW,LOW,VALIDATED,Quote verified and confidence >= 0.70.
CSCO,0000858877-23-000023,DEMAND_UNCERTAINTY,Identified operational or financial risk affecting demand uncertainty.,139,0.925,NEGATIVE,LOW,LOW,VALIDATED,Quote verified and confidence >= 0.70.
CSCO,0000858877-23-000023,LITIGATION_RISK,Management disclosed litigation risk with neutral implications.,500,0.985,NEUTRAL,LOW,HIGH,VALIDATED,Quote verified and confidence >= 0.70.
CSCO,0000858877-23-000023,LITIGATION_RISK,Management disclosed litigation risk with neutral implications.,199,0.985,NEUTRAL,LOW,LOW,VALIDATED,Quote verified and confidence >= 0.70.
CSCO,0000858877-23-000023,REGULATORY_RISK,Management disclosed regulatory risk with positive implications.,584,1.0,POSITIVE,LOW,LOW,VALIDATED,Quote verified and confidence >= 0.70.
JNJ,0000200406-24-000013,SUPPLY_CHAIN_RISK,Management disclosed supply chain risk with negative implications.,315,0.925,NEGATIVE,LOW,LOW,VALIDATED,Quote verified and confidence >= 0.70.
JNJ,0000200406-24-000013,LITIGATION_RISK,Management disclosed litigation risk with neutral implications.,338,0.925,NEUTRAL,LOW,LOW,VALIDATED,Quote verified and confidence >= 0.70.
JNJ,0000200406-24-000013,REGULATORY_RISK,Management disclosed regulatory risk with neutral implications.,148,0.925,NEUTRAL,LOW,LOW,VALIDATED,Quote verified and confidence >= 0.70.
JNJ,0000200406-24-000013,REGULATORY_RISK,Disclosed favorable trend or increase relating to regulatory risk.,266,0.925,POSITIVE,HIGH,MEDIUM,VALIDATED,Quote verified and confidence >= 0.70.
JNJ,0000200406-24-000013,REGULATORY_RISK,Management disclosed regulatory risk with neutral implications.,74,0.875,NEUTRAL,LOW,LOW,VALIDATED,Quote verified and confidence >= 0.70.
JNJ,0000200406-24-000013,LITIGATION_RISK,Management disclosed litigation risk with negative implications.,296,0.925,NEGATIVE,LOW,LOW,VALIDATED,Quote verified and confidence >= 0.70.
JNJ,0000200406-24-000013,LITIGATION_RISK,Management disclosed litigation risk with negative implications.,32,0.825,NEGATIVE,LOW,LOW,VALIDATED,Quote verified and confidence >= 0.70.
JNJ,0000200406-24-000013,REGULATORY_RISK,Identified operational or financial risk affecting regulatory risk.,284,0.925,NEGATIVE,HIGH,MEDIUM,VALIDATED,Quote verified and confidence >= 0.70.
JNJ,0000200406-24-000013,COMPETITIVE_PRESSURE,Management disclosed competitive pressure with positive implications.,142,0.925,POSITIVE,LOW,LOW,VALIDATED,Quote verified and confidence >= 0.70.
JNJ,0000200406-24-000013,MARGIN_PRESSURE,Disclosed favorable trend or increase relating to margin pressure.,229,0.925,POSITIVE,LOW,MEDIUM,VALIDATED,Quote verified and confidence >= 0.70.
JNJ,0000200406-24-000013,DEMAND_UNCERTAINTY,Disclosed favorable trend or increase relating to demand uncertainty.,350,0.925,MIXED,HIGH,MEDIUM,VALIDATED,Quote verified and confidence >= 0.70.
JNJ,0000200406-24-000013,LIQUIDITY_RISK,Identified operational or financial risk affecting liquidity risk.,223,0.925,NEGATIVE,HIGH,MEDIUM,VALIDATED,Quote verified and confidence >= 0.70.
JNJ,0000200406-24-000013,SUPPLY_CHAIN_RISK,Management disclosed supply chain risk with neutral implications.,423,0.925,NEUTRAL,LOW,LOW,VALIDATED,Quote verified and confidence >= 0.70.
JNJ,0000200406-24-000013,GUIDANCE_DIRECTION,Disclosed favorable trend or increase relating to guidance direction.,285,0.925,MIXED,LOW,LOW,VALIDATED,Quote verified and confidence >= 0.70.
JNJ,0000200406-24-000013,STRATEGIC_CHANGE,Management disclosed strategic change with positive implications.,142,0.925,POSITIVE,LOW,LOW,VALIDATED,Quote verified and confidence >= 0.70.
JNJ,0000200406-24-000013,LITIGATION_RISK,Management disclosed litigation risk with neutral implications.,237,1.0,NEUTRAL,LOW,LOW,VALIDATED,Quote verified and confidence >= 0.70.
JNJ,0000200406-24-000013,LIQUIDITY_RISK,Identified operational or financial risk affecting liquidity risk.,326,0.925,NEGATIVE,HIGH,MEDIUM,VALIDATED,Quote verified and confidence >= 0.70.
JNJ,0000200406-23-000016,GUIDANCE_DIRECTION,Identified operational or financial risk affecting guidance direction.,1918,0.925,NEGATIVE,LOW,LOW,VALIDATED,Quote verified and confidence >= 0.70.
JNJ,0000200406-23-000016,LITIGATION_RISK,Management disclosed litigation risk with neutral implications.,258,0.925,NEUTRAL,HIGH,MEDIUM,VALIDATED,Quote verified and confidence >= 0.70.
JNJ,0000200406-23-000016,COMPETITIVE_PRESSURE,Management disclosed competitive pressure with neutral implications.,222,0.925,NEUTRAL,LOW,LOW,VALIDATED,Quote verified and confidence >= 0.70.
JNJ,0000200406-23-000016,COMPETITIVE_PRESSURE,Management disclosed competitive pressure with neutral implications.,114,0.925,NEUTRAL,LOW,LOW,VALIDATED,Quote verified and confidence >= 0.70.
JNJ,0000200406-23-000016,REGULATORY_RISK,Disclosed favorable trend or increase relating to regulatory risk.,197,0.925,POSITIVE,LOW,LOW,VALIDATED,Quote verified and confidence >= 0.70.
JNJ,0000200406-23-000016,REGULATORY_RISK,Management disclosed regulatory risk with neutral implications.,126,0.925,NEUTRAL,LOW,LOW,VALIDATED,Quote verified and confidence >= 0.70.
JNJ,0000200406-23-000016,REGULATORY_RISK,Management disclosed regulatory risk with neutral implications.,229,0.925,NEUTRAL,CRITICAL,HIGH,VALIDATED,Quote verified and confidence >= 0.70.
JNJ,0000200406-23-000016,REGULATORY_RISK,Management disclosed regulatory risk with neutral implications.,146,0.925,NEUTRAL,LOW,LOW,VALIDATED,Quote verified and confidence >= 0.70.
JNJ,0000200406-23-000016,GUIDANCE_DIRECTION,Management disclosed guidance direction with neutral implications.,164,0.925,NEUTRAL,LOW,LOW,VALIDATED,Quote verified and confidence >= 0.70.
JNJ,0000200406-23-000016,GUIDANCE_DIRECTION,Management disclosed guidance direction with neutral implications.,290,0.925,NEUTRAL,LOW,LOW,VALIDATED,Quote verified and confidence >= 0.70.
JNJ,0000200406-23-000016,COMPETITIVE_PRESSURE,Management disclosed competitive pressure with positive implications.,141,0.925,POSITIVE,LOW,LOW,VALIDATED,Quote verified and confidence >= 0.70.
JNJ,0000200406-23-000016,COMPETITIVE_PRESSURE,Identified operational or financial risk affecting competitive pressure.,199,0.97,NEGATIVE,HIGH,MEDIUM,VALIDATED,Quote verified and confidence >= 0.70.
JNJ,0000200406-23-000016,SUPPLY_CHAIN_RISK,Management disclosed supply chain risk with neutral implications.,128,0.985,NEUTRAL,LOW,LOW,VALIDATED,Quote verified and confidence >= 0.70.
JNJ,0000200406-23-000016,DEMAND_UNCERTAINTY,Identified operational or financial risk affecting demand uncertainty.,261,0.97,NEGATIVE,LOW,LOW,VALIDATED,Quote verified and confidence >= 0.70.
JNJ,0000200406-23-000016,SUPPLY_CHAIN_RISK,Identified operational or financial risk affecting supply chain risk.,251,0.985,NEGATIVE,LOW,LOW,VALIDATED,Quote verified and confidence >= 0.70.
JNJ,0000200406-23-000016,SUPPLY_CHAIN_RISK,Identified operational or financial risk affecting supply chain risk.,2052,0.985,NEGATIVE,HIGH,MEDIUM,VALIDATED,Quote verified and confidence >= 0.70.
JNJ,0000200406-23-000016,LITIGATION_RISK,Management disclosed litigation risk with neutral implications.,338,0.985,NEUTRAL,LOW,LOW,VALIDATED,Quote verified and confidence >= 0.70.
JNJ,0000200406-23-000016,LITIGATION_RISK,Management disclosed litigation risk with negative implications.,296,0.985,NEGATIVE,LOW,LOW,VALIDATED,Quote verified and confidence >= 0.70.
JNJ,0000200406-23-000016,LITIGATION_RISK,Management disclosed litigation risk with negative implications.,32,0.885,NEGATIVE,LOW,LOW,VALIDATED,Quote verified and confidence >= 0.70.
JNJ,0000200406-23-000016,MARGIN_PRESSURE,Disclosed favorable trend or increase relating to margin pressure.,229,0.925,POSITIVE,LOW,MEDIUM,VALIDATED,Quote verified and confidence >= 0.70.
JNJ,0000200406-23-000016,LIQUIDITY_RISK,Identified operational or financial risk affecting liquidity risk.,151,0.97,NEGATIVE,HIGH,MEDIUM,VALIDATED,Quote verified and confidence >= 0.70.
JNJ,0000200406-23-000016,SUPPLY_CHAIN_RISK,Management disclosed supply chain risk with neutral implications.,227,0.985,NEUTRAL,LOW,LOW,VALIDATED,Quote verified and confidence >= 0.70.
JNJ,0000200406-23-000016,DEMAND_UNCERTAINTY,Disclosed favorable trend or increase relating to demand uncertainty.,424,0.97,NEGATIVE,HIGH,MEDIUM,VALIDATED,Quote verified and confidence >= 0.70.
JNJ,0000200406-23-000016,GUIDANCE_DIRECTION,Identified operational or financial risk affecting guidance direction.,260,0.925,NEGATIVE,LOW,LOW,VALIDATED,Quote verified and confidence >= 0.70.
JNJ,0000200406-23-000016,LIQUIDITY_RISK,Identified operational or financial risk affecting liquidity risk.,329,0.925,NEGATIVE,HIGH,MEDIUM,VALIDATED,Quote verified and confidence >= 0.70.
PFE,0000078003-24-000039,LITIGATION_RISK,Management disclosed litigation risk with neutral implications.,103,1.0,NEUTRAL,LOW,LOW,VALIDATED,Quote verified and confidence >= 0.70.
PFE,0000078003-24-000039,REGULATORY_RISK,Management disclosed regulatory risk with neutral implications.,98,0.985,NEUTRAL,LOW,LOW,VALIDATED,Quote verified and confidence >= 0.70.
PFE,0000078003-24-000039,SUPPLY_CHAIN_RISK,Management disclosed supply chain risk with neutral implications.,93,0.925,NEUTRAL,LOW,LOW,VALIDATED,Quote verified and confidence >= 0.70.
PFE,0000078003-24-000039,CAPITAL_ALLOCATION_CHANGE,Management disclosed capital allocation change with neutral implications.,422,0.925,NEUTRAL,LOW,LOW,VALIDATED,Quote verified and confidence >= 0.70.
PFE,0000078003-24-000039,GUIDANCE_DIRECTION,Disclosed downward pressure or decrease relating to guidance direction.,777,1.0,NEGATIVE,LOW,HIGH,VALIDATED,Quote verified and confidence >= 0.70.
PFE,0000078003-24-000039,GUIDANCE_DIRECTION,Management disclosed guidance direction with positive implications.,215,1.0,POSITIVE,CRITICAL,HIGH,VALIDATED,Quote verified and confidence >= 0.70.
PFE,0000078003-24-000039,MARGIN_PRESSURE,Management disclosed margin pressure with positive implications.,232,1.0,POSITIVE,LOW,LOW,VALIDATED,Quote verified and confidence >= 0.70.
PFE,0000078003-24-000039,STRATEGIC_CHANGE,Management disclosed strategic change with neutral implications.,185,0.97,NEUTRAL,LOW,LOW,VALIDATED,Quote verified and confidence >= 0.70.
PFE,0000078003-24-000039,DEMAND_UNCERTAINTY,Disclosed favorable trend or increase relating to demand uncertainty.,450,0.985,POSITIVE,LOW,LOW,VALIDATED,Quote verified and confidence >= 0.70.
PFE,0000078003-24-000039,STRATEGIC_CHANGE,Disclosed favorable trend or increase relating to strategic change.,673,0.97,NEGATIVE,LOW,HIGH,VALIDATED,Quote verified and confidence >= 0.70.
PFE,0000078003-24-000039,REGULATORY_RISK,Management disclosed regulatory risk with neutral implications.,69,0.875,NEUTRAL,LOW,LOW,VALIDATED,Quote verified and confidence >= 0.70.
PFE,0000078003-24-000039,REGULATORY_RISK,Management disclosed regulatory risk with neutral implications.,121,0.925,NEUTRAL,LOW,LOW,VALIDATED,Quote verified and confidence >= 0.70.
PFE,0000078003-24-000039,LITIGATION_RISK,Management disclosed litigation risk with negative implications.,290,0.925,NEGATIVE,HIGH,MEDIUM,VALIDATED,Quote verified and confidence >= 0.70.
PFE,0000078003-24-000039,REGULATORY_RISK,Management disclosed regulatory risk with negative implications.,350,0.925,NEGATIVE,LOW,LOW,VALIDATED,Quote verified and confidence >= 0.70.
PFE,0000078003-24-000039,GUIDANCE_DIRECTION,Management disclosed guidance direction with neutral implications.,121,1.0,NEUTRAL,LOW,LOW,VALIDATED,Quote verified and confidence >= 0.70.
PFE,0000078003-24-000039,SUPPLY_CHAIN_RISK,Management disclosed supply chain risk with negative implications.,495,0.925,NEGATIVE,HIGH,MEDIUM,VALIDATED,Quote verified and confidence >= 0.70.
PFE,0000078003-24-000039,DEMAND_UNCERTAINTY,Management disclosed demand uncertainty with negative implications.,1017,0.985,NEGATIVE,LOW,MEDIUM,VALIDATED,Quote verified and confidence >= 0.70.
PFE,0000078003-24-000039,GUIDANCE_DIRECTION,Management disclosed guidance direction with neutral implications.,291,1.0,NEUTRAL,LOW,LOW,VALIDATED,Quote verified and confidence >= 0.70.
PFE,0000078003-24-000039,SUPPLY_CHAIN_RISK,Identified operational or financial risk affecting supply chain risk.,681,0.925,NEGATIVE,HIGH,MEDIUM,VALIDATED,Quote verified and confidence >= 0.70.
PFE,0000078003-24-000039,MATERIAL_BUSINESS_CHANGE,Management disclosed material business change with mixed implications.,471,0.925,MIXED,CRITICAL,HIGH,VALIDATED,Quote verified and confidence >= 0.70.
PFE,0000078003-24-000039,STRATEGIC_CHANGE,Management disclosed strategic change with neutral implications.,236,0.97,NEUTRAL,LOW,LOW,VALIDATED,Quote verified and confidence >= 0.70.
PFE,0000078003-24-000039,STRATEGIC_CHANGE,Management disclosed strategic change with neutral implications.,325,0.97,NEUTRAL,LOW,LOW,VALIDATED,Quote verified and confidence >= 0.70.
PFE,0000078003-24-000039,LITIGATION_RISK,Identified operational or financial risk affecting litigation risk.,253,0.925,NEGATIVE,HIGH,MEDIUM,VALIDATED,Quote verified and confidence >= 0.70.
PFE,0000078003-24-000039,MATERIAL_BUSINESS_CHANGE,Management disclosed material business change with negative implications.,179,0.925,NEGATIVE,LOW,LOW,VALIDATED,Quote verified and confidence >= 0.70.
PFE,0000078003-24-000039,MATERIAL_BUSINESS_CHANGE,Identified operational or financial risk affecting material business change.,298,0.925,NEGATIVE,LOW,HIGH,VALIDATED,Quote verified and confidence >= 0.70.
PFE,0000078003-24-000039,LIQUIDITY_RISK,Identified operational or financial risk affecting liquidity risk.,133,0.925,NEGATIVE,LOW,LOW,VALIDATED,Quote verified and confidence >= 0.70.
PFE,0000078003-24-000039,COMPETITIVE_PRESSURE,Disclosed favorable trend or increase relating to competitive pressure.,275,0.925,POSITIVE,LOW,LOW,VALIDATED,Quote verified and confidence >= 0.70.
PFE,0000078003-24-000039,COMPETITIVE_PRESSURE,Management disclosed competitive pressure with neutral implications.,53,0.875,NEUTRAL,LOW,LOW,VALIDATED,Quote verified and confidence >= 0.70.
PFE,0000078003-24-000039,DEMAND_UNCERTAINTY,Management disclosed demand uncertainty with positive implications.,410,0.985,POSITIVE,LOW,LOW,VALIDATED,Quote verified and confidence >= 0.70.
PFE,0000078003-24-000039,DEMAND_UNCERTAINTY,Disclosed favorable trend or increase relating to demand uncertainty.,152,0.985,POSITIVE,LOW,LOW,VALIDATED,Quote verified and confidence >= 0.70.
PFE,0000078003-24-000039,MATERIAL_BUSINESS_CHANGE,Management disclosed material business change with negative implications.,307,0.925,NEGATIVE,LOW,HIGH,VALIDATED,Quote verified and confidence >= 0.70.
PFE,0000078003-24-000039,LIQUIDITY_RISK,Management disclosed liquidity risk with neutral implications.,356,0.925,NEUTRAL,LOW,LOW,VALIDATED,Quote verified and confidence >= 0.70.
PFE,0000078003-24-000039,LIQUIDITY_RISK,Management disclosed liquidity risk with neutral implications.,885,0.925,NEUTRAL,LOW,LOW,VALIDATED,Quote verified and confidence >= 0.70.
PFE,0000078003-24-000039,CAPITAL_ALLOCATION_CHANGE,Management disclosed capital allocation change with neutral implications.,51,0.875,NEUTRAL,LOW,LOW,VALIDATED,Quote verified and confidence >= 0.70.
PFE,0000078003-24-000039,LIQUIDITY_RISK,Identified operational or financial risk affecting liquidity risk.,258,0.925,NEGATIVE,LOW,LOW,VALIDATED,Quote verified and confidence >= 0.70.
PFE,0000078003-24-000039,LITIGATION_RISK,Management disclosed litigation risk with neutral implications.,123,0.925,NEUTRAL,LOW,LOW,VALIDATED,Quote verified and confidence >= 0.70.
PFE,0000078003-24-000039,CAPITAL_ALLOCATION_CHANGE,Management disclosed capital allocation change with positive implications.,1352,0.925,POSITIVE,LOW,LOW,VALIDATED,Quote verified and confidence >= 0.70.
PFE,0000078003-24-000039,CAPITAL_ALLOCATION_CHANGE,Management disclosed capital allocation change with negative implications.,483,0.925,NEGATIVE,LOW,LOW,VALIDATED,Quote verified and confidence >= 0.70.
PFE,0000078003-24-000039,COMPETITIVE_PRESSURE,Management disclosed competitive pressure with neutral implications.,90,0.925,NEUTRAL,LOW,LOW,VALIDATED,Quote verified and confidence >= 0.70.
PFE,0000078003-24-000039,COMPETITIVE_PRESSURE,Management disclosed competitive pressure with neutral implications.,132,0.925,NEUTRAL,LOW,LOW,VALIDATED,Quote verified and confidence >= 0.70.
PFE,0000078003-24-000039,SUPPLY_CHAIN_RISK,Management disclosed supply chain risk with neutral implications.,104,0.925,NEUTRAL,LOW,LOW,VALIDATED,Quote verified and confidence >= 0.70.
PFE,0000078003-23-000024,LITIGATION_RISK,Management disclosed litigation risk with neutral implications.,103,1.0,NEUTRAL,LOW,LOW,VALIDATED,Quote verified and confidence >= 0.70.
PFE,0000078003-23-000024,REGULATORY_RISK,Identified operational or financial risk affecting regulatory risk.,97,0.985,NEGATIVE,LOW,LOW,VALIDATED,Quote verified and confidence >= 0.70.
PFE,0000078003-23-000024,SUPPLY_CHAIN_RISK,Management disclosed supply chain risk with neutral implications.,93,0.925,NEUTRAL,LOW,LOW,VALIDATED,Quote verified and confidence >= 0.70.
PFE,0000078003-23-000024,CAPITAL_ALLOCATION_CHANGE,Management disclosed capital allocation change with neutral implications.,423,0.925,NEUTRAL,LOW,LOW,VALIDATED,Quote verified and confidence >= 0.70.
PFE,0000078003-23-000024,GUIDANCE_DIRECTION,Disclosed favorable trend or increase relating to guidance direction.,553,1.0,MIXED,LOW,HIGH,VALIDATED,Quote verified and confidence >= 0.70.
PFE,0000078003-23-000024,STRATEGIC_CHANGE,Management disclosed strategic change with positive implications.,193,0.97,POSITIVE,CRITICAL,HIGH,VALIDATED,Quote verified and confidence >= 0.70.
PFE,0000078003-23-000024,GUIDANCE_DIRECTION,Management disclosed guidance direction with neutral implications.,184,1.0,NEUTRAL,LOW,HIGH,VALIDATED,Quote verified and confidence >= 0.70.
PFE,0000078003-23-000024,STRATEGIC_CHANGE,Management disclosed strategic change with neutral implications.,248,0.97,NEUTRAL,LOW,LOW,VALIDATED,Quote verified and confidence >= 0.70.
PFE,0000078003-23-000024,DEMAND_UNCERTAINTY,Disclosed favorable trend or increase relating to demand uncertainty.,450,0.985,POSITIVE,LOW,LOW,VALIDATED,Quote verified and confidence >= 0.70.
PFE,0000078003-23-000024,GUIDANCE_DIRECTION,Disclosed downward pressure or decrease relating to guidance direction.,395,1.0,MIXED,LOW,HIGH,VALIDATED,Quote verified and confidence >= 0.70.
PFE,0000078003-23-000024,STRATEGIC_CHANGE,Disclosed favorable trend or increase relating to strategic change.,780,0.97,POSITIVE,LOW,HIGH,VALIDATED,Quote verified and confidence >= 0.70.
PFE,0000078003-23-000024,REGULATORY_RISK,Management disclosed regulatory risk with positive implications.,140,0.925,POSITIVE,LOW,LOW,VALIDATED,Quote verified and confidence >= 0.70.
PFE,0000078003-23-000024,REGULATORY_RISK,Management disclosed regulatory risk with neutral implications.,121,0.925,NEUTRAL,LOW,LOW,VALIDATED,Quote verified and confidence >= 0.70.
PFE,0000078003-23-000024,LITIGATION_RISK,Management disclosed litigation risk with negative implications.,275,0.925,NEGATIVE,HIGH,MEDIUM,VALIDATED,Quote verified and confidence >= 0.70.
PFE,0000078003-23-000024,REGULATORY_RISK,Management disclosed regulatory risk with neutral implications.,250,0.925,NEUTRAL,LOW,LOW,VALIDATED,Quote verified and confidence >= 0.70.
PFE,0000078003-23-000024,SUPPLY_CHAIN_RISK,Management disclosed supply chain risk with negative implications.,130,0.925,NEGATIVE,LOW,LOW,VALIDATED,Quote verified and confidence >= 0.70.
PFE,0000078003-23-000024,DEMAND_UNCERTAINTY,Management disclosed demand uncertainty with negative implications.,973,0.985,NEGATIVE,LOW,MEDIUM,VALIDATED,Quote verified and confidence >= 0.70.
PFE,0000078003-23-000024,GUIDANCE_DIRECTION,Management disclosed guidance direction with neutral implications.,40,0.95,NEUTRAL,LOW,LOW,VALIDATED,Quote verified and confidence >= 0.70.
PFE,0000078003-23-000024,DEMAND_UNCERTAINTY,Management disclosed demand uncertainty with neutral implications.,243,0.985,NEUTRAL,LOW,LOW,VALIDATED,Quote verified and confidence >= 0.70.
PFE,0000078003-23-000024,SUPPLY_CHAIN_RISK,Management disclosed supply chain risk with neutral implications.,204,0.925,NEUTRAL,LOW,LOW,VALIDATED,Quote verified and confidence >= 0.70.
PFE,0000078003-23-000024,MATERIAL_BUSINESS_CHANGE,Management disclosed material business change with mixed implications.,471,0.925,MIXED,CRITICAL,HIGH,VALIDATED,Quote verified and confidence >= 0.70.
PFE,0000078003-23-000024,STRATEGIC_CHANGE,Management disclosed strategic change with neutral implications.,236,0.97,NEUTRAL,LOW,LOW,VALIDATED,Quote verified and confidence >= 0.70.
PFE,0000078003-23-000024,LITIGATION_RISK,Identified operational or financial risk affecting litigation risk.,253,0.925,NEGATIVE,HIGH,MEDIUM,VALIDATED,Quote verified and confidence >= 0.70.
PFE,0000078003-23-000024,MATERIAL_BUSINESS_CHANGE,Management disclosed material business change with negative implications.,179,0.925,NEGATIVE,LOW,LOW,VALIDATED,Quote verified and confidence >= 0.70.
PFE,0000078003-23-000024,MATERIAL_BUSINESS_CHANGE,Identified operational or financial risk affecting material business change.,298,0.925,NEGATIVE,LOW,HIGH,VALIDATED,Quote verified and confidence >= 0.70.
PFE,0000078003-23-000024,LIQUIDITY_RISK,Identified operational or financial risk affecting liquidity risk.,161,0.925,NEGATIVE,LOW,LOW,VALIDATED,Quote verified and confidence >= 0.70.
PFE,0000078003-23-000024,DEMAND_UNCERTAINTY,Disclosed favorable trend or increase relating to demand uncertainty.,916,0.985,NEGATIVE,LOW,LOW,VALIDATED,Quote verified and confidence >= 0.70.
PFE,0000078003-23-000024,SUPPLY_CHAIN_RISK,Disclosed downward pressure or decrease relating to supply chain risk.,389,0.925,NEGATIVE,LOW,LOW,VALIDATED,Quote verified and confidence >= 0.70.
PFE,0000078003-23-000024,MATERIAL_BUSINESS_CHANGE,Management disclosed material business change with negative implications.,315,0.925,NEGATIVE,LOW,HIGH,VALIDATED,Quote verified and confidence >= 0.70.
PFE,0000078003-23-000024,CAPITAL_ALLOCATION_CHANGE,Management disclosed capital allocation change with neutral implications.,177,0.925,NEUTRAL,LOW,LOW,VALIDATED,Quote verified and confidence >= 0.70.
PFE,0000078003-23-000024,LIQUIDITY_RISK,Management disclosed liquidity risk with neutral implications.,479,0.925,NEUTRAL,HIGH,MEDIUM,VALIDATED,Quote verified and confidence >= 0.70.
PFE,0000078003-23-000024,CAPITAL_ALLOCATION_CHANGE,Management disclosed capital allocation change with neutral implications.,289,0.925,NEUTRAL,LOW,LOW,VALIDATED,Quote verified and confidence >= 0.70.
PFE,0000078003-23-000024,LIQUIDITY_RISK,Identified operational or financial risk affecting liquidity risk.,258,0.925,NEGATIVE,LOW,LOW,VALIDATED,Quote verified and confidence >= 0.70.
PFE,0000078003-23-000024,LITIGATION_RISK,Management disclosed litigation risk with neutral implications.,123,0.925,NEUTRAL,LOW,LOW,VALIDATED,Quote verified and confidence >= 0.70.
PFE,0000078003-23-000024,CAPITAL_ALLOCATION_CHANGE,Management disclosed capital allocation change with mixed implications.,1119,0.925,MIXED,LOW,LOW,VALIDATED,Quote verified and confidence >= 0.70.
PFE,0000078003-23-000024,COMPETITIVE_PRESSURE,Management disclosed competitive pressure with neutral implications.,86,0.925,NEUTRAL,LOW,LOW,VALIDATED,Quote verified and confidence >= 0.70.
PFE,0000078003-23-000024,COMPETITIVE_PRESSURE,Management disclosed competitive pressure with neutral implications.,531,0.925,NEUTRAL,LOW,LOW,VALIDATED,Quote verified and confidence >= 0.70.
PFE,0000078003-23-000024,COMPETITIVE_PRESSURE,Management disclosed competitive pressure with negative implications.,234,0.925,NEGATIVE,HIGH,MEDIUM,VALIDATED,Quote verified and confidence >= 0.70.
PFE,0000078003-23-000024,LIQUIDITY_RISK,Management disclosed liquidity risk with negative implications.,346,0.925,NEGATIVE,LOW,HIGH,VALIDATED,Quote verified and confidence >= 0.70.
ABT,0001628280-24-005348,REGULATORY_RISK,Management disclosed regulatory risk with neutral implications.,1385,0.925,NEUTRAL,LOW,LOW,VALIDATED,Quote verified and confidence >= 0.70.
ABT,0001628280-24-005348,COMPETITIVE_PRESSURE,Management disclosed competitive pressure with neutral implications.,128,0.925,NEUTRAL,LOW,LOW,VALIDATED,Quote verified and confidence >= 0.70.
ABT,0001628280-24-005348,COMPETITIVE_PRESSURE,Management disclosed competitive pressure with neutral implications.,315,0.925,NEUTRAL,MEDIUM,MEDIUM,VALIDATED,Quote verified and confidence >= 0.70.
ABT,0001628280-24-005348,COMPETITIVE_PRESSURE,Management disclosed competitive pressure with neutral implications.,149,0.925,NEUTRAL,LOW,LOW,VALIDATED,Quote verified and confidence >= 0.70.
ABT,0001628280-24-005348,SUPPLY_CHAIN_RISK,Management disclosed supply chain risk with mixed implications.,224,0.925,MIXED,LOW,LOW,VALIDATED,Quote verified and confidence >= 0.70.
ABT,0001628280-24-005348,REGULATORY_RISK,Management disclosed regulatory risk with neutral implications.,401,0.925,NEUTRAL,HIGH,MEDIUM,VALIDATED,Quote verified and confidence >= 0.70.
ABT,0001628280-24-005348,COMPETITIVE_PRESSURE,Management disclosed competitive pressure with positive implications.,245,0.925,POSITIVE,LOW,LOW,VALIDATED,Quote verified and confidence >= 0.70.
ABT,0001628280-24-005348,REGULATORY_RISK,Management disclosed regulatory risk with neutral implications.,32,0.825,NEUTRAL,LOW,LOW,VALIDATED,Quote verified and confidence >= 0.70.
ABT,0001628280-24-005348,REGULATORY_RISK,Management disclosed regulatory risk with neutral implications.,81,0.925,NEUTRAL,LOW,LOW,VALIDATED,Quote verified and confidence >= 0.70.
ABT,0001628280-24-005348,SUPPLY_CHAIN_RISK,Management disclosed supply chain risk with neutral implications.,330,0.925,NEUTRAL,LOW,LOW,VALIDATED,Quote verified and confidence >= 0.70.
ABT,0001628280-24-005348,SUPPLY_CHAIN_RISK,Identified operational or financial risk affecting supply chain risk.,286,0.925,NEGATIVE,HIGH,MEDIUM,VALIDATED,Quote verified and confidence >= 0.70.
ABT,0001628280-24-005348,STRATEGIC_CHANGE,Management disclosed strategic change with neutral implications.,184,0.925,NEUTRAL,LOW,LOW,VALIDATED,Quote verified and confidence >= 0.70.
ABT,0001628280-24-005348,GUIDANCE_DIRECTION,Management disclosed guidance direction with neutral implications.,115,0.925,NEUTRAL,LOW,LOW,VALIDATED,Quote verified and confidence >= 0.70.
ABT,0001628280-24-005348,SUPPLY_CHAIN_RISK,Management disclosed supply chain risk with neutral implications.,318,0.925,NEUTRAL,HIGH,MEDIUM,VALIDATED,Quote verified and confidence >= 0.70.
ABT,0001628280-24-005348,CAPITAL_ALLOCATION_CHANGE,Management disclosed capital allocation change with neutral implications.,92,0.925,NEUTRAL,LOW,HIGH,VALIDATED,Quote verified and confidence >= 0.70.
ABT,0001628280-24-005348,LITIGATION_RISK,Management disclosed litigation risk with negative implications.,277,0.925,NEGATIVE,HIGH,MEDIUM,VALIDATED,Quote verified and confidence >= 0.70.
ABT,0001628280-24-005348,LITIGATION_RISK,Management disclosed litigation risk with negative implications.,167,0.925,NEGATIVE,LOW,LOW,VALIDATED,Quote verified and confidence >= 0.70.
ABT,0001628280-24-005348,MARGIN_PRESSURE,Identified operational or financial risk affecting margin pressure.,846,0.925,NEGATIVE,MEDIUM,MEDIUM,VALIDATED,Quote verified and confidence >= 0.70.
ABT,0001628280-24-005348,LITIGATION_RISK,Management disclosed litigation risk with positive implications.,969,0.925,POSITIVE,HIGH,MEDIUM,VALIDATED,Quote verified and confidence >= 0.70.
ABT,0001628280-24-005348,DEMAND_UNCERTAINTY,Management disclosed demand uncertainty with negative implications.,243,0.925,NEGATIVE,LOW,MEDIUM,VALIDATED,Quote verified and confidence >= 0.70.
ABT,0001628280-24-005348,GUIDANCE_DIRECTION,Identified operational or financial risk affecting guidance direction.,163,0.925,NEGATIVE,HIGH,MEDIUM,VALIDATED,Quote verified and confidence >= 0.70.
ABT,0001628280-24-005348,LITIGATION_RISK,Management disclosed litigation risk with neutral implications.,153,1.0,NEUTRAL,HIGH,MEDIUM,VALIDATED,Quote verified and confidence >= 0.70.
ABT,0001628280-24-005348,DEMAND_UNCERTAINTY,Management disclosed demand uncertainty with neutral implications.,262,0.925,NEUTRAL,HIGH,MEDIUM,VALIDATED,Quote verified and confidence >= 0.70.
ABT,0001628280-24-005348,DEMAND_UNCERTAINTY,Management disclosed demand uncertainty with neutral implications.,146,0.985,NEUTRAL,LOW,LOW,VALIDATED,Quote verified and confidence >= 0.70.
ABT,0001628280-24-005348,DEMAND_UNCERTAINTY,Management disclosed demand uncertainty with neutral implications.,100,0.985,NEUTRAL,HIGH,MEDIUM,VALIDATED,Quote verified and confidence >= 0.70.
ABT,0001628280-24-005348,MARGIN_PRESSURE,Management disclosed margin pressure with neutral implications.,163,1.0,NEUTRAL,LOW,MEDIUM,VALIDATED,Quote verified and confidence >= 0.70.
ABT,0001628280-24-005348,MARGIN_PRESSURE,Disclosed downward pressure or decrease relating to margin pressure.,267,1.0,MIXED,LOW,LOW,VALIDATED,Quote verified and confidence >= 0.70.
ABT,0001628280-24-005348,MARGIN_PRESSURE,Disclosed favorable trend or increase relating to margin pressure.,220,1.0,POSITIVE,LOW,MEDIUM,VALIDATED,Quote verified and confidence >= 0.70.
ABT,0001628280-24-005348,CAPITAL_ALLOCATION_CHANGE,Disclosed favorable trend or increase relating to capital allocation change.,109,0.985,POSITIVE,LOW,LOW,VALIDATED,Quote verified and confidence >= 0.70.
ABT,0001628280-24-005348,GUIDANCE_DIRECTION,Management disclosed guidance direction with positive implications.,197,1.0,POSITIVE,LOW,LOW,VALIDATED,Quote verified and confidence >= 0.70.
ABT,0001628280-24-005348,MATERIAL_BUSINESS_CHANGE,Management disclosed material business change with negative implications.,233,0.925,NEGATIVE,LOW,LOW,VALIDATED,Quote verified and confidence >= 0.70.
ABT,0001628280-24-005348,STRATEGIC_CHANGE,Disclosed favorable trend or increase relating to strategic change.,199,0.97,POSITIVE,LOW,LOW,VALIDATED,Quote verified and confidence >= 0.70.
ABT,0001628280-24-005348,STRATEGIC_CHANGE,Disclosed downward pressure or decrease relating to strategic change.,217,0.925,NEGATIVE,LOW,LOW,VALIDATED,Quote verified and confidence >= 0.70.
ABT,0001628280-24-005348,STRATEGIC_CHANGE,Management disclosed strategic change with neutral implications.,179,0.925,NEUTRAL,LOW,LOW,VALIDATED,Quote verified and confidence >= 0.70.
ABT,0001628280-24-005348,GUIDANCE_DIRECTION,Management disclosed guidance direction with neutral implications.,316,0.925,NEUTRAL,HIGH,MEDIUM,VALIDATED,Quote verified and confidence >= 0.70.
ABT,0001628280-24-005348,MATERIAL_BUSINESS_CHANGE,Management disclosed material business change with negative implications.,329,0.925,NEGATIVE,LOW,HIGH,VALIDATED,Quote verified and confidence >= 0.70.
ABT,0001628280-24-005348,MATERIAL_BUSINESS_CHANGE,Management disclosed material business change with negative implications.,281,0.925,NEGATIVE,LOW,LOW,VALIDATED,Quote verified and confidence >= 0.70.
ABT,0001628280-24-005348,LIQUIDITY_RISK,Management disclosed liquidity risk with neutral implications.,279,0.97,NEUTRAL,LOW,LOW,VALIDATED,Quote verified and confidence >= 0.70.
ABT,0001628280-24-005348,CAPITAL_ALLOCATION_CHANGE,Management disclosed capital allocation change with neutral implications.,130,0.925,NEUTRAL,LOW,HIGH,VALIDATED,Quote verified and confidence >= 0.70.
ABT,0001628280-24-005348,CAPITAL_ALLOCATION_CHANGE,Disclosed downward pressure or decrease relating to capital allocation change.,321,0.925,NEGATIVE,LOW,HIGH,VALIDATED,Quote verified and confidence >= 0.70.
ABT,0001628280-24-005348,MATERIAL_BUSINESS_CHANGE,Management disclosed material business change with negative implications.,215,0.925,NEGATIVE,LOW,LOW,VALIDATED,Quote verified and confidence >= 0.70.
ABT,0001628280-23-004026,REGULATORY_RISK,Management disclosed regulatory risk with neutral implications.,1383,0.925,NEUTRAL,LOW,LOW,VALIDATED,Quote verified and confidence >= 0.70.
ABT,0001628280-23-004026,COMPETITIVE_PRESSURE,Management disclosed competitive pressure with neutral implications.,128,0.925,NEUTRAL,LOW,LOW,VALIDATED,Quote verified and confidence >= 0.70.
ABT,0001628280-23-004026,COMPETITIVE_PRESSURE,Management disclosed competitive pressure with neutral implications.,315,0.925,NEUTRAL,MEDIUM,MEDIUM,VALIDATED,Quote verified and confidence >= 0.70.
ABT,0001628280-23-004026,COMPETITIVE_PRESSURE,Management disclosed competitive pressure with neutral implications.,149,0.925,NEUTRAL,LOW,LOW,VALIDATED,Quote verified and confidence >= 0.70.
ABT,0001628280-23-004026,SUPPLY_CHAIN_RISK,Management disclosed supply chain risk with negative implications.,256,0.925,NEGATIVE,HIGH,MEDIUM,VALIDATED,Quote verified and confidence >= 0.70.
ABT,0001628280-23-004026,REGULATORY_RISK,Management disclosed regulatory risk with neutral implications.,401,0.925,NEUTRAL,HIGH,MEDIUM,VALIDATED,Quote verified and confidence >= 0.70.
ABT,0001628280-23-004026,COMPETITIVE_PRESSURE,Management disclosed competitive pressure with positive implications.,245,0.925,POSITIVE,LOW,LOW,VALIDATED,Quote verified and confidence >= 0.70.
ABT,0001628280-23-004026,REGULATORY_RISK,Management disclosed regulatory risk with neutral implications.,32,0.825,NEUTRAL,LOW,LOW,VALIDATED,Quote verified and confidence >= 0.70.
ABT,0001628280-23-004026,REGULATORY_RISK,Management disclosed regulatory risk with neutral implications.,81,0.925,NEUTRAL,LOW,LOW,VALIDATED,Quote verified and confidence >= 0.70.
ABT,0001628280-23-004026,SUPPLY_CHAIN_RISK,Management disclosed supply chain risk with neutral implications.,330,0.925,NEUTRAL,LOW,LOW,VALIDATED,Quote verified and confidence >= 0.70.
ABT,0001628280-23-004026,SUPPLY_CHAIN_RISK,Management disclosed supply chain risk with negative implications.,167,0.925,NEGATIVE,HIGH,MEDIUM,VALIDATED,Quote verified and confidence >= 0.70.
ABT,0001628280-23-004026,STRATEGIC_CHANGE,Management disclosed strategic change with neutral implications.,180,0.925,NEUTRAL,LOW,LOW,VALIDATED,Quote verified and confidence >= 0.70.
ABT,0001628280-23-004026,GUIDANCE_DIRECTION,Management disclosed guidance direction with neutral implications.,105,0.925,NEUTRAL,LOW,LOW,VALIDATED,Quote verified and confidence >= 0.70.
ABT,0001628280-23-004026,SUPPLY_CHAIN_RISK,Management disclosed supply chain risk with neutral implications.,308,0.925,NEUTRAL,HIGH,MEDIUM,VALIDATED,Quote verified and confidence >= 0.70.
ABT,0001628280-23-004026,CAPITAL_ALLOCATION_CHANGE,Management disclosed capital allocation change with neutral implications.,92,0.925,NEUTRAL,LOW,HIGH,VALIDATED,Quote verified and confidence >= 0.70.
ABT,0001628280-23-004026,LITIGATION_RISK,Management disclosed litigation risk with negative implications.,277,0.925,NEGATIVE,HIGH,MEDIUM,VALIDATED,Quote verified and confidence >= 0.70.
ABT,0001628280-23-004026,MARGIN_PRESSURE,Management disclosed margin pressure with neutral implications.,144,0.925,NEUTRAL,LOW,LOW,VALIDATED,Quote verified and confidence >= 0.70.
ABT,0001628280-23-004026,LITIGATION_RISK,Management disclosed litigation risk with mixed implications.,1286,0.925,MIXED,HIGH,MEDIUM,VALIDATED,Quote verified and confidence >= 0.70.
ABT,0001628280-23-004026,DEMAND_UNCERTAINTY,Management disclosed demand uncertainty with negative implications.,243,0.925,NEGATIVE,LOW,MEDIUM,VALIDATED,Quote verified and confidence >= 0.70.
ABT,0001628280-23-004026,GUIDANCE_DIRECTION,Identified operational or financial risk affecting guidance direction.,163,0.925,NEGATIVE,HIGH,MEDIUM,VALIDATED,Quote verified and confidence >= 0.70.
ABT,0001628280-23-004026,LITIGATION_RISK,Management disclosed litigation risk with neutral implications.,153,1.0,NEUTRAL,HIGH,MEDIUM,VALIDATED,Quote verified and confidence >= 0.70.
ABT,0001628280-23-004026,LITIGATION_RISK,Management disclosed litigation risk with neutral implications.,134,1.0,NEUTRAL,LOW,LOW,VALIDATED,Quote verified and confidence >= 0.70.
ABT,0001628280-23-004026,DEMAND_UNCERTAINTY,Management disclosed demand uncertainty with neutral implications.,262,0.925,NEUTRAL,HIGH,MEDIUM,VALIDATED,Quote verified and confidence >= 0.70.
ABT,0001628280-23-004026,DEMAND_UNCERTAINTY,Management disclosed demand uncertainty with neutral implications.,163,0.985,NEUTRAL,LOW,LOW,VALIDATED,Quote verified and confidence >= 0.70.
ABT,0001628280-23-004026,DEMAND_UNCERTAINTY,Management disclosed demand uncertainty with neutral implications.,232,0.985,NEUTRAL,LOW,LOW,VALIDATED,Quote verified and confidence >= 0.70.
ABT,0001628280-23-004026,MARGIN_PRESSURE,Management disclosed margin pressure with positive implications.,239,1.0,POSITIVE,LOW,MEDIUM,VALIDATED,Quote verified and confidence >= 0.70.
ABT,0001628280-23-004026,MARGIN_PRESSURE,Disclosed downward pressure or decrease relating to margin pressure.,187,1.0,NEGATIVE,LOW,LOW,VALIDATED,Quote verified and confidence >= 0.70.
ABT,0001628280-23-004026,MARGIN_PRESSURE,Disclosed favorable trend or increase relating to margin pressure.,237,1.0,POSITIVE,LOW,MEDIUM,VALIDATED,Quote verified and confidence >= 0.70.
ABT,0001628280-23-004026,CAPITAL_ALLOCATION_CHANGE,Disclosed favorable trend or increase relating to capital allocation change.,123,0.985,POSITIVE,LOW,LOW,VALIDATED,Quote verified and confidence >= 0.70.
ABT,0001628280-23-004026,GUIDANCE_DIRECTION,Management disclosed guidance direction with positive implications.,197,1.0,POSITIVE,LOW,LOW,VALIDATED,Quote verified and confidence >= 0.70.
ABT,0001628280-23-004026,STRATEGIC_CHANGE,Management disclosed strategic change with positive implications.,166,0.97,POSITIVE,HIGH,MEDIUM,VALIDATED,Quote verified and confidence >= 0.70.
ABT,0001628280-23-004026,STRATEGIC_CHANGE,Management disclosed strategic change with negative implications.,187,0.925,NEGATIVE,LOW,HIGH,VALIDATED,Quote verified and confidence >= 0.70.
ABT,0001628280-23-004026,GUIDANCE_DIRECTION,Management disclosed guidance direction with neutral implications.,324,0.925,NEUTRAL,HIGH,MEDIUM,VALIDATED,Quote verified and confidence >= 0.70.
ABT,0001628280-23-004026,MATERIAL_BUSINESS_CHANGE,Management disclosed material business change with negative implications.,206,0.925,NEGATIVE,LOW,HIGH,VALIDATED,Quote verified and confidence >= 0.70.
ABT,0001628280-23-004026,MATERIAL_BUSINESS_CHANGE,Management disclosed material business change with mixed implications.,395,0.925,MIXED,LOW,HIGH,VALIDATED,Quote verified and confidence >= 0.70.
ABT,0001628280-23-004026,STRATEGIC_CHANGE,Management disclosed strategic change with positive implications.,211,0.925,POSITIVE,LOW,LOW,VALIDATED,Quote verified and confidence >= 0.70.
ABT,0001628280-23-004026,MATERIAL_BUSINESS_CHANGE,Management disclosed material business change with negative implications.,281,0.925,NEGATIVE,LOW,LOW,VALIDATED,Quote verified and confidence >= 0.70.
ABT,0001628280-23-004026,CAPITAL_ALLOCATION_CHANGE,Management disclosed capital allocation change with neutral implications.,130,0.925,NEUTRAL,LOW,HIGH,VALIDATED,Quote verified and confidence >= 0.70.
ABT,0001628280-23-004026,CAPITAL_ALLOCATION_CHANGE,Disclosed favorable trend or increase relating to capital allocation change.,131,0.925,POSITIVE,LOW,LOW,VALIDATED,Quote verified and confidence >= 0.70.
ABT,0001628280-23-004026,MATERIAL_BUSINESS_CHANGE,Management disclosed material business change with negative implications.,215,0.925,NEGATIVE,LOW,LOW,VALIDATED,Quote verified and confidence >= 0.70.
MRK,0001628280-24-006850,REGULATORY_RISK,Management disclosed regulatory risk with neutral implications.,242,0.925,NEUTRAL,LOW,LOW,VALIDATED,Quote verified and confidence >= 0.70.
MRK,0001628280-24-006850,REGULATORY_RISK,Management disclosed regulatory risk with neutral implications.,374,0.925,NEUTRAL,LOW,LOW,VALIDATED,Quote verified and confidence >= 0.70.
MRK,0001628280-24-006850,REGULATORY_RISK,Management disclosed regulatory risk with neutral implications.,295,0.925,NEUTRAL,LOW,LOW,VALIDATED,Quote verified and confidence >= 0.70.
MRK,0001628280-24-006850,REGULATORY_RISK,Management disclosed regulatory risk with neutral implications.,190,0.925,NEUTRAL,LOW,LOW,VALIDATED,Quote verified and confidence >= 0.70.
MRK,0001628280-24-006850,COMPETITIVE_PRESSURE,Management disclosed competitive pressure with neutral implications.,142,0.925,NEUTRAL,LOW,LOW,VALIDATED,Quote verified and confidence >= 0.70.
MRK,0001628280-24-006850,COMPETITIVE_PRESSURE,Management disclosed competitive pressure with neutral implications.,140,0.925,NEUTRAL,LOW,LOW,VALIDATED,Quote verified and confidence >= 0.70.
MRK,0001628280-24-006850,MARGIN_PRESSURE,Management disclosed margin pressure with mixed implications.,652,0.925,MIXED,LOW,MEDIUM,VALIDATED,Quote verified and confidence >= 0.70.
MRK,0001628280-24-006850,COMPETITIVE_PRESSURE,Management disclosed competitive pressure with neutral implications.,161,0.925,NEUTRAL,LOW,LOW,VALIDATED,Quote verified and confidence >= 0.70.
MRK,0001628280-24-006850,COMPETITIVE_PRESSURE,Management disclosed competitive pressure with negative implications.,91,0.925,NEGATIVE,LOW,MEDIUM,VALIDATED,Quote verified and confidence >= 0.70.
MRK,0001628280-24-006850,GUIDANCE_DIRECTION,Management disclosed guidance direction with neutral implications.,218,0.925,NEUTRAL,LOW,LOW,VALIDATED,Quote verified and confidence >= 0.70.
MRK,0001628280-24-006850,SUPPLY_CHAIN_RISK,Management disclosed supply chain risk with neutral implications.,252,0.925,NEUTRAL,LOW,LOW,VALIDATED,Quote verified and confidence >= 0.70.
MRK,0001628280-24-006850,SUPPLY_CHAIN_RISK,Management disclosed supply chain risk with neutral implications.,132,0.925,NEUTRAL,HIGH,MEDIUM,VALIDATED,Quote verified and confidence >= 0.70.
MRK,0001628280-24-006850,LITIGATION_RISK,Management disclosed litigation risk with negative implications.,71,0.875,NEGATIVE,LOW,LOW,VALIDATED,Quote verified and confidence >= 0.70.
MRK,0001628280-24-006850,LITIGATION_RISK,Management disclosed litigation risk with neutral implications.,227,0.925,NEUTRAL,LOW,LOW,VALIDATED,Quote verified and confidence >= 0.70.
MRK,0001628280-24-006850,GUIDANCE_DIRECTION,Management disclosed guidance direction with neutral implications.,155,0.925,NEUTRAL,LOW,LOW,VALIDATED,Quote verified and confidence >= 0.70.
MRK,0001628280-24-006850,GUIDANCE_DIRECTION,Management disclosed guidance direction with neutral implications.,200,0.925,NEUTRAL,LOW,LOW,VALIDATED,Quote verified and confidence >= 0.70.
MRK,0001628280-24-006850,GUIDANCE_DIRECTION,Management disclosed guidance direction with neutral implications.,231,0.925,NEUTRAL,HIGH,MEDIUM,VALIDATED,Quote verified and confidence >= 0.70.
MRK,0001628280-24-006850,STRATEGIC_CHANGE,Management disclosed strategic change with neutral implications.,303,0.925,NEUTRAL,LOW,LOW,VALIDATED,Quote verified and confidence >= 0.70.
MRK,0001628280-24-006850,STRATEGIC_CHANGE,Management disclosed strategic change with positive implications.,322,0.925,POSITIVE,LOW,LOW,VALIDATED,Quote verified and confidence >= 0.70.
MRK,0001628280-24-006850,SUPPLY_CHAIN_RISK,Management disclosed supply chain risk with neutral implications.,212,0.925,NEUTRAL,LOW,LOW,VALIDATED,Quote verified and confidence >= 0.70.
MRK,0001628280-24-006850,LITIGATION_RISK,Identified operational or financial risk affecting litigation risk.,142,0.925,NEGATIVE,LOW,LOW,VALIDATED,Quote verified and confidence >= 0.70.
MRK,0001628280-24-006850,MARGIN_PRESSURE,Management disclosed margin pressure with negative implications.,75,0.875,NEGATIVE,LOW,MEDIUM,VALIDATED,Quote verified and confidence >= 0.70.
MRK,0001628280-24-006850,MANAGEMENT_OUTLOOK,Identified operational or financial risk affecting management outlook.,93,0.925,NEGATIVE,MEDIUM,MEDIUM,VALIDATED,Quote verified and confidence >= 0.70.
MRK,0001628280-24-006850,LITIGATION_RISK,Management disclosed litigation risk with neutral implications.,150,0.985,NEUTRAL,LOW,LOW,VALIDATED,Quote verified and confidence >= 0.70.
MRK,0001628280-24-006850,STRATEGIC_CHANGE,Management disclosed strategic change with neutral implications.,311,0.925,NEUTRAL,LOW,LOW,VALIDATED,Quote verified and confidence >= 0.70.
MRK,0001628280-24-006850,STRATEGIC_CHANGE,Disclosed downward pressure or decrease relating to strategic change.,316,0.925,NEGATIVE,LOW,LOW,VALIDATED,Quote verified and confidence >= 0.70.
MRK,0001628280-24-006850,DEMAND_UNCERTAINTY,Management disclosed demand uncertainty with negative implications.,576,0.97,NEGATIVE,HIGH,MEDIUM,VALIDATED,Quote verified and confidence >= 0.70.
MRK,0001628280-24-006850,SUPPLY_CHAIN_RISK,Identified operational or financial risk affecting supply chain risk.,134,0.985,NEGATIVE,LOW,LOW,VALIDATED,Quote verified and confidence >= 0.70.
MRK,0001628280-24-006850,MARGIN_PRESSURE,Disclosed favorable trend or increase relating to margin pressure.,268,0.925,MIXED,LOW,MEDIUM,VALIDATED,Quote verified and confidence >= 0.70.
MRK,0001628280-24-006850,DEMAND_UNCERTAINTY,Identified operational or financial risk affecting demand uncertainty.,296,0.97,NEGATIVE,HIGH,MEDIUM,VALIDATED,Quote verified and confidence >= 0.70.
MRK,0001628280-24-006850,DEMAND_UNCERTAINTY,Disclosed favorable trend or increase relating to demand uncertainty.,400,0.97,POSITIVE,HIGH,MEDIUM,VALIDATED,Quote verified and confidence >= 0.70.
MRK,0001628280-24-006850,MANAGEMENT_OUTLOOK,Identified operational or financial risk affecting management outlook.,335,0.925,NEGATIVE,HIGH,MEDIUM,VALIDATED,Quote verified and confidence >= 0.70.
MRK,0001628280-24-006850,MATERIAL_BUSINESS_CHANGE,Management disclosed material business change with neutral implications.,275,0.925,NEUTRAL,LOW,MEDIUM,VALIDATED,Quote verified and confidence >= 0.70.
MRK,0001628280-24-006850,CAPITAL_ALLOCATION_CHANGE,Management disclosed capital allocation change with neutral implications.,135,0.985,NEUTRAL,LOW,HIGH,VALIDATED,Quote verified and confidence >= 0.70.
MRK,0001628280-24-006850,MARGIN_PRESSURE,Management disclosed margin pressure with negative implications.,125,1.0,NEGATIVE,LOW,LOW,VALIDATED,Quote verified and confidence >= 0.70.
MRK,0001628280-24-006850,DEMAND_UNCERTAINTY,Management disclosed demand uncertainty with neutral implications.,189,0.985,NEUTRAL,LOW,LOW,VALIDATED,Quote verified and confidence >= 0.70.
MRK,0001628280-24-006850,MATERIAL_BUSINESS_CHANGE,Management disclosed material business change with negative implications.,259,0.925,NEGATIVE,HIGH,MEDIUM,VALIDATED,Quote verified and confidence >= 0.70.
MRK,0001628280-24-006850,MATERIAL_BUSINESS_CHANGE,Management disclosed material business change with negative implications.,215,0.925,NEGATIVE,LOW,LOW,VALIDATED,Quote verified and confidence >= 0.70.
MRK,0001628280-24-006850,CAPITAL_ALLOCATION_CHANGE,Management disclosed capital allocation change with neutral implications.,122,0.985,NEUTRAL,LOW,LOW,VALIDATED,Quote verified and confidence >= 0.70.
MRK,0001628280-24-006850,CAPITAL_ALLOCATION_CHANGE,Management disclosed capital allocation change with neutral implications.,329,0.985,NEUTRAL,LOW,LOW,VALIDATED,Quote verified and confidence >= 0.70.
MRK,0001628280-24-006850,CAPITAL_ALLOCATION_CHANGE,Management disclosed capital allocation change with neutral implications.,326,0.985,NEUTRAL,LOW,LOW,VALIDATED,Quote verified and confidence >= 0.70.
MRK,0001628280-24-006850,LIQUIDITY_RISK,Management disclosed liquidity risk with neutral implications.,142,0.925,NEUTRAL,LOW,LOW,VALIDATED,Quote verified and confidence >= 0.70.
MRK,0001628280-24-006850,MATERIAL_BUSINESS_CHANGE,Management disclosed material business change with negative implications.,222,0.925,NEGATIVE,LOW,LOW,VALIDATED,Quote verified and confidence >= 0.70.
TMO,0000097745-24-000007,MANAGEMENT_OUTLOOK,Management disclosed management outlook with neutral implications.,49,0.875,NEUTRAL,LOW,LOW,VALIDATED,Quote verified and confidence >= 0.70.
TMO,0000097745-24-000007,DEMAND_UNCERTAINTY,Identified operational or financial risk affecting demand uncertainty.,377,0.925,NEGATIVE,HIGH,MEDIUM,VALIDATED,Quote verified and confidence >= 0.70.
TMO,0000097745-24-000007,SUPPLY_CHAIN_RISK,Management disclosed supply chain risk with negative implications.,283,0.925,NEGATIVE,LOW,LOW,VALIDATED,Quote verified and confidence >= 0.70.
TMO,0000097745-24-000007,DEMAND_UNCERTAINTY,Identified operational or financial risk affecting demand uncertainty.,99,0.925,NEGATIVE,HIGH,MEDIUM,VALIDATED,Quote verified and confidence >= 0.70.
TMO,0000097745-24-000007,MARGIN_PRESSURE,Management disclosed margin pressure with neutral implications.,382,0.925,NEUTRAL,LOW,LOW,VALIDATED,Quote verified and confidence >= 0.70.
TMO,0000097745-24-000007,SUPPLY_CHAIN_RISK,Disclosed favorable trend or increase relating to supply chain risk.,899,0.925,NEGATIVE,HIGH,MEDIUM,VALIDATED,Quote verified and confidence >= 0.70.
TMO,0000097745-24-000007,DEMAND_UNCERTAINTY,Management disclosed demand uncertainty with neutral implications.,121,0.925,NEUTRAL,LOW,LOW,VALIDATED,Quote verified and confidence >= 0.70.
TMO,0000097745-24-000007,DEMAND_UNCERTAINTY,Management disclosed demand uncertainty with negative implications.,215,0.925,NEGATIVE,MEDIUM,MEDIUM,VALIDATED,Quote verified and confidence >= 0.70.
TMO,0000097745-24-000007,COMPETITIVE_PRESSURE,Management disclosed competitive pressure with neutral implications.,182,0.925,NEUTRAL,HIGH,MEDIUM,VALIDATED,Quote verified and confidence >= 0.70.
TMO,0000097745-24-000007,SUPPLY_CHAIN_RISK,Identified operational or financial risk affecting supply chain risk.,264,0.925,NEGATIVE,HIGH,MEDIUM,VALIDATED,Quote verified and confidence >= 0.70.
TMO,0000097745-24-000007,STRATEGIC_CHANGE,Management disclosed strategic change with neutral implications.,166,0.925,NEUTRAL,HIGH,MEDIUM,VALIDATED,Quote verified and confidence >= 0.70.
TMO,0000097745-24-000007,STRATEGIC_CHANGE,Management disclosed strategic change with neutral implications.,57,0.875,NEUTRAL,LOW,LOW,VALIDATED,Quote verified and confidence >= 0.70.
TMO,0000097745-24-000007,SUPPLY_CHAIN_RISK,Management disclosed supply chain risk with negative implications.,152,0.925,NEGATIVE,HIGH,MEDIUM,VALIDATED,Quote verified and confidence >= 0.70.
TMO,0000097745-24-000007,STRATEGIC_CHANGE,Identified operational or financial risk affecting strategic change.,227,0.925,NEGATIVE,LOW,LOW,VALIDATED,Quote verified and confidence >= 0.70.
TMO,0000097745-24-000007,LITIGATION_RISK,Disclosed favorable trend or increase relating to litigation risk.,1011,0.925,NEGATIVE,HIGH,MEDIUM,VALIDATED,Quote verified and confidence >= 0.70.
TMO,0000097745-24-000007,REGULATORY_RISK,Management disclosed regulatory risk with neutral implications.,295,0.925,NEUTRAL,LOW,LOW,VALIDATED,Quote verified and confidence >= 0.70.
TMO,0000097745-24-000007,COMPETITIVE_PRESSURE,Management disclosed competitive pressure with neutral implications.,219,0.925,NEUTRAL,LOW,LOW,VALIDATED,Quote verified and confidence >= 0.70.
TMO,0000097745-24-000007,REGULATORY_RISK,Management disclosed regulatory risk with neutral implications.,218,0.925,NEUTRAL,LOW,LOW,VALIDATED,Quote verified and confidence >= 0.70.
TMO,0000097745-24-000007,REGULATORY_RISK,Disclosed favorable trend or increase relating to regulatory risk.,348,0.925,MIXED,LOW,MEDIUM,VALIDATED,Quote verified and confidence >= 0.70.
TMO,0000097745-24-000007,REGULATORY_RISK,Management disclosed regulatory risk with neutral implications.,251,0.925,NEUTRAL,LOW,LOW,VALIDATED,Quote verified and confidence >= 0.70.
TMO,0000097745-24-000007,LITIGATION_RISK,Management disclosed litigation risk with negative implications.,271,0.925,NEGATIVE,LOW,LOW,VALIDATED,Quote verified and confidence >= 0.70.
TMO,0000097745-24-000007,COMPETITIVE_PRESSURE,Management disclosed competitive pressure with neutral implications.,176,0.925,NEUTRAL,LOW,LOW,VALIDATED,Quote verified and confidence >= 0.70.
TMO,0000097745-24-000007,COMPETITIVE_PRESSURE,Management disclosed competitive pressure with neutral implications.,107,0.925,NEUTRAL,LOW,LOW,VALIDATED,Quote verified and confidence >= 0.70.
TMO,0000097745-24-000007,GUIDANCE_DIRECTION,Management disclosed guidance direction with neutral implications.,236,0.925,NEUTRAL,HIGH,MEDIUM,VALIDATED,Quote verified and confidence >= 0.70.
TMO,0000097745-24-000007,LIQUIDITY_RISK,Management disclosed liquidity risk with neutral implications.,176,0.925,NEUTRAL,LOW,HIGH,VALIDATED,Quote verified and confidence >= 0.70.
TMO,0000097745-24-000007,LIQUIDITY_RISK,Management disclosed liquidity risk with neutral implications.,310,0.925,NEUTRAL,LOW,LOW,VALIDATED,Quote verified and confidence >= 0.70.
TMO,0000097745-24-000007,LIQUIDITY_RISK,Management disclosed liquidity risk with neutral implications.,290,0.925,NEUTRAL,LOW,LOW,VALIDATED,Quote verified and confidence >= 0.70.
TMO,0000097745-24-000007,LITIGATION_RISK,Management disclosed litigation risk with neutral implications.,162,1.0,NEUTRAL,LOW,LOW,VALIDATED,Quote verified and confidence >= 0.70.
TMO,0000097745-24-000007,MARGIN_PRESSURE,Management disclosed margin pressure with neutral implications.,546,1.0,NEUTRAL,LOW,LOW,VALIDATED,Quote verified and confidence >= 0.70.
TMO,0000097745-24-000007,MARGIN_PRESSURE,Management disclosed margin pressure with positive implications.,121,1.0,POSITIVE,LOW,MEDIUM,VALIDATED,Quote verified and confidence >= 0.70.
TMO,0000097745-24-000007,STRATEGIC_CHANGE,Disclosed favorable trend or increase relating to strategic change.,434,0.97,POSITIVE,LOW,LOW,VALIDATED,Quote verified and confidence >= 0.70.
TMO,0000097745-24-000007,MARGIN_PRESSURE,Disclosed favorable trend or increase relating to margin pressure.,257,1.0,POSITIVE,LOW,MEDIUM,VALIDATED,Quote verified and confidence >= 0.70.
TMO,0000097745-24-000007,CAPITAL_ALLOCATION_CHANGE,Disclosed favorable trend or increase relating to capital allocation change.,313,0.985,POSITIVE,LOW,LOW,VALIDATED,Quote verified and confidence >= 0.70.
TMO,0000097745-24-000007,GUIDANCE_DIRECTION,Disclosed downward pressure or decrease relating to guidance direction.,280,1.0,NEGATIVE,LOW,HIGH,VALIDATED,Quote verified and confidence >= 0.70.
TMO,0000097745-24-000007,GUIDANCE_DIRECTION,Management disclosed guidance direction with neutral implications.,238,1.0,NEUTRAL,LOW,LOW,VALIDATED,Quote verified and confidence >= 0.70.
TMO,0000097745-24-000007,CAPITAL_ALLOCATION_CHANGE,Management disclosed capital allocation change with neutral implications.,120,0.985,NEUTRAL,LOW,LOW,VALIDATED,Quote verified and confidence >= 0.70.
TMO,0000097745-24-000007,LIQUIDITY_RISK,Management disclosed liquidity risk with neutral implications.,187,0.925,NEUTRAL,HIGH,MEDIUM,VALIDATED,Quote verified and confidence >= 0.70.
TMO,0000097745-24-000007,LITIGATION_RISK,Management disclosed litigation risk with neutral implications.,97,0.925,NEUTRAL,LOW,LOW,VALIDATED,Quote verified and confidence >= 0.70.
TMO,0000097745-24-000007,CAPITAL_ALLOCATION_CHANGE,Management disclosed capital allocation change with neutral implications.,183,0.985,NEUTRAL,LOW,HIGH,VALIDATED,Quote verified and confidence >= 0.70.
TMO,0000097745-24-000007,MATERIAL_BUSINESS_CHANGE,Management disclosed material business change with negative implications.,204,0.925,NEGATIVE,HIGH,MEDIUM,VALIDATED,Quote verified and confidence >= 0.70.
TMO,0000097745-24-000007,MATERIAL_BUSINESS_CHANGE,Management disclosed material business change with negative implications.,134,0.925,NEGATIVE,LOW,LOW,VALIDATED,Quote verified and confidence >= 0.70.
TMO,0000097745-24-000007,MATERIAL_BUSINESS_CHANGE,Disclosed favorable trend or increase relating to material business change.,209,0.925,MIXED,LOW,LOW,VALIDATED,Quote verified and confidence >= 0.70.
TMO,0000097745-24-000007,MATERIAL_BUSINESS_CHANGE,Management disclosed material business change with negative implications.,208,0.925,NEGATIVE,HIGH,MEDIUM,VALIDATED,Quote verified and confidence >= 0.70.
TMO,0000097745-24-000007,GUIDANCE_DIRECTION,Management disclosed guidance direction with neutral implications.,233,1.0,NEUTRAL,LOW,LOW,VALIDATED,Quote verified and confidence >= 0.70.
TMO,0000097745-23-000008,MANAGEMENT_OUTLOOK,Management disclosed management outlook with neutral implications.,49,0.875,NEUTRAL,LOW,LOW,VALIDATED,Quote verified and confidence >= 0.70.
TMO,0000097745-23-000008,DEMAND_UNCERTAINTY,Identified operational or financial risk affecting demand uncertainty.,377,0.925,NEGATIVE,HIGH,MEDIUM,VALIDATED,Quote verified and confidence >= 0.70.
TMO,0000097745-23-000008,SUPPLY_CHAIN_RISK,Management disclosed supply chain risk with negative implications.,283,0.925,NEGATIVE,LOW,LOW,VALIDATED,Quote verified and confidence >= 0.70.
TMO,0000097745-23-000008,DEMAND_UNCERTAINTY,Identified operational or financial risk affecting demand uncertainty.,99,0.925,NEGATIVE,HIGH,MEDIUM,VALIDATED,Quote verified and confidence >= 0.70.
TMO,0000097745-23-000008,MARGIN_PRESSURE,Management disclosed margin pressure with neutral implications.,382,0.925,NEUTRAL,LOW,LOW,VALIDATED,Quote verified and confidence >= 0.70.
TMO,0000097745-23-000008,SUPPLY_CHAIN_RISK,Disclosed favorable trend or increase relating to supply chain risk.,776,0.925,NEGATIVE,HIGH,MEDIUM,VALIDATED,Quote verified and confidence >= 0.70.
TMO,0000097745-23-000008,DEMAND_UNCERTAINTY,Management disclosed demand uncertainty with neutral implications.,121,0.925,NEUTRAL,LOW,LOW,VALIDATED,Quote verified and confidence >= 0.70.
TMO,0000097745-23-000008,DEMAND_UNCERTAINTY,Management disclosed demand uncertainty with negative implications.,215,0.925,NEGATIVE,MEDIUM,MEDIUM,VALIDATED,Quote verified and confidence >= 0.70.
TMO,0000097745-23-000008,COMPETITIVE_PRESSURE,Management disclosed competitive pressure with neutral implications.,182,0.925,NEUTRAL,HIGH,MEDIUM,VALIDATED,Quote verified and confidence >= 0.70.
TMO,0000097745-23-000008,SUPPLY_CHAIN_RISK,Identified operational or financial risk affecting supply chain risk.,264,0.925,NEGATIVE,HIGH,MEDIUM,VALIDATED,Quote verified and confidence >= 0.70.
TMO,0000097745-23-000008,STRATEGIC_CHANGE,Management disclosed strategic change with neutral implications.,166,0.925,NEUTRAL,HIGH,MEDIUM,VALIDATED,Quote verified and confidence >= 0.70.
TMO,0000097745-23-000008,STRATEGIC_CHANGE,Management disclosed strategic change with neutral implications.,57,0.875,NEUTRAL,LOW,LOW,VALIDATED,Quote verified and confidence >= 0.70.
TMO,0000097745-23-000008,SUPPLY_CHAIN_RISK,Management disclosed supply chain risk with negative implications.,152,0.925,NEGATIVE,HIGH,MEDIUM,VALIDATED,Quote verified and confidence >= 0.70.
TMO,0000097745-23-000008,LITIGATION_RISK,Disclosed favorable trend or increase relating to litigation risk.,576,0.925,NEGATIVE,HIGH,MEDIUM,VALIDATED,Quote verified and confidence >= 0.70.
TMO,0000097745-23-000008,REGULATORY_RISK,Management disclosed regulatory risk with neutral implications.,267,0.925,NEUTRAL,LOW,LOW,VALIDATED,Quote verified and confidence >= 0.70.
TMO,0000097745-23-000008,COMPETITIVE_PRESSURE,Management disclosed competitive pressure with neutral implications.,182,0.925,NEUTRAL,LOW,LOW,VALIDATED,Quote verified and confidence >= 0.70.
TMO,0000097745-23-000008,REGULATORY_RISK,Management disclosed regulatory risk with neutral implications.,218,0.925,NEUTRAL,LOW,LOW,VALIDATED,Quote verified and confidence >= 0.70.
TMO,0000097745-23-000008,REGULATORY_RISK,Management disclosed regulatory risk with neutral implications.,160,0.925,NEUTRAL,LOW,LOW,VALIDATED,Quote verified and confidence >= 0.70.
TMO,0000097745-23-000008,REGULATORY_RISK,Management disclosed regulatory risk with neutral implications.,251,0.925,NEUTRAL,LOW,LOW,VALIDATED,Quote verified and confidence >= 0.70.
TMO,0000097745-23-000008,LITIGATION_RISK,Management disclosed litigation risk with negative implications.,271,0.925,NEGATIVE,LOW,LOW,VALIDATED,Quote verified and confidence >= 0.70.
TMO,0000097745-23-000008,COMPETITIVE_PRESSURE,Management disclosed competitive pressure with neutral implications.,176,0.925,NEUTRAL,LOW,LOW,VALIDATED,Quote verified and confidence >= 0.70.
TMO,0000097745-23-000008,COMPETITIVE_PRESSURE,Management disclosed competitive pressure with neutral implications.,107,0.925,NEUTRAL,LOW,LOW,VALIDATED,Quote verified and confidence >= 0.70.
TMO,0000097745-23-000008,LIQUIDITY_RISK,Management disclosed liquidity risk with neutral implications.,176,0.925,NEUTRAL,LOW,HIGH,VALIDATED,Quote verified and confidence >= 0.70.
TMO,0000097745-23-000008,LIQUIDITY_RISK,Management disclosed liquidity risk with neutral implications.,310,0.925,NEUTRAL,LOW,LOW,VALIDATED,Quote verified and confidence >= 0.70.
TMO,0000097745-23-000008,LIQUIDITY_RISK,Management disclosed liquidity risk with neutral implications.,290,0.925,NEUTRAL,LOW,LOW,VALIDATED,Quote verified and confidence >= 0.70.
TMO,0000097745-23-000008,LITIGATION_RISK,Management disclosed litigation risk with neutral implications.,162,1.0,NEUTRAL,LOW,LOW,VALIDATED,Quote verified and confidence >= 0.70.
TMO,0000097745-23-000008,MARGIN_PRESSURE,Disclosed favorable trend or increase relating to margin pressure.,707,1.0,POSITIVE,LOW,LOW,VALIDATED,Quote verified and confidence >= 0.70.
TMO,0000097745-23-000008,MARGIN_PRESSURE,Management disclosed margin pressure with positive implications.,143,1.0,POSITIVE,LOW,MEDIUM,VALIDATED,Quote verified and confidence >= 0.70.
TMO,0000097745-23-000008,STRATEGIC_CHANGE,Management disclosed strategic change with neutral implications.,191,0.97,NEUTRAL,LOW,LOW,VALIDATED,Quote verified and confidence >= 0.70.
TMO,0000097745-23-000008,STRATEGIC_CHANGE,Management disclosed strategic change with neutral implications.,211,0.97,NEUTRAL,LOW,LOW,VALIDATED,Quote verified and confidence >= 0.70.
TMO,0000097745-23-000008,MARGIN_PRESSURE,Management disclosed margin pressure with neutral implications.,164,1.0,NEUTRAL,LOW,HIGH,VALIDATED,Quote verified and confidence >= 0.70.
TMO,0000097745-23-000008,LITIGATION_RISK,Identified operational or financial risk affecting litigation risk.,209,0.925,NEGATIVE,LOW,HIGH,VALIDATED,Quote verified and confidence >= 0.70.
TMO,0000097745-23-000008,GUIDANCE_DIRECTION,Management disclosed guidance direction with neutral implications.,238,1.0,NEUTRAL,LOW,LOW,VALIDATED,Quote verified and confidence >= 0.70.
TMO,0000097745-23-000008,CAPITAL_ALLOCATION_CHANGE,Management disclosed capital allocation change with neutral implications.,110,0.985,NEUTRAL,LOW,LOW,VALIDATED,Quote verified and confidence >= 0.70.
TMO,0000097745-23-000008,LIQUIDITY_RISK,Management disclosed liquidity risk with neutral implications.,187,0.925,NEUTRAL,HIGH,MEDIUM,VALIDATED,Quote verified and confidence >= 0.70.
TMO,0000097745-23-000008,CAPITAL_ALLOCATION_CHANGE,Management disclosed capital allocation change with neutral implications.,183,0.985,NEUTRAL,LOW,HIGH,VALIDATED,Quote verified and confidence >= 0.70.
TMO,0000097745-23-000008,MATERIAL_BUSINESS_CHANGE,Management disclosed material business change with negative implications.,204,0.925,NEGATIVE,HIGH,MEDIUM,VALIDATED,Quote verified and confidence >= 0.70.
TMO,0000097745-23-000008,MATERIAL_BUSINESS_CHANGE,Management disclosed material business change with negative implications.,161,0.925,NEGATIVE,LOW,LOW,VALIDATED,Quote verified and confidence >= 0.70.
TMO,0000097745-23-000008,MATERIAL_BUSINESS_CHANGE,Management disclosed material business change with negative implications.,310,0.925,NEGATIVE,LOW,LOW,VALIDATED,Quote verified and confidence >= 0.70.
TMO,0000097745-23-000008,MATERIAL_BUSINESS_CHANGE,Management disclosed material business change with negative implications.,208,0.925,NEGATIVE,HIGH,MEDIUM,VALIDATED,Quote verified and confidence >= 0.70.
TMO,0000097745-23-000008,GUIDANCE_DIRECTION,Management disclosed guidance direction with negative implications.,203,0.925,NEGATIVE,LOW,LOW,VALIDATED,Quote verified and confidence >= 0.70.
WMT,0000104169-24-000056,STRATEGIC_CHANGE,Management disclosed strategic change with neutral implications.,174,0.97,NEUTRAL,LOW,LOW,VALIDATED,Quote verified and confidence >= 0.70.
WMT,0000104169-24-000056,DEMAND_UNCERTAINTY,Management disclosed demand uncertainty with neutral implications.,171,0.985,NEUTRAL,LOW,LOW,VALIDATED,Quote verified and confidence >= 0.70.
WMT,0000104169-24-000056,SUPPLY_CHAIN_RISK,Disclosed favorable trend or increase relating to supply chain risk.,218,0.925,POSITIVE,LOW,LOW,VALIDATED,Quote verified and confidence >= 0.70.
WMT,0000104169-24-000056,COMPETITIVE_PRESSURE,Management disclosed competitive pressure with neutral implications.,95,0.925,NEUTRAL,LOW,LOW,VALIDATED,Quote verified and confidence >= 0.70.
WMT,0000104169-24-000056,MARGIN_PRESSURE,Disclosed favorable trend or increase relating to margin pressure.,148,0.925,POSITIVE,LOW,LOW,VALIDATED,Quote verified and confidence >= 0.70.
WMT,0000104169-24-000056,MARGIN_PRESSURE,Management disclosed margin pressure with negative implications.,343,0.925,NEGATIVE,MEDIUM,MEDIUM,VALIDATED,Quote verified and confidence >= 0.70.
WMT,0000104169-24-000056,MARGIN_PRESSURE,Disclosed favorable trend or increase relating to margin pressure.,212,0.925,POSITIVE,LOW,MEDIUM,VALIDATED,Quote verified and confidence >= 0.70.
WMT,0000104169-24-000056,MARGIN_PRESSURE,Disclosed favorable trend or increase relating to margin pressure.,188,0.925,POSITIVE,LOW,LOW,VALIDATED,Quote verified and confidence >= 0.70.
WMT,0000104169-24-000056,STRATEGIC_CHANGE,Management disclosed strategic change with neutral implications.,294,0.925,NEUTRAL,LOW,HIGH,VALIDATED,Quote verified and confidence >= 0.70.
WMT,0000104169-24-000056,STRATEGIC_CHANGE,Management disclosed strategic change with neutral implications.,248,0.925,NEUTRAL,LOW,LOW,VALIDATED,Quote verified and confidence >= 0.70.
WMT,0000104169-24-000056,STRATEGIC_CHANGE,Disclosed favorable trend or increase relating to strategic change.,406,0.925,POSITIVE,LOW,LOW,VALIDATED,Quote verified and confidence >= 0.70.
WMT,0000104169-24-000056,CAPITAL_ALLOCATION_CHANGE,Management disclosed capital allocation change with neutral implications.,919,0.925,NEUTRAL,LOW,LOW,VALIDATED,Quote verified and confidence >= 0.70.
WMT,0000104169-24-000056,LIQUIDITY_RISK,Management disclosed liquidity risk with neutral implications.,217,0.97,NEUTRAL,LOW,LOW,VALIDATED,Quote verified and confidence >= 0.70.
WMT,0000104169-24-000056,CAPITAL_ALLOCATION_CHANGE,Management disclosed capital allocation change with neutral implications.,144,0.925,NEUTRAL,LOW,LOW,VALIDATED,Quote verified and confidence >= 0.70.
WMT,0000104169-24-000056,CAPITAL_ALLOCATION_CHANGE,Management disclosed capital allocation change with negative implications.,293,0.925,NEGATIVE,LOW,HIGH,VALIDATED,Quote verified and confidence >= 0.70.
WMT,0000104169-24-000056,REGULATORY_RISK,Management disclosed regulatory risk with positive implications.,300,1.0,POSITIVE,LOW,LOW,VALIDATED,Quote verified and confidence >= 0.70.
WMT,0000104169-24-000056,DEMAND_UNCERTAINTY,Management disclosed demand uncertainty with neutral implications.,308,0.97,NEUTRAL,LOW,LOW,VALIDATED,Quote verified and confidence >= 0.70.
WMT,0000104169-24-000056,CAPITAL_ALLOCATION_CHANGE,Management disclosed capital allocation change with neutral implications.,134,0.925,NEUTRAL,LOW,LOW,VALIDATED,Quote verified and confidence >= 0.70.
WMT,0000104169-24-000056,GUIDANCE_DIRECTION,Management disclosed guidance direction with neutral implications.,140,0.925,NEUTRAL,LOW,LOW,VALIDATED,Quote verified and confidence >= 0.70.
WMT,0000104169-24-000056,GUIDANCE_DIRECTION,Management disclosed guidance direction with neutral implications.,167,0.925,NEUTRAL,LOW,HIGH,VALIDATED,Quote verified and confidence >= 0.70.
WMT,0000104169-24-000056,SUPPLY_CHAIN_RISK,Management disclosed supply chain risk with neutral implications.,235,0.985,NEUTRAL,LOW,LOW,VALIDATED,Quote verified and confidence >= 0.70.
WMT,0000104169-24-000056,LITIGATION_RISK,Management disclosed litigation risk with negative implications.,298,0.985,NEGATIVE,LOW,LOW,VALIDATED,Quote verified and confidence >= 0.70.
WMT,0000104169-24-000056,LITIGATION_RISK,Management disclosed litigation risk with neutral implications.,47,0.95,NEUTRAL,LOW,LOW,VALIDATED,Quote verified and confidence >= 0.70.
WMT,0000104169-24-000056,REGULATORY_RISK,Management disclosed regulatory risk with neutral implications.,80,0.985,NEUTRAL,LOW,LOW,VALIDATED,Quote verified and confidence >= 0.70.
WMT,0000104169-24-000056,GUIDANCE_DIRECTION,Management disclosed guidance direction with neutral implications.,137,0.925,NEUTRAL,LOW,LOW,VALIDATED,Quote verified and confidence >= 0.70.
WMT,0000104169-24-000056,LITIGATION_RISK,Management disclosed litigation risk with neutral implications.,201,0.925,NEUTRAL,LOW,LOW,VALIDATED,Quote verified and confidence >= 0.70.
WMT,0000104169-24-000056,REGULATORY_RISK,Identified operational or financial risk affecting regulatory risk.,246,0.925,NEGATIVE,LOW,LOW,VALIDATED,Quote verified and confidence >= 0.70.
WMT,0000104169-24-000056,LIQUIDITY_RISK,Management disclosed liquidity risk with neutral implications.,139,0.925,NEUTRAL,LOW,LOW,VALIDATED,Quote verified and confidence >= 0.70.
WMT,0000104169-24-000056,SUPPLY_CHAIN_RISK,Management disclosed supply chain risk with neutral implications.,459,0.925,NEUTRAL,LOW,LOW,VALIDATED,Quote verified and confidence >= 0.70.
WMT,0000104169-24-000056,GUIDANCE_DIRECTION,Management disclosed guidance direction with positive implications.,169,0.925,POSITIVE,LOW,MEDIUM,VALIDATED,Quote verified and confidence >= 0.70.
WMT,0000104169-24-000056,MATERIAL_BUSINESS_CHANGE,Management disclosed material business change with negative implications.,204,0.925,NEGATIVE,LOW,LOW,VALIDATED,Quote verified and confidence >= 0.70.
WMT,0000104169-24-000056,MATERIAL_BUSINESS_CHANGE,Management disclosed material business change with negative implications.,186,0.925,NEGATIVE,LOW,LOW,VALIDATED,Quote verified and confidence >= 0.70.
WMT,0000104169-24-000056,MATERIAL_BUSINESS_CHANGE,Management disclosed material business change with negative implications.,285,0.925,NEGATIVE,HIGH,MEDIUM,VALIDATED,Quote verified and confidence >= 0.70.
WMT,0000104169-24-000056,SUPPLY_CHAIN_RISK,Management disclosed supply chain risk with neutral implications.,320,0.925,NEUTRAL,LOW,LOW,VALIDATED,Quote verified and confidence >= 0.70.
WMT,0000104169-24-000056,REGULATORY_RISK,Management disclosed regulatory risk with neutral implications.,114,0.925,NEUTRAL,LOW,LOW,VALIDATED,Quote verified and confidence >= 0.70.
WMT,0000104169-24-000056,LITIGATION_RISK,Management disclosed litigation risk with mixed implications.,503,0.925,MIXED,LOW,LOW,VALIDATED,Quote verified and confidence >= 0.70.
WMT,0000104169-24-000056,LIQUIDITY_RISK,Management disclosed liquidity risk with neutral implications.,505,0.925,NEUTRAL,LOW,LOW,VALIDATED,Quote verified and confidence >= 0.70.
WMT,0000104169-24-000056,MATERIAL_BUSINESS_CHANGE,Management disclosed material business change with negative implications.,283,0.925,NEGATIVE,HIGH,HIGH,VALIDATED,Quote verified and confidence >= 0.70.
PG,0000080424-24-000083,REGULATORY_RISK,Management disclosed regulatory risk with neutral implications.,144,0.925,NEUTRAL,LOW,LOW,VALIDATED,Quote verified and confidence >= 0.70.
PG,0000080424-24-000083,REGULATORY_RISK,Management disclosed regulatory risk with neutral implications.,168,0.925,NEUTRAL,LOW,LOW,VALIDATED,Quote verified and confidence >= 0.70.
PG,0000080424-24-000083,SUPPLY_CHAIN_RISK,Management disclosed supply chain risk with neutral implications.,141,0.925,NEUTRAL,HIGH,MEDIUM,VALIDATED,Quote verified and confidence >= 0.70.
PG,0000080424-24-000083,COMPETITIVE_PRESSURE,Management disclosed competitive pressure with neutral implications.,181,0.925,NEUTRAL,HIGH,MEDIUM,VALIDATED,Quote verified and confidence >= 0.70.
PG,0000080424-24-000083,REGULATORY_RISK,Management disclosed regulatory risk with neutral implications.,171,0.925,NEUTRAL,LOW,LOW,VALIDATED,Quote verified and confidence >= 0.70.
PG,0000080424-24-000083,REGULATORY_RISK,Management disclosed regulatory risk with neutral implications.,322,0.925,NEUTRAL,LOW,LOW,VALIDATED,Quote verified and confidence >= 0.70.
PG,0000080424-24-000083,COMPETITIVE_PRESSURE,Management disclosed competitive pressure with positive implications.,170,0.925,POSITIVE,CRITICAL,HIGH,VALIDATED,Quote verified and confidence >= 0.70.
PG,0000080424-24-000083,MANAGEMENT_OUTLOOK,Management disclosed management outlook with neutral implications.,276,0.925,NEUTRAL,LOW,LOW,VALIDATED,Quote verified and confidence >= 0.70.
PG,0000080424-24-000083,MANAGEMENT_OUTLOOK,Management disclosed management outlook with neutral implications.,157,0.925,NEUTRAL,HIGH,MEDIUM,VALIDATED,Quote verified and confidence >= 0.70.
PG,0000080424-24-000083,MARGIN_PRESSURE,Disclosed favorable trend or increase relating to margin pressure.,55,0.875,POSITIVE,LOW,LOW,VALIDATED,Quote verified and confidence >= 0.70.
PG,0000080424-24-000083,DEMAND_UNCERTAINTY,Identified operational or financial risk affecting demand uncertainty.,208,0.97,NEGATIVE,MEDIUM,MEDIUM,VALIDATED,Quote verified and confidence >= 0.70.
PG,0000080424-24-000083,SUPPLY_CHAIN_RISK,Management disclosed supply chain risk with neutral implications.,164,0.985,NEUTRAL,LOW,LOW,VALIDATED,Quote verified and confidence >= 0.70.
PG,0000080424-24-000083,MARGIN_PRESSURE,Identified operational or financial risk affecting margin pressure.,238,0.925,NEGATIVE,HIGH,MEDIUM,VALIDATED,Quote verified and confidence >= 0.70.
PG,0000080424-24-000083,DEMAND_UNCERTAINTY,Identified operational or financial risk affecting demand uncertainty.,350,0.97,NEGATIVE,HIGH,MEDIUM,VALIDATED,Quote verified and confidence >= 0.70.
PG,0000080424-24-000083,SUPPLY_CHAIN_RISK,Management disclosed supply chain risk with neutral implications.,291,0.985,NEUTRAL,LOW,LOW,VALIDATED,Quote verified and confidence >= 0.70.
PG,0000080424-24-000083,SUPPLY_CHAIN_RISK,Disclosed favorable trend or increase relating to supply chain risk.,485,0.985,NEGATIVE,LOW,LOW,VALIDATED,Quote verified and confidence >= 0.70.
PG,0000080424-24-000083,MARGIN_PRESSURE,Disclosed favorable trend or increase relating to margin pressure.,71,0.875,MIXED,LOW,MEDIUM,VALIDATED,Quote verified and confidence >= 0.70.
PG,0000080424-24-000083,COMPETITIVE_PRESSURE,Management disclosed competitive pressure with neutral implications.,53,0.92,NEUTRAL,LOW,LOW,VALIDATED,Quote verified and confidence >= 0.70.
PG,0000080424-24-000083,MARGIN_PRESSURE,Management disclosed margin pressure with negative implications.,239,0.925,NEGATIVE,HIGH,MEDIUM,VALIDATED,Quote verified and confidence >= 0.70.
PG,0000080424-24-000083,LITIGATION_RISK,Management disclosed litigation risk with negative implications.,670,0.985,NEGATIVE,HIGH,MEDIUM,VALIDATED,Quote verified and confidence >= 0.70.
PG,0000080424-24-000083,STRATEGIC_CHANGE,Management disclosed strategic change with neutral implications.,327,0.925,NEUTRAL,LOW,LOW,VALIDATED,Quote verified and confidence >= 0.70.
PG,0000080424-24-000083,DEMAND_UNCERTAINTY,Management disclosed demand uncertainty with neutral implications.,454,0.97,NEUTRAL,HIGH,MEDIUM,VALIDATED,Quote verified and confidence >= 0.70.
PG,0000080424-24-000083,COMPETITIVE_PRESSURE,Disclosed favorable trend or increase relating to competitive pressure.,236,0.97,POSITIVE,LOW,LOW,VALIDATED,Quote verified and confidence >= 0.70.
PG,0000080424-24-000083,STRATEGIC_CHANGE,Management disclosed strategic change with neutral implications.,90,0.925,NEUTRAL,LOW,LOW,VALIDATED,Quote verified and confidence >= 0.70.
PG,0000080424-24-000083,GUIDANCE_DIRECTION,Disclosed favorable trend or increase relating to guidance direction.,582,0.925,POSITIVE,MEDIUM,MEDIUM,VALIDATED,Quote verified and confidence >= 0.70.
PG,0000080424-24-000083,LITIGATION_RISK,Management disclosed litigation risk with neutral implications.,323,1.0,NEUTRAL,LOW,LOW,VALIDATED,Quote verified and confidence >= 0.70.
PG,0000080424-24-000083,LITIGATION_RISK,Management disclosed litigation risk with neutral implications.,132,1.0,NEUTRAL,LOW,LOW,VALIDATED,Quote verified and confidence >= 0.70.
PG,0000080424-24-000083,MANAGEMENT_OUTLOOK,Management disclosed management outlook with negative implications.,490,1.0,NEGATIVE,LOW,LOW,VALIDATED,Quote verified and confidence >= 0.70.
PG,0000080424-24-000083,LIQUIDITY_RISK,Disclosed favorable trend or increase relating to liquidity risk.,497,0.925,MIXED,CRITICAL,HIGH,VALIDATED,Quote verified and confidence >= 0.70.
PG,0000080424-24-000083,CAPITAL_ALLOCATION_CHANGE,Management disclosed capital allocation change with neutral implications.,163,0.985,NEUTRAL,LOW,LOW,VALIDATED,Quote verified and confidence >= 0.70.
PG,0000080424-24-000083,CAPITAL_ALLOCATION_CHANGE,Management disclosed capital allocation change with neutral implications.,95,0.985,NEUTRAL,LOW,LOW,VALIDATED,Quote verified and confidence >= 0.70.
PG,0000080424-24-000083,STRATEGIC_CHANGE,Management disclosed strategic change with neutral implications.,336,0.97,NEUTRAL,LOW,LOW,VALIDATED,Quote verified and confidence >= 0.70.
PG,0000080424-24-000083,STRATEGIC_CHANGE,Management disclosed strategic change with neutral implications.,84,0.97,NEUTRAL,LOW,LOW,VALIDATED,Quote verified and confidence >= 0.70.
PG,0000080424-24-000083,MATERIAL_BUSINESS_CHANGE,Management disclosed material business change with mixed implications.,258,0.925,MIXED,LOW,HIGH,VALIDATED,Quote verified and confidence >= 0.70.
PG,0000080424-24-000083,MATERIAL_BUSINESS_CHANGE,Disclosed favorable trend or increase relating to material business change.,208,0.925,MIXED,LOW,HIGH,VALIDATED,Quote verified and confidence >= 0.70.
PG,0000080424-24-000083,MATERIAL_BUSINESS_CHANGE,Management disclosed material business change with negative implications.,342,0.925,NEGATIVE,HIGH,MEDIUM,VALIDATED,Quote verified and confidence >= 0.70.
PG,0000080424-24-000083,CAPITAL_ALLOCATION_CHANGE,Management disclosed capital allocation change with neutral implications.,66,0.935,NEUTRAL,LOW,LOW,VALIDATED,Quote verified and confidence >= 0.70.
PG,0000080424-24-000083,CAPITAL_ALLOCATION_CHANGE,Management disclosed capital allocation change with neutral implications.,210,0.985,NEUTRAL,LOW,LOW,VALIDATED,Quote verified and confidence >= 0.70.
PG,0000080424-24-000083,LIQUIDITY_RISK,Management disclosed liquidity risk with positive implications.,167,0.925,POSITIVE,LOW,HIGH,VALIDATED,Quote verified and confidence >= 0.70.
PG,0000080424-24-000083,LIQUIDITY_RISK,Management disclosed liquidity risk with neutral implications.,206,0.925,NEUTRAL,LOW,LOW,VALIDATED,Quote verified and confidence >= 0.70.
PG,0000080424-24-000083,GUIDANCE_DIRECTION,Management disclosed guidance direction with neutral implications.,128,1.0,NEUTRAL,LOW,LOW,VALIDATED,Quote verified and confidence >= 0.70.
PG,0000080424-24-000083,GUIDANCE_DIRECTION,Management disclosed guidance direction with negative implications.,141,1.0,NEGATIVE,MEDIUM,MEDIUM,VALIDATED,Quote verified and confidence >= 0.70.
PG,0000080424-24-000083,GUIDANCE_DIRECTION,Disclosed favorable trend or increase relating to guidance direction.,374,1.0,POSITIVE,LOW,LOW,VALIDATED,Quote verified and confidence >= 0.70.
PG,0000080424-24-000083,MATERIAL_BUSINESS_CHANGE,Management disclosed material business change with negative implications.,114,0.925,NEGATIVE,LOW,LOW,VALIDATED,Quote verified and confidence >= 0.70.
PG,0000080424-24-000083,DEMAND_UNCERTAINTY,Disclosed favorable trend or increase relating to demand uncertainty.,345,0.985,POSITIVE,MEDIUM,MEDIUM,VALIDATED,Quote verified and confidence >= 0.70.
PG,0000080424-23-000073,REGULATORY_RISK,Management disclosed regulatory risk with neutral implications.,144,0.925,NEUTRAL,LOW,LOW,VALIDATED,Quote verified and confidence >= 0.70.
PG,0000080424-23-000073,COMPETITIVE_PRESSURE,Management disclosed competitive pressure with neutral implications.,79,0.875,NEUTRAL,LOW,LOW,VALIDATED,Quote verified and confidence >= 0.70.
PG,0000080424-23-000073,SUPPLY_CHAIN_RISK,Management disclosed supply chain risk with neutral implications.,141,0.925,NEUTRAL,HIGH,MEDIUM,VALIDATED,Quote verified and confidence >= 0.70.
PG,0000080424-23-000073,COMPETITIVE_PRESSURE,Management disclosed competitive pressure with neutral implications.,66,0.875,NEUTRAL,LOW,LOW,VALIDATED,Quote verified and confidence >= 0.70.
PG,0000080424-23-000073,REGULATORY_RISK,Management disclosed regulatory risk with neutral implications.,171,0.925,NEUTRAL,LOW,LOW,VALIDATED,Quote verified and confidence >= 0.70.
PG,0000080424-23-000073,REGULATORY_RISK,Management disclosed regulatory risk with neutral implications.,322,0.925,NEUTRAL,LOW,LOW,VALIDATED,Quote verified and confidence >= 0.70.
PG,0000080424-23-000073,COMPETITIVE_PRESSURE,Management disclosed competitive pressure with neutral implications.,143,0.925,NEUTRAL,CRITICAL,HIGH,VALIDATED,Quote verified and confidence >= 0.70.
PG,0000080424-23-000073,MANAGEMENT_OUTLOOK,Management disclosed management outlook with neutral implications.,276,0.925,NEUTRAL,LOW,LOW,VALIDATED,Quote verified and confidence >= 0.70.
PG,0000080424-23-000073,DEMAND_UNCERTAINTY,Identified operational or financial risk affecting demand uncertainty.,281,0.97,NEGATIVE,HIGH,MEDIUM,VALIDATED,Quote verified and confidence >= 0.70.
PG,0000080424-23-000073,MARGIN_PRESSURE,Disclosed favorable trend or increase relating to margin pressure.,55,0.875,POSITIVE,LOW,LOW,VALIDATED,Quote verified and confidence >= 0.70.
PG,0000080424-23-000073,DEMAND_UNCERTAINTY,Identified operational or financial risk affecting demand uncertainty.,208,0.97,NEGATIVE,MEDIUM,MEDIUM,VALIDATED,Quote verified and confidence >= 0.70.
PG,0000080424-23-000073,DEMAND_UNCERTAINTY,Management disclosed demand uncertainty with negative implications.,169,0.97,NEGATIVE,HIGH,MEDIUM,VALIDATED,Quote verified and confidence >= 0.70.
PG,0000080424-23-000073,SUPPLY_CHAIN_RISK,Disclosed favorable trend or increase relating to supply chain risk.,534,0.985,MIXED,HIGH,MEDIUM,VALIDATED,Quote verified and confidence >= 0.70.
PG,0000080424-23-000073,LIQUIDITY_RISK,Disclosed favorable trend or increase relating to liquidity risk.,332,0.97,NEGATIVE,HIGH,MEDIUM,VALIDATED,Quote verified and confidence >= 0.70.
PG,0000080424-23-000073,MARGIN_PRESSURE,Identified operational or financial risk affecting margin pressure.,238,0.925,NEGATIVE,HIGH,MEDIUM,VALIDATED,Quote verified and confidence >= 0.70.
PG,0000080424-23-000073,MARGIN_PRESSURE,Disclosed favorable trend or increase relating to margin pressure.,169,0.925,POSITIVE,LOW,LOW,VALIDATED,Quote verified and confidence >= 0.70.
PG,0000080424-23-000073,SUPPLY_CHAIN_RISK,Management disclosed supply chain risk with neutral implications.,141,0.985,NEUTRAL,HIGH,MEDIUM,VALIDATED,Quote verified and confidence >= 0.70.
PG,0000080424-23-000073,SUPPLY_CHAIN_RISK,Disclosed favorable trend or increase relating to supply chain risk.,485,0.985,NEGATIVE,LOW,LOW,VALIDATED,Quote verified and confidence >= 0.70.
PG,0000080424-23-000073,MARGIN_PRESSURE,Disclosed favorable trend or increase relating to margin pressure.,72,0.875,MIXED,LOW,MEDIUM,VALIDATED,Quote verified and confidence >= 0.70.
PG,0000080424-23-000073,COMPETITIVE_PRESSURE,Management disclosed competitive pressure with neutral implications.,53,0.92,NEUTRAL,LOW,LOW,VALIDATED,Quote verified and confidence >= 0.70.
PG,0000080424-23-000073,LITIGATION_RISK,Management disclosed litigation risk with negative implications.,665,0.985,NEGATIVE,HIGH,MEDIUM,VALIDATED,Quote verified and confidence >= 0.70.
PG,0000080424-23-000073,REGULATORY_RISK,Identified operational or financial risk affecting regulatory risk.,277,1.0,NEGATIVE,MEDIUM,MEDIUM,VALIDATED,Quote verified and confidence >= 0.70.
PG,0000080424-23-000073,DEMAND_UNCERTAINTY,Disclosed favorable trend or increase relating to demand uncertainty.,301,0.97,MIXED,HIGH,MEDIUM,VALIDATED,Quote verified and confidence >= 0.70.
PG,0000080424-23-000073,STRATEGIC_CHANGE,Management disclosed strategic change with neutral implications.,167,0.925,NEUTRAL,LOW,LOW,VALIDATED,Quote verified and confidence >= 0.70.
PG,0000080424-23-000073,GUIDANCE_DIRECTION,Disclosed favorable trend or increase relating to guidance direction.,582,0.925,POSITIVE,MEDIUM,MEDIUM,VALIDATED,Quote verified and confidence >= 0.70.
PG,0000080424-23-000073,LITIGATION_RISK,Identified operational or financial risk affecting litigation risk.,412,0.985,NEGATIVE,HIGH,MEDIUM,VALIDATED,Quote verified and confidence >= 0.70.
PG,0000080424-23-000073,LITIGATION_RISK,Management disclosed litigation risk with neutral implications.,323,1.0,NEUTRAL,LOW,LOW,VALIDATED,Quote verified and confidence >= 0.70.
PG,0000080424-23-000073,MANAGEMENT_OUTLOOK,Management disclosed management outlook with negative implications.,462,1.0,NEGATIVE,LOW,LOW,VALIDATED,Quote verified and confidence >= 0.70.
PG,0000080424-23-000073,LIQUIDITY_RISK,Management disclosed liquidity risk with negative implications.,279,0.925,NEGATIVE,CRITICAL,HIGH,VALIDATED,Quote verified and confidence >= 0.70.
PG,0000080424-23-000073,GUIDANCE_DIRECTION,Management disclosed guidance direction with neutral implications.,171,1.0,NEUTRAL,LOW,LOW,VALIDATED,Quote verified and confidence >= 0.70.
PG,0000080424-23-000073,CAPITAL_ALLOCATION_CHANGE,Management disclosed capital allocation change with neutral implications.,163,0.985,NEUTRAL,LOW,LOW,VALIDATED,Quote verified and confidence >= 0.70.
PG,0000080424-23-000073,CAPITAL_ALLOCATION_CHANGE,Management disclosed capital allocation change with negative implications.,205,0.985,NEGATIVE,LOW,LOW,VALIDATED,Quote verified and confidence >= 0.70.
PG,0000080424-23-000073,GUIDANCE_DIRECTION,Disclosed favorable trend or increase relating to guidance direction.,407,1.0,POSITIVE,LOW,LOW,VALIDATED,Quote verified and confidence >= 0.70.
PG,0000080424-23-000073,MANAGEMENT_OUTLOOK,Management disclosed management outlook with negative implications.,249,1.0,NEGATIVE,MEDIUM,MEDIUM,VALIDATED,Quote verified and confidence >= 0.70.
PG,0000080424-23-000073,STRATEGIC_CHANGE,Management disclosed strategic change with negative implications.,351,0.97,NEGATIVE,LOW,LOW,VALIDATED,Quote verified and confidence >= 0.70.
PG,0000080424-23-000073,STRATEGIC_CHANGE,Management disclosed strategic change with neutral implications.,124,0.97,NEUTRAL,LOW,HIGH,VALIDATED,Quote verified and confidence >= 0.70.
PG,0000080424-23-000073,CAPITAL_ALLOCATION_CHANGE,Management disclosed capital allocation change with neutral implications.,66,0.935,NEUTRAL,LOW,LOW,VALIDATED,Quote verified and confidence >= 0.70.
PG,0000080424-23-000073,CAPITAL_ALLOCATION_CHANGE,Management disclosed capital allocation change with neutral implications.,282,0.985,NEUTRAL,LOW,LOW,VALIDATED,Quote verified and confidence >= 0.70.
PG,0000080424-23-000073,LIQUIDITY_RISK,Management disclosed liquidity risk with positive implications.,156,0.925,POSITIVE,LOW,HIGH,VALIDATED,Quote verified and confidence >= 0.70.
PG,0000080424-23-000073,LIQUIDITY_RISK,Management disclosed liquidity risk with neutral implications.,206,0.925,NEUTRAL,LOW,LOW,VALIDATED,Quote verified and confidence >= 0.70.
PG,0000080424-23-000073,GUIDANCE_DIRECTION,Management disclosed guidance direction with neutral implications.,128,1.0,NEUTRAL,LOW,LOW,VALIDATED,Quote verified and confidence >= 0.70.
PG,0000080424-23-000073,STRATEGIC_CHANGE,Management disclosed strategic change with neutral implications.,160,0.97,NEUTRAL,LOW,LOW,VALIDATED,Quote verified and confidence >= 0.70.
PG,0000080424-23-000073,MATERIAL_BUSINESS_CHANGE,Management disclosed material business change with negative implications.,114,0.925,NEGATIVE,LOW,LOW,VALIDATED,Quote verified and confidence >= 0.70.
PG,0000080424-23-000073,MATERIAL_BUSINESS_CHANGE,Management disclosed material business change with mixed implications.,196,0.925,MIXED,LOW,LOW,VALIDATED,Quote verified and confidence >= 0.70.
PG,0000080424-23-000073,MATERIAL_BUSINESS_CHANGE,Disclosed favorable trend or increase relating to material business change.,386,0.925,MIXED,MEDIUM,MEDIUM,VALIDATED,Quote verified and confidence >= 0.70.
KO,0000021344-24-000009,REGULATORY_RISK,Management disclosed regulatory risk with negative implications.,1010,0.925,NEGATIVE,CRITICAL,HIGH,VALIDATED,Quote verified and confidence >= 0.70.
KO,0000021344-24-000009,DEMAND_UNCERTAINTY,Management disclosed demand uncertainty with negative implications.,268,0.925,NEGATIVE,MEDIUM,MEDIUM,VALIDATED,Quote verified and confidence >= 0.70.
KO,0000021344-24-000009,REGULATORY_RISK,Management disclosed regulatory risk with neutral implications.,211,0.925,NEUTRAL,LOW,LOW,VALIDATED,Quote verified and confidence >= 0.70.
KO,0000021344-24-000009,LITIGATION_RISK,Management disclosed litigation risk with negative implications.,349,0.925,NEGATIVE,LOW,LOW,VALIDATED,Quote verified and confidence >= 0.70.
KO,0000021344-24-000009,MATERIAL_BUSINESS_CHANGE,Management disclosed material business change with mixed implications.,332,0.925,MIXED,LOW,LOW,VALIDATED,Quote verified and confidence >= 0.70.
KO,0000021344-24-000009,SUPPLY_CHAIN_RISK,Management disclosed supply chain risk with neutral implications.,407,0.925,NEUTRAL,LOW,LOW,VALIDATED,Quote verified and confidence >= 0.70.
KO,0000021344-24-000009,REGULATORY_RISK,Management disclosed regulatory risk with neutral implications.,168,0.925,NEUTRAL,HIGH,MEDIUM,VALIDATED,Quote verified and confidence >= 0.70.
KO,0000021344-24-000009,STRATEGIC_CHANGE,Management disclosed strategic change with neutral implications.,294,0.925,NEUTRAL,LOW,LOW,VALIDATED,Quote verified and confidence >= 0.70.
KO,0000021344-24-000009,REGULATORY_RISK,Management disclosed regulatory risk with neutral implications.,166,0.925,NEUTRAL,LOW,LOW,VALIDATED,Quote verified and confidence >= 0.70.
KO,0000021344-24-000009,GUIDANCE_DIRECTION,Identified operational or financial risk affecting guidance direction.,314,0.925,NEGATIVE,LOW,LOW,VALIDATED,Quote verified and confidence >= 0.70.
KO,0000021344-24-000009,DEMAND_UNCERTAINTY,Disclosed favorable trend or increase relating to demand uncertainty.,205,0.925,POSITIVE,HIGH,MEDIUM,VALIDATED,Quote verified and confidence >= 0.70.
KO,0000021344-24-000009,GUIDANCE_DIRECTION,Management disclosed guidance direction with positive implications.,831,0.925,POSITIVE,HIGH,MEDIUM,VALIDATED,Quote verified and confidence >= 0.70.
KO,0000021344-24-000009,DEMAND_UNCERTAINTY,Management disclosed demand uncertainty with neutral implications.,486,0.925,NEUTRAL,MEDIUM,MEDIUM,VALIDATED,Quote verified and confidence >= 0.70.
KO,0000021344-24-000009,DEMAND_UNCERTAINTY,Management disclosed demand uncertainty with neutral implications.,68,0.875,NEUTRAL,LOW,LOW,VALIDATED,Quote verified and confidence >= 0.70.
KO,0000021344-24-000009,LITIGATION_RISK,Management disclosed litigation risk with neutral implications.,210,1.0,NEUTRAL,HIGH,MEDIUM,VALIDATED,Quote verified and confidence >= 0.70.
KO,0000021344-24-000009,LITIGATION_RISK,Management disclosed litigation risk with neutral implications.,75,0.95,NEUTRAL,LOW,MEDIUM,VALIDATED,Quote verified and confidence >= 0.70.
KO,0000021344-24-000009,LITIGATION_RISK,Management disclosed litigation risk with neutral implications.,176,1.0,NEUTRAL,LOW,LOW,VALIDATED,Quote verified and confidence >= 0.70.
KO,0000021344-24-000009,CAPITAL_ALLOCATION_CHANGE,Management disclosed capital allocation change with neutral implications.,195,0.925,NEUTRAL,LOW,LOW,VALIDATED,Quote verified and confidence >= 0.70.
KO,0000021344-24-000009,GUIDANCE_DIRECTION,Management disclosed guidance direction with neutral implications.,188,0.925,NEUTRAL,LOW,LOW,VALIDATED,Quote verified and confidence >= 0.70.
KO,0000021344-24-000009,LIQUIDITY_RISK,Management disclosed liquidity risk with neutral implications.,173,0.925,NEUTRAL,LOW,MEDIUM,VALIDATED,Quote verified and confidence >= 0.70.
KO,0000021344-24-000009,MARGIN_PRESSURE,Management disclosed margin pressure with neutral implications.,137,1.0,NEUTRAL,LOW,LOW,VALIDATED,Quote verified and confidence >= 0.70.
KO,0000021344-24-000009,COMPETITIVE_PRESSURE,Management disclosed competitive pressure with neutral implications.,604,0.925,NEUTRAL,LOW,LOW,VALIDATED,Quote verified and confidence >= 0.70.
KO,0000021344-24-000009,GUIDANCE_DIRECTION,Management disclosed guidance direction with positive implications.,423,1.0,POSITIVE,LOW,LOW,VALIDATED,Quote verified and confidence >= 0.70.
KO,0000021344-24-000009,COMPETITIVE_PRESSURE,Management disclosed competitive pressure with neutral implications.,71,0.875,NEUTRAL,LOW,LOW,VALIDATED,Quote verified and confidence >= 0.70.
KO,0000021344-24-000009,COMPETITIVE_PRESSURE,Management disclosed competitive pressure with positive implications.,125,0.925,POSITIVE,LOW,LOW,VALIDATED,Quote verified and confidence >= 0.70.
KO,0000021344-24-000009,COMPETITIVE_PRESSURE,Disclosed favorable trend or increase relating to competitive pressure.,218,0.925,POSITIVE,LOW,LOW,VALIDATED,Quote verified and confidence >= 0.70.
KO,0000021344-24-000009,MATERIAL_BUSINESS_CHANGE,Management disclosed material business change with negative implications.,241,0.925,NEGATIVE,HIGH,MEDIUM,VALIDATED,Quote verified and confidence >= 0.70.
KO,0000021344-24-000009,MATERIAL_BUSINESS_CHANGE,Management disclosed material business change with mixed implications.,83,0.925,MIXED,HIGH,MEDIUM,VALIDATED,Quote verified and confidence >= 0.70.
KO,0000021344-24-000009,MATERIAL_BUSINESS_CHANGE,Management disclosed material business change with negative implications.,187,0.925,NEGATIVE,HIGH,MEDIUM,VALIDATED,Quote verified and confidence >= 0.70.
KO,0000021344-24-000009,STRATEGIC_CHANGE,Management disclosed strategic change with mixed implications.,232,0.925,MIXED,LOW,LOW,VALIDATED,Quote verified and confidence >= 0.70.
KO,0000021344-24-000009,STRATEGIC_CHANGE,Management disclosed strategic change with neutral implications.,178,0.925,NEUTRAL,LOW,LOW,VALIDATED,Quote verified and confidence >= 0.70.
KO,0000021344-24-000009,STRATEGIC_CHANGE,Management disclosed strategic change with positive implications.,264,0.925,POSITIVE,LOW,LOW,VALIDATED,Quote verified and confidence >= 0.70.
KO,0000021344-24-000009,LIQUIDITY_RISK,Management disclosed liquidity risk with neutral implications.,191,0.97,NEUTRAL,LOW,LOW,VALIDATED,Quote verified and confidence >= 0.70.
KO,0000021344-24-000009,MARGIN_PRESSURE,Disclosed favorable trend or increase relating to margin pressure.,179,0.925,POSITIVE,LOW,LOW,VALIDATED,Quote verified and confidence >= 0.70.
KO,0000021344-24-000009,MARGIN_PRESSURE,Management disclosed margin pressure with neutral implications.,93,0.925,NEUTRAL,LOW,LOW,VALIDATED,Quote verified and confidence >= 0.70.
KO,0000021344-24-000009,MARGIN_PRESSURE,Management disclosed margin pressure with neutral implications.,501,0.925,NEUTRAL,LOW,LOW,VALIDATED,Quote verified and confidence >= 0.70.
KO,0000021344-24-000009,CAPITAL_ALLOCATION_CHANGE,Management disclosed capital allocation change with negative implications.,503,0.925,NEGATIVE,LOW,HIGH,VALIDATED,Quote verified and confidence >= 0.70.
KO,0000021344-24-000009,SUPPLY_CHAIN_RISK,Management disclosed supply chain risk with neutral implications.,74,0.935,NEUTRAL,LOW,LOW,VALIDATED,Quote verified and confidence >= 0.70.
KO,0000021344-24-000009,CAPITAL_ALLOCATION_CHANGE,Management disclosed capital allocation change with neutral implications.,294,0.925,NEUTRAL,LOW,LOW,VALIDATED,Quote verified and confidence >= 0.70.
KO,0000021344-24-000009,SUPPLY_CHAIN_RISK,Management disclosed supply chain risk with negative implications.,489,0.985,NEGATIVE,MEDIUM,HIGH,VALIDATED,Quote verified and confidence >= 0.70.
KO,0000021344-24-000009,CAPITAL_ALLOCATION_CHANGE,Management disclosed capital allocation change with neutral implications.,39,0.825,NEUTRAL,LOW,LOW,VALIDATED,Quote verified and confidence >= 0.70.
KO,0000021344-24-000009,LIQUIDITY_RISK,Management disclosed liquidity risk with neutral implications.,163,0.97,NEUTRAL,LOW,LOW,VALIDATED,Quote verified and confidence >= 0.70.
KO,0000021344-24-000009,SUPPLY_CHAIN_RISK,Management disclosed supply chain risk with neutral implications.,132,0.985,NEUTRAL,LOW,LOW,VALIDATED,Quote verified and confidence >= 0.70.
KO,0000021344-24-000009,MANAGEMENT_OUTLOOK,Management disclosed management outlook with neutral implications.,237,0.925,NEUTRAL,LOW,LOW,VALIDATED,Quote verified and confidence >= 0.70.
KO,0000021344-23-000011,REGULATORY_RISK,Management disclosed regulatory risk with negative implications.,1010,0.925,NEGATIVE,CRITICAL,HIGH,VALIDATED,Quote verified and confidence >= 0.70.
KO,0000021344-23-000011,DEMAND_UNCERTAINTY,Management disclosed demand uncertainty with negative implications.,261,0.925,NEGATIVE,MEDIUM,MEDIUM,VALIDATED,Quote verified and confidence >= 0.70.
KO,0000021344-23-000011,REGULATORY_RISK,Management disclosed regulatory risk with neutral implications.,211,0.925,NEUTRAL,LOW,LOW,VALIDATED,Quote verified and confidence >= 0.70.
KO,0000021344-23-000011,LITIGATION_RISK,Management disclosed litigation risk with negative implications.,349,0.925,NEGATIVE,LOW,LOW,VALIDATED,Quote verified and confidence >= 0.70.
KO,0000021344-23-000011,MATERIAL_BUSINESS_CHANGE,Management disclosed material business change with mixed implications.,332,0.925,MIXED,LOW,LOW,VALIDATED,Quote verified and confidence >= 0.70.
KO,0000021344-23-000011,SUPPLY_CHAIN_RISK,Management disclosed supply chain risk with neutral implications.,407,0.925,NEUTRAL,LOW,LOW,VALIDATED,Quote verified and confidence >= 0.70.
KO,0000021344-23-000011,REGULATORY_RISK,Management disclosed regulatory risk with neutral implications.,173,0.925,NEUTRAL,HIGH,MEDIUM,VALIDATED,Quote verified and confidence >= 0.70.
KO,0000021344-23-000011,STRATEGIC_CHANGE,Management disclosed strategic change with neutral implications.,294,0.925,NEUTRAL,LOW,LOW,VALIDATED,Quote verified and confidence >= 0.70.
KO,0000021344-23-000011,LITIGATION_RISK,Management disclosed litigation risk with negative implications.,264,0.925,NEGATIVE,LOW,LOW,VALIDATED,Quote verified and confidence >= 0.70.
KO,0000021344-23-000011,SUPPLY_CHAIN_RISK,Management disclosed supply chain risk with neutral implications.,265,0.925,NEUTRAL,LOW,LOW,VALIDATED,Quote verified and confidence >= 0.70.
KO,0000021344-23-000011,REGULATORY_RISK,Disclosed favorable trend or increase relating to regulatory risk.,508,0.925,NEGATIVE,CRITICAL,HIGH,VALIDATED,Quote verified and confidence >= 0.70.
KO,0000021344-23-000011,GUIDANCE_DIRECTION,Identified operational or financial risk affecting guidance direction.,199,0.925,NEGATIVE,LOW,LOW,VALIDATED,Quote verified and confidence >= 0.70.
KO,0000021344-23-000011,LITIGATION_RISK,Disclosed favorable trend or increase relating to litigation risk.,254,0.925,NEGATIVE,LOW,LOW,VALIDATED,Quote verified and confidence >= 0.70.
KO,0000021344-23-000011,GUIDANCE_DIRECTION,Management disclosed guidance direction with positive implications.,831,0.925,POSITIVE,HIGH,MEDIUM,VALIDATED,Quote verified and confidence >= 0.70.
KO,0000021344-23-000011,DEMAND_UNCERTAINTY,Management disclosed demand uncertainty with neutral implications.,486,0.925,NEUTRAL,MEDIUM,MEDIUM,VALIDATED,Quote verified and confidence >= 0.70.
KO,0000021344-23-000011,DEMAND_UNCERTAINTY,Management disclosed demand uncertainty with neutral implications.,68,0.875,NEUTRAL,LOW,LOW,VALIDATED,Quote verified and confidence >= 0.70.
KO,0000021344-23-000011,LITIGATION_RISK,Management disclosed litigation risk with neutral implications.,210,1.0,NEUTRAL,HIGH,MEDIUM,VALIDATED,Quote verified and confidence >= 0.70.
KO,0000021344-23-000011,CAPITAL_ALLOCATION_CHANGE,Management disclosed capital allocation change with neutral implications.,195,0.925,NEUTRAL,LOW,LOW,VALIDATED,Quote verified and confidence >= 0.70.
KO,0000021344-23-000011,LIQUIDITY_RISK,Management disclosed liquidity risk with neutral implications.,173,0.925,NEUTRAL,LOW,MEDIUM,VALIDATED,Quote verified and confidence >= 0.70.
KO,0000021344-23-000011,MARGIN_PRESSURE,Management disclosed margin pressure with neutral implications.,137,1.0,NEUTRAL,LOW,LOW,VALIDATED,Quote verified and confidence >= 0.70.
KO,0000021344-23-000011,COMPETITIVE_PRESSURE,Management disclosed competitive pressure with neutral implications.,388,0.925,NEUTRAL,LOW,LOW,VALIDATED,Quote verified and confidence >= 0.70.
KO,0000021344-23-000011,STRATEGIC_CHANGE,Disclosed favorable trend or increase relating to strategic change.,141,0.97,POSITIVE,LOW,LOW,VALIDATED,Quote verified and confidence >= 0.70.
KO,0000021344-23-000011,DEMAND_UNCERTAINTY,Identified operational or financial risk affecting demand uncertainty.,137,0.985,NEGATIVE,LOW,LOW,VALIDATED,Quote verified and confidence >= 0.70.
KO,0000021344-23-000011,COMPETITIVE_PRESSURE,Management disclosed competitive pressure with neutral implications.,71,0.875,NEUTRAL,LOW,LOW,VALIDATED,Quote verified and confidence >= 0.70.
KO,0000021344-23-000011,COMPETITIVE_PRESSURE,Management disclosed competitive pressure with positive implications.,125,0.925,POSITIVE,LOW,LOW,VALIDATED,Quote verified and confidence >= 0.70.
KO,0000021344-23-000011,SUPPLY_CHAIN_RISK,Management disclosed supply chain risk with positive implications.,147,0.925,POSITIVE,LOW,LOW,VALIDATED,Quote verified and confidence >= 0.70.
KO,0000021344-23-000011,MATERIAL_BUSINESS_CHANGE,Management disclosed material business change with negative implications.,225,0.925,NEGATIVE,HIGH,MEDIUM,VALIDATED,Quote verified and confidence >= 0.70.
KO,0000021344-23-000011,MATERIAL_BUSINESS_CHANGE,Management disclosed material business change with mixed implications.,83,0.925,MIXED,HIGH,MEDIUM,VALIDATED,Quote verified and confidence >= 0.70.
KO,0000021344-23-000011,MATERIAL_BUSINESS_CHANGE,Management disclosed material business change with mixed implications.,76,0.875,MIXED,LOW,LOW,VALIDATED,Quote verified and confidence >= 0.70.
KO,0000021344-23-000011,GUIDANCE_DIRECTION,Disclosed downward pressure or decrease relating to guidance direction.,533,0.925,NEGATIVE,HIGH,MEDIUM,VALIDATED,Quote verified and confidence >= 0.70.
KO,0000021344-23-000011,STRATEGIC_CHANGE,Management disclosed strategic change with mixed implications.,232,0.925,MIXED,LOW,LOW,VALIDATED,Quote verified and confidence >= 0.70.
KO,0000021344-23-000011,GUIDANCE_DIRECTION,Management disclosed guidance direction with neutral implications.,188,0.925,NEUTRAL,LOW,LOW,VALIDATED,Quote verified and confidence >= 0.70.
KO,0000021344-23-000011,STRATEGIC_CHANGE,Management disclosed strategic change with positive implications.,264,0.925,POSITIVE,LOW,LOW,VALIDATED,Quote verified and confidence >= 0.70.
KO,0000021344-23-000011,LIQUIDITY_RISK,Management disclosed liquidity risk with neutral implications.,191,0.97,NEUTRAL,LOW,LOW,VALIDATED,Quote verified and confidence >= 0.70.
KO,0000021344-23-000011,MARGIN_PRESSURE,Disclosed favorable trend or increase relating to margin pressure.,179,0.925,POSITIVE,LOW,LOW,VALIDATED,Quote verified and confidence >= 0.70.
KO,0000021344-23-000011,MARGIN_PRESSURE,Management disclosed margin pressure with neutral implications.,235,0.925,NEUTRAL,LOW,LOW,VALIDATED,Quote verified and confidence >= 0.70.
KO,0000021344-23-000011,MARGIN_PRESSURE,Management disclosed margin pressure with neutral implications.,405,0.925,NEUTRAL,LOW,LOW,VALIDATED,Quote verified and confidence >= 0.70.
KO,0000021344-23-000011,CAPITAL_ALLOCATION_CHANGE,Management disclosed capital allocation change with negative implications.,659,0.925,NEGATIVE,LOW,LOW,VALIDATED,Quote verified and confidence >= 0.70.
KO,0000021344-23-000011,CAPITAL_ALLOCATION_CHANGE,Management disclosed capital allocation change with negative implications.,503,0.925,NEGATIVE,LOW,HIGH,VALIDATED,Quote verified and confidence >= 0.70.
KO,0000021344-23-000011,CAPITAL_ALLOCATION_CHANGE,Management disclosed capital allocation change with neutral implications.,294,0.925,NEUTRAL,LOW,LOW,VALIDATED,Quote verified and confidence >= 0.70.
KO,0000021344-23-000011,SUPPLY_CHAIN_RISK,Management disclosed supply chain risk with positive implications.,212,0.985,POSITIVE,LOW,LOW,VALIDATED,Quote verified and confidence >= 0.70.
KO,0000021344-23-000011,LIQUIDITY_RISK,Management disclosed liquidity risk with neutral implications.,163,0.97,NEUTRAL,LOW,LOW,VALIDATED,Quote verified and confidence >= 0.70.
KO,0000021344-23-000011,COMPETITIVE_PRESSURE,Management disclosed competitive pressure with neutral implications.,379,0.925,NEUTRAL,LOW,LOW,VALIDATED,Quote verified and confidence >= 0.70.
KO,0000021344-23-000011,LIQUIDITY_RISK,Management disclosed liquidity risk with neutral implications.,485,0.925,NEUTRAL,LOW,LOW,VALIDATED,Quote verified and confidence >= 0.70.
PEP,0000077476-24-000008,LITIGATION_RISK,Management disclosed litigation risk with negative implications.,145,1.0,NEGATIVE,HIGH,MEDIUM,VALIDATED,Quote verified and confidence >= 0.70.
PEP,0000077476-24-000008,GUIDANCE_DIRECTION,Management disclosed guidance direction with neutral implications.,297,0.925,NEUTRAL,LOW,LOW,VALIDATED,Quote verified and confidence >= 0.70.
PEP,0000077476-24-000008,COMPETITIVE_PRESSURE,Management disclosed competitive pressure with neutral implications.,483,0.925,NEUTRAL,HIGH,MEDIUM,VALIDATED,Quote verified and confidence >= 0.70.
PEP,0000077476-24-000008,GUIDANCE_DIRECTION,Management disclosed guidance direction with neutral implications.,151,0.925,NEUTRAL,LOW,LOW,VALIDATED,Quote verified and confidence >= 0.70.
PEP,0000077476-24-000008,MATERIAL_BUSINESS_CHANGE,Management disclosed material business change with negative implications.,183,0.925,NEGATIVE,LOW,LOW,VALIDATED,Quote verified and confidence >= 0.70.
PEP,0000077476-24-000008,GUIDANCE_DIRECTION,Disclosed favorable trend or increase relating to guidance direction.,334,0.925,MIXED,LOW,LOW,VALIDATED,Quote verified and confidence >= 0.70.
PEP,0000077476-24-000008,MATERIAL_BUSINESS_CHANGE,Management disclosed material business change with mixed implications.,309,0.925,MIXED,LOW,HIGH,VALIDATED,Quote verified and confidence >= 0.70.
PEP,0000077476-24-000008,REGULATORY_RISK,Management disclosed regulatory risk with neutral implications.,206,0.925,NEUTRAL,LOW,LOW,VALIDATED,Quote verified and confidence >= 0.70.
PEP,0000077476-24-000008,GUIDANCE_DIRECTION,Disclosed favorable trend or increase relating to guidance direction.,442,0.925,POSITIVE,LOW,LOW,VALIDATED,Quote verified and confidence >= 0.70.
PEP,0000077476-24-000008,MATERIAL_BUSINESS_CHANGE,Management disclosed material business change with mixed implications.,959,0.925,MIXED,LOW,LOW,VALIDATED,Quote verified and confidence >= 0.70.
PEP,0000077476-24-000008,STRATEGIC_CHANGE,Management disclosed strategic change with negative implications.,1154,0.925,NEGATIVE,LOW,LOW,VALIDATED,Quote verified and confidence >= 0.70.
PEP,0000077476-24-000008,STRATEGIC_CHANGE,Management disclosed strategic change with neutral implications.,1009,0.925,NEUTRAL,LOW,LOW,VALIDATED,Quote verified and confidence >= 0.70.
PEP,0000077476-24-000008,CAPITAL_ALLOCATION_CHANGE,Disclosed favorable trend or increase relating to capital allocation change.,873,0.925,MIXED,LOW,LOW,VALIDATED,Quote verified and confidence >= 0.70.
PEP,0000077476-24-000008,CAPITAL_ALLOCATION_CHANGE,Management disclosed capital allocation change with negative implications.,1485,0.925,NEGATIVE,LOW,LOW,VALIDATED,Quote verified and confidence >= 0.70.
PEP,0000077476-24-000008,CAPITAL_ALLOCATION_CHANGE,Management disclosed capital allocation change with neutral implications.,209,0.925,NEUTRAL,LOW,LOW,VALIDATED,Quote verified and confidence >= 0.70.
PEP,0000077476-24-000008,MATERIAL_BUSINESS_CHANGE,Management disclosed material business change with negative implications.,340,0.925,NEGATIVE,LOW,LOW,VALIDATED,Quote verified and confidence >= 0.70.
PEP,0000077476-24-000008,DEMAND_UNCERTAINTY,Management disclosed demand uncertainty with neutral implications.,182,0.97,NEUTRAL,LOW,LOW,VALIDATED,Quote verified and confidence >= 0.70.
PEP,0000077476-24-000008,STRATEGIC_CHANGE,Management disclosed strategic change with mixed implications.,507,0.925,MIXED,LOW,LOW,VALIDATED,Quote verified and confidence >= 0.70.
PEP,0000077476-24-000008,STRATEGIC_CHANGE,Management disclosed strategic change with positive implications.,668,0.925,POSITIVE,LOW,LOW,VALIDATED,Quote verified and confidence >= 0.70.
PEP,0000077476-24-000008,REGULATORY_RISK,Management disclosed regulatory risk with neutral implications.,84,1.0,NEUTRAL,LOW,LOW,VALIDATED,Quote verified and confidence >= 0.70.
PEP,0000077476-24-000008,REGULATORY_RISK,Management disclosed regulatory risk with neutral implications.,192,1.0,NEUTRAL,LOW,LOW,VALIDATED,Quote verified and confidence >= 0.70.
PEP,0000077476-24-000008,LITIGATION_RISK,Management disclosed litigation risk with positive implications.,453,0.985,POSITIVE,LOW,LOW,VALIDATED,Quote verified and confidence >= 0.70.
PEP,0000077476-24-000008,CAPITAL_ALLOCATION_CHANGE,Management disclosed capital allocation change with neutral implications.,173,0.925,NEUTRAL,LOW,LOW,VALIDATED,Quote verified and confidence >= 0.70.
PEP,0000077476-24-000008,DEMAND_UNCERTAINTY,Identified operational or financial risk affecting demand uncertainty.,112,0.97,MIXED,LOW,LOW,VALIDATED,Quote verified and confidence >= 0.70.
PEP,0000077476-24-000008,LITIGATION_RISK,Management disclosed litigation risk with mixed implications.,1499,0.985,MIXED,LOW,LOW,VALIDATED,Quote verified and confidence >= 0.70.
PEP,0000077476-24-000008,LITIGATION_RISK,Management disclosed litigation risk with mixed implications.,837,0.985,MIXED,LOW,LOW,VALIDATED,Quote verified and confidence >= 0.70.
PEP,0000077476-24-000008,LIQUIDITY_RISK,Management disclosed liquidity risk with neutral implications.,138,0.97,NEUTRAL,LOW,LOW,VALIDATED,Quote verified and confidence >= 0.70.
PEP,0000077476-24-000008,LIQUIDITY_RISK,Management disclosed liquidity risk with neutral implications.,139,0.97,NEUTRAL,LOW,LOW,VALIDATED,Quote verified and confidence >= 0.70.
PEP,0000077476-24-000008,SUPPLY_CHAIN_RISK,Identified operational or financial risk affecting supply chain risk.,128,0.985,NEGATIVE,HIGH,MEDIUM,VALIDATED,Quote verified and confidence >= 0.70.
PEP,0000077476-24-000008,SUPPLY_CHAIN_RISK,Identified operational or financial risk affecting supply chain risk.,235,0.985,NEGATIVE,LOW,LOW,VALIDATED,Quote verified and confidence >= 0.70.
PEP,0000077476-24-000008,LIQUIDITY_RISK,Management disclosed liquidity risk with neutral implications.,109,0.97,NEUTRAL,HIGH,MEDIUM,VALIDATED,Quote verified and confidence >= 0.70.
PEP,0000077476-24-000008,SUPPLY_CHAIN_RISK,Management disclosed supply chain risk with neutral implications.,152,0.985,NEUTRAL,LOW,LOW,VALIDATED,Quote verified and confidence >= 0.70.
PEP,0000077476-24-000008,DEMAND_UNCERTAINTY,Management disclosed demand uncertainty with neutral implications.,185,0.97,NEUTRAL,LOW,LOW,VALIDATED,Quote verified and confidence >= 0.70.
PEP,0000077476-23-000007,LITIGATION_RISK,Management disclosed litigation risk with negative implications.,132,1.0,NEGATIVE,HIGH,MEDIUM,VALIDATED,Quote verified and confidence >= 0.70.
PEP,0000077476-23-000007,GUIDANCE_DIRECTION,Management disclosed guidance direction with neutral implications.,297,0.925,NEUTRAL,LOW,LOW,VALIDATED,Quote verified and confidence >= 0.70.
PEP,0000077476-23-000007,COMPETITIVE_PRESSURE,Management disclosed competitive pressure with neutral implications.,458,0.925,NEUTRAL,HIGH,MEDIUM,VALIDATED,Quote verified and confidence >= 0.70.
PEP,0000077476-23-000007,GUIDANCE_DIRECTION,Management disclosed guidance direction with neutral implications.,151,0.925,NEUTRAL,LOW,LOW,VALIDATED,Quote verified and confidence >= 0.70.
PEP,0000077476-23-000007,REGULATORY_RISK,Management disclosed regulatory risk with neutral implications.,428,0.925,NEUTRAL,LOW,LOW,VALIDATED,Quote verified and confidence >= 0.70.
PEP,0000077476-23-000007,MATERIAL_BUSINESS_CHANGE,Management disclosed material business change with negative implications.,183,0.925,NEGATIVE,LOW,LOW,VALIDATED,Quote verified and confidence >= 0.70.
PEP,0000077476-23-000007,GUIDANCE_DIRECTION,Disclosed favorable trend or increase relating to guidance direction.,334,0.925,MIXED,LOW,LOW,VALIDATED,Quote verified and confidence >= 0.70.
PEP,0000077476-23-000007,MATERIAL_BUSINESS_CHANGE,Management disclosed material business change with mixed implications.,176,0.925,MIXED,LOW,HIGH,VALIDATED,Quote verified and confidence >= 0.70.
PEP,0000077476-23-000007,REGULATORY_RISK,Management disclosed regulatory risk with neutral implications.,206,0.925,NEUTRAL,LOW,LOW,VALIDATED,Quote verified and confidence >= 0.70.
PEP,0000077476-23-000007,GUIDANCE_DIRECTION,Disclosed favorable trend or increase relating to guidance direction.,442,0.925,POSITIVE,LOW,LOW,VALIDATED,Quote verified and confidence >= 0.70.
PEP,0000077476-23-000007,MATERIAL_BUSINESS_CHANGE,Management disclosed material business change with negative implications.,474,0.925,NEGATIVE,LOW,LOW,VALIDATED,Quote verified and confidence >= 0.70.
PEP,0000077476-23-000007,STRATEGIC_CHANGE,Management disclosed strategic change with neutral implications.,1489,0.925,NEUTRAL,LOW,LOW,VALIDATED,Quote verified and confidence >= 0.70.
PEP,0000077476-23-000007,CAPITAL_ALLOCATION_CHANGE,Disclosed favorable trend or increase relating to capital allocation change.,1352,0.925,MIXED,LOW,LOW,VALIDATED,Quote verified and confidence >= 0.70.
PEP,0000077476-23-000007,CAPITAL_ALLOCATION_CHANGE,Management disclosed capital allocation change with neutral implications.,802,0.925,NEUTRAL,LOW,LOW,VALIDATED,Quote verified and confidence >= 0.70.
PEP,0000077476-23-000007,MATERIAL_BUSINESS_CHANGE,Management disclosed material business change with negative implications.,340,0.925,NEGATIVE,LOW,LOW,VALIDATED,Quote verified and confidence >= 0.70.
PEP,0000077476-23-000007,DEMAND_UNCERTAINTY,Management disclosed demand uncertainty with neutral implications.,182,0.97,NEUTRAL,LOW,LOW,VALIDATED,Quote verified and confidence >= 0.70.
PEP,0000077476-23-000007,STRATEGIC_CHANGE,Management disclosed strategic change with mixed implications.,507,0.925,MIXED,LOW,LOW,VALIDATED,Quote verified and confidence >= 0.70.
PEP,0000077476-23-000007,STRATEGIC_CHANGE,Disclosed favorable trend or increase relating to strategic change.,80,0.925,POSITIVE,LOW,LOW,VALIDATED,Quote verified and confidence >= 0.70.
PEP,0000077476-23-000007,STRATEGIC_CHANGE,Management disclosed strategic change with mixed implications.,887,0.925,MIXED,LOW,LOW,VALIDATED,Quote verified and confidence >= 0.70.
PEP,0000077476-23-000007,REGULATORY_RISK,Management disclosed regulatory risk with neutral implications.,205,1.0,NEUTRAL,LOW,LOW,VALIDATED,Quote verified and confidence >= 0.70.
PEP,0000077476-23-000007,REGULATORY_RISK,Management disclosed regulatory risk with neutral implications.,47,0.95,NEUTRAL,LOW,LOW,VALIDATED,Quote verified and confidence >= 0.70.
PEP,0000077476-23-000007,LITIGATION_RISK,Management disclosed litigation risk with positive implications.,453,0.985,POSITIVE,LOW,LOW,VALIDATED,Quote verified and confidence >= 0.70.
PEP,0000077476-23-000007,CAPITAL_ALLOCATION_CHANGE,Management disclosed capital allocation change with neutral implications.,173,0.925,NEUTRAL,LOW,LOW,VALIDATED,Quote verified and confidence >= 0.70.
PEP,0000077476-23-000007,DEMAND_UNCERTAINTY,Identified operational or financial risk affecting demand uncertainty.,112,0.97,MIXED,LOW,LOW,VALIDATED,Quote verified and confidence >= 0.70.
PEP,0000077476-23-000007,LITIGATION_RISK,Management disclosed litigation risk with positive implications.,921,0.985,POSITIVE,LOW,LOW,VALIDATED,Quote verified and confidence >= 0.70.
PEP,0000077476-23-000007,LITIGATION_RISK,Disclosed downward pressure or decrease relating to litigation risk.,1326,0.985,NEGATIVE,LOW,LOW,VALIDATED,Quote verified and confidence >= 0.70.
PEP,0000077476-23-000007,SUPPLY_CHAIN_RISK,Management disclosed supply chain risk with neutral implications.,585,0.985,NEUTRAL,LOW,LOW,VALIDATED,Quote verified and confidence >= 0.70.
PEP,0000077476-23-000007,LIQUIDITY_RISK,Management disclosed liquidity risk with neutral implications.,138,0.97,NEUTRAL,LOW,LOW,VALIDATED,Quote verified and confidence >= 0.70.
PEP,0000077476-23-000007,LIQUIDITY_RISK,Management disclosed liquidity risk with neutral implications.,139,0.97,NEUTRAL,LOW,LOW,VALIDATED,Quote verified and confidence >= 0.70.
PEP,0000077476-23-000007,SUPPLY_CHAIN_RISK,Identified operational or financial risk affecting supply chain risk.,128,0.985,NEGATIVE,HIGH,MEDIUM,VALIDATED,Quote verified and confidence >= 0.70.
PEP,0000077476-23-000007,SUPPLY_CHAIN_RISK,Identified operational or financial risk affecting supply chain risk.,235,0.985,NEGATIVE,LOW,LOW,VALIDATED,Quote verified and confidence >= 0.70.
PEP,0000077476-23-000007,LIQUIDITY_RISK,Management disclosed liquidity risk with neutral implications.,109,0.97,NEUTRAL,HIGH,MEDIUM,VALIDATED,Quote verified and confidence >= 0.70.
PEP,0000077476-23-000007,DEMAND_UNCERTAINTY,Management disclosed demand uncertainty with neutral implications.,185,0.97,NEUTRAL,LOW,LOW,VALIDATED,Quote verified and confidence >= 0.70.
COST,0000909832-24-000049,SUPPLY_CHAIN_RISK,Management disclosed supply chain risk with neutral implications.,168,0.925,NEUTRAL,LOW,LOW,VALIDATED,Quote verified and confidence >= 0.70.
COST,0000909832-24-000049,SUPPLY_CHAIN_RISK,Management disclosed supply chain risk with neutral implications.,76,0.875,NEUTRAL,HIGH,MEDIUM,VALIDATED,Quote verified and confidence >= 0.70.
COST,0000909832-24-000049,GUIDANCE_DIRECTION,Management disclosed guidance direction with positive implications.,215,0.925,POSITIVE,HIGH,MEDIUM,VALIDATED,Quote verified and confidence >= 0.70.
COST,0000909832-24-000049,COMPETITIVE_PRESSURE,Management disclosed competitive pressure with positive implications.,98,0.925,POSITIVE,LOW,LOW,VALIDATED,Quote verified and confidence >= 0.70.
COST,0000909832-24-000049,COMPETITIVE_PRESSURE,Management disclosed competitive pressure with neutral implications.,170,0.925,NEUTRAL,LOW,LOW,VALIDATED,Quote verified and confidence >= 0.70.
COST,0000909832-24-000049,MARGIN_PRESSURE,Management disclosed margin pressure with neutral implications.,224,0.925,NEUTRAL,LOW,LOW,VALIDATED,Quote verified and confidence >= 0.70.
COST,0000909832-24-000049,REGULATORY_RISK,Management disclosed regulatory risk with neutral implications.,401,0.925,NEUTRAL,HIGH,MEDIUM,VALIDATED,Quote verified and confidence >= 0.70.
COST,0000909832-24-000049,MARGIN_PRESSURE,Disclosed favorable trend or increase relating to margin pressure.,641,0.925,MIXED,MEDIUM,MEDIUM,VALIDATED,Quote verified and confidence >= 0.70.
COST,0000909832-24-000049,STRATEGIC_CHANGE,Disclosed favorable trend or increase relating to strategic change.,114,0.925,POSITIVE,LOW,LOW,VALIDATED,Quote verified and confidence >= 0.70.
COST,0000909832-24-000049,COMPETITIVE_PRESSURE,Management disclosed competitive pressure with neutral implications.,145,0.97,NEUTRAL,LOW,LOW,VALIDATED,Quote verified and confidence >= 0.70.
COST,0000909832-24-000049,MARGIN_PRESSURE,Management disclosed margin pressure with neutral implications.,154,0.925,NEUTRAL,LOW,LOW,VALIDATED,Quote verified and confidence >= 0.70.
COST,0000909832-24-000049,DEMAND_UNCERTAINTY,Management disclosed demand uncertainty with neutral implications.,119,0.97,NEUTRAL,LOW,LOW,VALIDATED,Quote verified and confidence >= 0.70.
COST,0000909832-24-000049,DEMAND_UNCERTAINTY,Management disclosed demand uncertainty with neutral implications.,366,0.97,NEUTRAL,LOW,LOW,VALIDATED,Quote verified and confidence >= 0.70.
COST,0000909832-24-000049,SUPPLY_CHAIN_RISK,Management disclosed supply chain risk with negative implications.,267,0.985,NEGATIVE,LOW,LOW,VALIDATED,Quote verified and confidence >= 0.70.
COST,0000909832-24-000049,REGULATORY_RISK,Management disclosed regulatory risk with neutral implications.,210,1.0,NEUTRAL,LOW,LOW,VALIDATED,Quote verified and confidence >= 0.70.
COST,0000909832-24-000049,SUPPLY_CHAIN_RISK,Management disclosed supply chain risk with neutral implications.,157,0.985,NEUTRAL,LOW,LOW,VALIDATED,Quote verified and confidence >= 0.70.
COST,0000909832-24-000049,REGULATORY_RISK,Management disclosed regulatory risk with negative implications.,542,1.0,NEGATIVE,HIGH,MEDIUM,VALIDATED,Quote verified and confidence >= 0.70.
COST,0000909832-24-000049,REGULATORY_RISK,Management disclosed regulatory risk with negative implications.,149,1.0,NEGATIVE,LOW,LOW,VALIDATED,Quote verified and confidence >= 0.70.
COST,0000909832-24-000049,LITIGATION_RISK,Disclosed favorable trend or increase relating to litigation risk.,337,0.985,MIXED,LOW,LOW,VALIDATED,Quote verified and confidence >= 0.70.
COST,0000909832-24-000049,COMPETITIVE_PRESSURE,Management disclosed competitive pressure with neutral implications.,139,0.97,NEUTRAL,LOW,LOW,VALIDATED,Quote verified and confidence >= 0.70.
COST,0000909832-24-000049,MARGIN_PRESSURE,Disclosed favorable trend or increase relating to margin pressure.,151,0.925,POSITIVE,MEDIUM,MEDIUM,VALIDATED,Quote verified and confidence >= 0.70.
COST,0000909832-24-000049,DEMAND_UNCERTAINTY,Management disclosed demand uncertainty with negative implications.,322,0.97,NEGATIVE,LOW,LOW,VALIDATED,Quote verified and confidence >= 0.70.
COST,0000909832-24-000049,GUIDANCE_DIRECTION,Management disclosed guidance direction with neutral implications.,256,0.925,NEUTRAL,HIGH,MEDIUM,VALIDATED,Quote verified and confidence >= 0.70.
COST,0000909832-24-000049,LITIGATION_RISK,Identified operational or financial risk affecting litigation risk.,193,0.985,NEGATIVE,HIGH,MEDIUM,VALIDATED,Quote verified and confidence >= 0.70.
COST,0000909832-24-000049,LITIGATION_RISK,Management disclosed litigation risk with neutral implications.,148,0.985,NEUTRAL,LOW,LOW,VALIDATED,Quote verified and confidence >= 0.70.
COST,0000909832-24-000049,CAPITAL_ALLOCATION_CHANGE,Management disclosed capital allocation change with positive implications.,312,0.925,POSITIVE,LOW,LOW,VALIDATED,Quote verified and confidence >= 0.70.
COST,0000909832-24-000049,CAPITAL_ALLOCATION_CHANGE,Management disclosed capital allocation change with neutral implications.,156,0.925,NEUTRAL,LOW,LOW,VALIDATED,Quote verified and confidence >= 0.70.
COST,0000909832-24-000049,LITIGATION_RISK,Management disclosed litigation risk with neutral implications.,231,0.925,NEUTRAL,LOW,LOW,VALIDATED,Quote verified and confidence >= 0.70.
COST,0000909832-24-000049,LIQUIDITY_RISK,Management disclosed liquidity risk with neutral implications.,470,0.925,NEUTRAL,HIGH,HIGH,VALIDATED,Quote verified and confidence >= 0.70.
COST,0000909832-24-000049,LIQUIDITY_RISK,Management disclosed liquidity risk with neutral implications.,241,0.925,NEUTRAL,LOW,LOW,VALIDATED,Quote verified and confidence >= 0.70.
COST,0000909832-24-000049,CAPITAL_ALLOCATION_CHANGE,Management disclosed capital allocation change with neutral implications.,95,0.985,NEUTRAL,LOW,LOW,VALIDATED,Quote verified and confidence >= 0.70.
COST,0000909832-24-000049,CAPITAL_ALLOCATION_CHANGE,Management disclosed capital allocation change with neutral implications.,182,0.985,NEUTRAL,LOW,LOW,VALIDATED,Quote verified and confidence >= 0.70.
COST,0000909832-24-000049,LIQUIDITY_RISK,Management disclosed liquidity risk with neutral implications.,196,0.925,NEUTRAL,HIGH,MEDIUM,VALIDATED,Quote verified and confidence >= 0.70.
COST,0000909832-24-000049,LIQUIDITY_RISK,Management disclosed liquidity risk with neutral implications.,161,0.925,NEUTRAL,LOW,LOW,VALIDATED,Quote verified and confidence >= 0.70.
COST,0000909832-24-000049,DEMAND_UNCERTAINTY,Management disclosed demand uncertainty with negative implications.,303,0.925,NEGATIVE,LOW,LOW,VALIDATED,Quote verified and confidence >= 0.70.
COST,0000909832-24-000049,GUIDANCE_DIRECTION,Management disclosed guidance direction with neutral implications.,214,0.925,NEUTRAL,LOW,LOW,VALIDATED,Quote verified and confidence >= 0.70.
COST,0000909832-23-000042,SUPPLY_CHAIN_RISK,Management disclosed supply chain risk with neutral implications.,191,0.925,NEUTRAL,LOW,LOW,VALIDATED,Quote verified and confidence >= 0.70.
COST,0000909832-23-000042,SUPPLY_CHAIN_RISK,Management disclosed supply chain risk with neutral implications.,76,0.875,NEUTRAL,HIGH,MEDIUM,VALIDATED,Quote verified and confidence >= 0.70.
COST,0000909832-23-000042,GUIDANCE_DIRECTION,Management disclosed guidance direction with positive implications.,264,0.925,POSITIVE,HIGH,MEDIUM,VALIDATED,Quote verified and confidence >= 0.70.
COST,0000909832-23-000042,SUPPLY_CHAIN_RISK,Management disclosed supply chain risk with neutral implications.,235,0.925,NEUTRAL,LOW,LOW,VALIDATED,Quote verified and confidence >= 0.70.
COST,0000909832-23-000042,COMPETITIVE_PRESSURE,Management disclosed competitive pressure with neutral implications.,183,0.925,NEUTRAL,LOW,LOW,VALIDATED,Quote verified and confidence >= 0.70.
COST,0000909832-23-000042,MARGIN_PRESSURE,Management disclosed margin pressure with neutral implications.,224,0.925,NEUTRAL,LOW,LOW,VALIDATED,Quote verified and confidence >= 0.70.
COST,0000909832-23-000042,REGULATORY_RISK,Management disclosed regulatory risk with neutral implications.,401,0.925,NEUTRAL,HIGH,MEDIUM,VALIDATED,Quote verified and confidence >= 0.70.
COST,0000909832-23-000042,MARGIN_PRESSURE,Disclosed favorable trend or increase relating to margin pressure.,641,0.925,MIXED,MEDIUM,MEDIUM,VALIDATED,Quote verified and confidence >= 0.70.
COST,0000909832-23-000042,STRATEGIC_CHANGE,Disclosed favorable trend or increase relating to strategic change.,114,0.925,POSITIVE,LOW,LOW,VALIDATED,Quote verified and confidence >= 0.70.
COST,0000909832-23-000042,COMPETITIVE_PRESSURE,Management disclosed competitive pressure with neutral implications.,145,0.97,NEUTRAL,LOW,LOW,VALIDATED,Quote verified and confidence >= 0.70.
COST,0000909832-23-000042,MARGIN_PRESSURE,Management disclosed margin pressure with neutral implications.,154,0.925,NEUTRAL,LOW,LOW,VALIDATED,Quote verified and confidence >= 0.70.
COST,0000909832-23-000042,DEMAND_UNCERTAINTY,Management disclosed demand uncertainty with neutral implications.,119,0.97,NEUTRAL,LOW,LOW,VALIDATED,Quote verified and confidence >= 0.70.
COST,0000909832-23-000042,MARGIN_PRESSURE,Management disclosed margin pressure with negative implications.,325,0.925,NEGATIVE,LOW,LOW,VALIDATED,Quote verified and confidence >= 0.70.
COST,0000909832-23-000042,SUPPLY_CHAIN_RISK,Management disclosed supply chain risk with negative implications.,267,0.985,NEGATIVE,LOW,LOW,VALIDATED,Quote verified and confidence >= 0.70.
COST,0000909832-23-000042,REGULATORY_RISK,Management disclosed regulatory risk with neutral implications.,199,1.0,NEUTRAL,LOW,LOW,VALIDATED,Quote verified and confidence >= 0.70.
COST,0000909832-23-000042,REGULATORY_RISK,Management disclosed regulatory risk with neutral implications.,346,1.0,NEUTRAL,HIGH,MEDIUM,VALIDATED,Quote verified and confidence >= 0.70.
COST,0000909832-23-000042,REGULATORY_RISK,Management disclosed regulatory risk with negative implications.,137,1.0,NEGATIVE,LOW,LOW,VALIDATED,Quote verified and confidence >= 0.70.
COST,0000909832-23-000042,LITIGATION_RISK,Disclosed favorable trend or increase relating to litigation risk.,337,0.985,MIXED,LOW,LOW,VALIDATED,Quote verified and confidence >= 0.70.
COST,0000909832-23-000042,COMPETITIVE_PRESSURE,Management disclosed competitive pressure with neutral implications.,139,0.97,NEUTRAL,LOW,LOW,VALIDATED,Quote verified and confidence >= 0.70.
COST,0000909832-23-000042,COMPETITIVE_PRESSURE,Identified operational or financial risk affecting competitive pressure.,200,0.97,NEGATIVE,HIGH,MEDIUM,VALIDATED,Quote verified and confidence >= 0.70.
COST,0000909832-23-000042,DEMAND_UNCERTAINTY,Management disclosed demand uncertainty with negative implications.,341,0.97,NEGATIVE,LOW,LOW,VALIDATED,Quote verified and confidence >= 0.70.
COST,0000909832-23-000042,GUIDANCE_DIRECTION,Management disclosed guidance direction with neutral implications.,256,0.925,NEUTRAL,HIGH,MEDIUM,VALIDATED,Quote verified and confidence >= 0.70.
COST,0000909832-23-000042,LITIGATION_RISK,Management disclosed litigation risk with neutral implications.,148,0.985,NEUTRAL,LOW,LOW,VALIDATED,Quote verified and confidence >= 0.70.
COST,0000909832-23-000042,CAPITAL_ALLOCATION_CHANGE,Management disclosed capital allocation change with positive implications.,312,0.925,POSITIVE,LOW,LOW,VALIDATED,Quote verified and confidence >= 0.70.
COST,0000909832-23-000042,CAPITAL_ALLOCATION_CHANGE,Management disclosed capital allocation change with neutral implications.,150,0.925,NEUTRAL,LOW,LOW,VALIDATED,Quote verified and confidence >= 0.70.
COST,0000909832-23-000042,LITIGATION_RISK,Management disclosed litigation risk with neutral implications.,230,0.925,NEUTRAL,LOW,LOW,VALIDATED,Quote verified and confidence >= 0.70.
COST,0000909832-23-000042,LIQUIDITY_RISK,Management disclosed liquidity risk with neutral implications.,119,0.925,NEUTRAL,LOW,LOW,VALIDATED,Quote verified and confidence >= 0.70.
COST,0000909832-23-000042,CAPITAL_ALLOCATION_CHANGE,Management disclosed capital allocation change with neutral implications.,239,0.985,NEUTRAL,LOW,LOW,VALIDATED,Quote verified and confidence >= 0.70.
COST,0000909832-23-000042,CAPITAL_ALLOCATION_CHANGE,Management disclosed capital allocation change with neutral implications.,160,0.985,NEUTRAL,LOW,LOW,VALIDATED,Quote verified and confidence >= 0.70.
COST,0000909832-23-000042,LIQUIDITY_RISK,Management disclosed liquidity risk with neutral implications.,196,0.925,NEUTRAL,HIGH,MEDIUM,VALIDATED,Quote verified and confidence >= 0.70.
COST,0000909832-23-000042,DEMAND_UNCERTAINTY,Management disclosed demand uncertainty with negative implications.,279,0.925,NEGATIVE,LOW,LOW,VALIDATED,Quote verified and confidence >= 0.70.
COST,0000909832-23-000042,GUIDANCE_DIRECTION,Management disclosed guidance direction with neutral implications.,214,0.925,NEUTRAL,LOW,LOW,VALIDATED,Quote verified and confidence >= 0.70.
AMZN,0001018724-24-000008,MANAGEMENT_OUTLOOK,Management disclosed management outlook with neutral implications.,215,0.925,NEUTRAL,LOW,LOW,VALIDATED,Quote verified and confidence >= 0.70.
AMZN,0001018724-24-000008,DEMAND_UNCERTAINTY,Management disclosed demand uncertainty with neutral implications.,137,0.925,NEUTRAL,LOW,LOW,VALIDATED,Quote verified and confidence >= 0.70.
AMZN,0001018724-24-000008,COMPETITIVE_PRESSURE,Management disclosed competitive pressure with neutral implications.,188,0.925,NEUTRAL,LOW,LOW,VALIDATED,Quote verified and confidence >= 0.70.
AMZN,0001018724-24-000008,COMPETITIVE_PRESSURE,Disclosed favorable trend or increase relating to competitive pressure.,239,0.925,POSITIVE,LOW,LOW,VALIDATED,Quote verified and confidence >= 0.70.
AMZN,0001018724-24-000008,COMPETITIVE_PRESSURE,Management disclosed competitive pressure with positive implications.,380,0.925,POSITIVE,LOW,LOW,VALIDATED,Quote verified and confidence >= 0.70.
AMZN,0001018724-24-000008,REGULATORY_RISK,Management disclosed regulatory risk with neutral implications.,261,0.925,NEUTRAL,LOW,LOW,VALIDATED,Quote verified and confidence >= 0.70.
AMZN,0001018724-24-000008,REGULATORY_RISK,Management disclosed regulatory risk with neutral implications.,155,0.925,NEUTRAL,LOW,LOW,VALIDATED,Quote verified and confidence >= 0.70.
AMZN,0001018724-24-000008,LIQUIDITY_RISK,Disclosed favorable trend or increase relating to liquidity risk.,362,0.97,MIXED,HIGH,MEDIUM,VALIDATED,Quote verified and confidence >= 0.70.
AMZN,0001018724-24-000008,COMPETITIVE_PRESSURE,Management disclosed competitive pressure with neutral implications.,398,0.97,NEUTRAL,LOW,LOW,VALIDATED,Quote verified and confidence >= 0.70.
AMZN,0001018724-24-000008,GUIDANCE_DIRECTION,Management disclosed guidance direction with positive implications.,255,0.925,POSITIVE,HIGH,MEDIUM,VALIDATED,Quote verified and confidence >= 0.70.
AMZN,0001018724-24-000008,REGULATORY_RISK,Identified operational or financial risk affecting regulatory risk.,993,1.0,NEGATIVE,MEDIUM,MEDIUM,VALIDATED,Quote verified and confidence >= 0.70.
AMZN,0001018724-24-000008,REGULATORY_RISK,Disclosed favorable trend or increase relating to regulatory risk.,1027,1.0,POSITIVE,LOW,LOW,VALIDATED,Quote verified and confidence >= 0.70.
AMZN,0001018724-24-000008,DEMAND_UNCERTAINTY,Disclosed favorable trend or increase relating to demand uncertainty.,327,0.97,POSITIVE,LOW,LOW,VALIDATED,Quote verified and confidence >= 0.70.
AMZN,0001018724-24-000008,SUPPLY_CHAIN_RISK,Disclosed downward pressure or decrease relating to supply chain risk.,226,0.985,NEGATIVE,LOW,LOW,VALIDATED,Quote verified and confidence >= 0.70.
AMZN,0001018724-24-000008,STRATEGIC_CHANGE,Management disclosed strategic change with neutral implications.,113,0.925,NEUTRAL,LOW,LOW,VALIDATED,Quote verified and confidence >= 0.70.
AMZN,0001018724-24-000008,STRATEGIC_CHANGE,Management disclosed strategic change with neutral implications.,162,0.925,NEUTRAL,LOW,LOW,VALIDATED,Quote verified and confidence >= 0.70.
AMZN,0001018724-24-000008,LITIGATION_RISK,Management disclosed litigation risk with neutral implications.,185,0.985,NEUTRAL,LOW,LOW,VALIDATED,Quote verified and confidence >= 0.70.
AMZN,0001018724-24-000008,GUIDANCE_DIRECTION,Management disclosed guidance direction with mixed implications.,178,0.925,MIXED,HIGH,MEDIUM,VALIDATED,Quote verified and confidence >= 0.70.
AMZN,0001018724-24-000008,GUIDANCE_DIRECTION,Disclosed favorable trend or increase relating to guidance direction.,143,0.925,POSITIVE,HIGH,MEDIUM,VALIDATED,Quote verified and confidence >= 0.70.
AMZN,0001018724-24-000008,DEMAND_UNCERTAINTY,Management disclosed demand uncertainty with negative implications.,99,0.97,NEGATIVE,LOW,LOW,VALIDATED,Quote verified and confidence >= 0.70.
AMZN,0001018724-24-000008,LITIGATION_RISK,Disclosed favorable trend or increase relating to litigation risk.,1474,0.985,MIXED,HIGH,MEDIUM,VALIDATED,Quote verified and confidence >= 0.70.
AMZN,0001018724-24-000008,SUPPLY_CHAIN_RISK,Disclosed favorable trend or increase relating to supply chain risk.,1131,0.985,MIXED,CRITICAL,HIGH,VALIDATED,Quote verified and confidence >= 0.70.
AMZN,0001018724-24-000008,DEMAND_UNCERTAINTY,Disclosed favorable trend or increase relating to demand uncertainty.,567,0.97,MIXED,MEDIUM,MEDIUM,VALIDATED,Quote verified and confidence >= 0.70.
AMZN,0001018724-24-000008,SUPPLY_CHAIN_RISK,Identified operational or financial risk affecting supply chain risk.,813,0.985,NEGATIVE,HIGH,MEDIUM,VALIDATED,Quote verified and confidence >= 0.70.
AMZN,0001018724-24-000008,SUPPLY_CHAIN_RISK,Disclosed favorable trend or increase relating to supply chain risk.,282,0.985,MIXED,LOW,LOW,VALIDATED,Quote verified and confidence >= 0.70.
AMZN,0001018724-24-000008,GUIDANCE_DIRECTION,Management disclosed guidance direction with neutral implications.,156,0.925,NEUTRAL,LOW,LOW,VALIDATED,Quote verified and confidence >= 0.70.
AMZN,0001018724-24-000008,STRATEGIC_CHANGE,Identified operational or financial risk affecting strategic change.,437,0.925,NEGATIVE,LOW,LOW,VALIDATED,Quote verified and confidence >= 0.70.
AMZN,0001018724-24-000008,STRATEGIC_CHANGE,Disclosed downward pressure or decrease relating to strategic change.,1490,0.925,NEGATIVE,MEDIUM,MEDIUM,VALIDATED,Quote verified and confidence >= 0.70.
AMZN,0001018724-24-000008,LITIGATION_RISK,Management disclosed litigation risk with negative implications.,761,0.985,NEGATIVE,HIGH,MEDIUM,VALIDATED,Quote verified and confidence >= 0.70.
AMZN,0001018724-24-000008,MANAGEMENT_OUTLOOK,Management disclosed management outlook with negative implications.,143,1.0,NEGATIVE,LOW,LOW,VALIDATED,Quote verified and confidence >= 0.70.
AMZN,0001018724-24-000008,CAPITAL_ALLOCATION_CHANGE,Disclosed favorable trend or increase relating to capital allocation change.,75,0.935,POSITIVE,LOW,LOW,VALIDATED,Quote verified and confidence >= 0.70.
AMZN,0001018724-24-000008,LIQUIDITY_RISK,Management disclosed liquidity risk with neutral implications.,496,0.925,NEUTRAL,LOW,HIGH,VALIDATED,Quote verified and confidence >= 0.70.
AMZN,0001018724-24-000008,LIQUIDITY_RISK,Management disclosed liquidity risk with neutral implications.,289,0.925,NEUTRAL,LOW,HIGH,VALIDATED,Quote verified and confidence >= 0.70.
AMZN,0001018724-24-000008,CAPITAL_ALLOCATION_CHANGE,Management disclosed capital allocation change with neutral implications.,274,0.985,NEUTRAL,LOW,LOW,VALIDATED,Quote verified and confidence >= 0.70.
AMZN,0001018724-24-000008,CAPITAL_ALLOCATION_CHANGE,Identified operational or financial risk affecting capital allocation change.,402,0.985,MIXED,LOW,LOW,VALIDATED,Quote verified and confidence >= 0.70.
AMZN,0001018724-24-000008,MARGIN_PRESSURE,Disclosed favorable trend or increase relating to margin pressure.,148,1.0,POSITIVE,LOW,LOW,VALIDATED,Quote verified and confidence >= 0.70.
AMZN,0001018724-24-000008,MATERIAL_BUSINESS_CHANGE,Management disclosed material business change with negative implications.,295,0.925,NEGATIVE,LOW,HIGH,VALIDATED,Quote verified and confidence >= 0.70.
AMZN,0001018724-24-000008,LIQUIDITY_RISK,Identified operational or financial risk affecting liquidity risk.,389,0.925,NEGATIVE,LOW,LOW,VALIDATED,Quote verified and confidence >= 0.70.
AMZN,0001018724-23-000004,MANAGEMENT_OUTLOOK,Management disclosed management outlook with neutral implications.,215,0.925,NEUTRAL,LOW,LOW,VALIDATED,Quote verified and confidence >= 0.70.
AMZN,0001018724-23-000004,DEMAND_UNCERTAINTY,Management disclosed demand uncertainty with neutral implications.,129,0.925,NEUTRAL,LOW,LOW,VALIDATED,Quote verified and confidence >= 0.70.
AMZN,0001018724-23-000004,COMPETITIVE_PRESSURE,Management disclosed competitive pressure with neutral implications.,188,0.925,NEUTRAL,LOW,LOW,VALIDATED,Quote verified and confidence >= 0.70.
AMZN,0001018724-23-000004,COMPETITIVE_PRESSURE,Disclosed favorable trend or increase relating to competitive pressure.,239,0.925,POSITIVE,LOW,LOW,VALIDATED,Quote verified and confidence >= 0.70.
AMZN,0001018724-23-000004,COMPETITIVE_PRESSURE,Management disclosed competitive pressure with positive implications.,377,0.925,POSITIVE,LOW,LOW,VALIDATED,Quote verified and confidence >= 0.70.
AMZN,0001018724-23-000004,REGULATORY_RISK,Management disclosed regulatory risk with neutral implications.,261,0.925,NEUTRAL,LOW,LOW,VALIDATED,Quote verified and confidence >= 0.70.
AMZN,0001018724-23-000004,REGULATORY_RISK,Management disclosed regulatory risk with negative implications.,300,0.925,NEGATIVE,LOW,LOW,VALIDATED,Quote verified and confidence >= 0.70.
AMZN,0001018724-23-000004,LIQUIDITY_RISK,Disclosed favorable trend or increase relating to liquidity risk.,362,0.97,MIXED,HIGH,MEDIUM,VALIDATED,Quote verified and confidence >= 0.70.
AMZN,0001018724-23-000004,COMPETITIVE_PRESSURE,Management disclosed competitive pressure with neutral implications.,398,0.97,NEUTRAL,LOW,LOW,VALIDATED,Quote verified and confidence >= 0.70.
AMZN,0001018724-23-000004,GUIDANCE_DIRECTION,Management disclosed guidance direction with neutral implications.,228,0.925,NEUTRAL,HIGH,MEDIUM,VALIDATED,Quote verified and confidence >= 0.70.
AMZN,0001018724-23-000004,REGULATORY_RISK,Identified operational or financial risk affecting regulatory risk.,896,1.0,NEGATIVE,MEDIUM,MEDIUM,VALIDATED,Quote verified and confidence >= 0.70.
AMZN,0001018724-23-000004,REGULATORY_RISK,Disclosed favorable trend or increase relating to regulatory risk.,1027,1.0,POSITIVE,LOW,LOW,VALIDATED,Quote verified and confidence >= 0.70.
AMZN,0001018724-23-000004,DEMAND_UNCERTAINTY,Disclosed favorable trend or increase relating to demand uncertainty.,327,0.97,POSITIVE,LOW,LOW,VALIDATED,Quote verified and confidence >= 0.70.
AMZN,0001018724-23-000004,SUPPLY_CHAIN_RISK,Disclosed downward pressure or decrease relating to supply chain risk.,226,0.985,NEGATIVE,LOW,LOW,VALIDATED,Quote verified and confidence >= 0.70.
AMZN,0001018724-23-000004,STRATEGIC_CHANGE,Management disclosed strategic change with neutral implications.,113,0.925,NEUTRAL,LOW,LOW,VALIDATED,Quote verified and confidence >= 0.70.
AMZN,0001018724-23-000004,LITIGATION_RISK,Management disclosed litigation risk with neutral implications.,185,0.985,NEUTRAL,LOW,LOW,VALIDATED,Quote verified and confidence >= 0.70.
AMZN,0001018724-23-000004,GUIDANCE_DIRECTION,Management disclosed guidance direction with mixed implications.,178,0.925,MIXED,HIGH,MEDIUM,VALIDATED,Quote verified and confidence >= 0.70.
AMZN,0001018724-23-000004,DEMAND_UNCERTAINTY,Management disclosed demand uncertainty with negative implications.,99,0.97,NEGATIVE,LOW,LOW,VALIDATED,Quote verified and confidence >= 0.70.
AMZN,0001018724-23-000004,LITIGATION_RISK,Disclosed favorable trend or increase relating to litigation risk.,1417,0.985,POSITIVE,HIGH,MEDIUM,VALIDATED,Quote verified and confidence >= 0.70.
AMZN,0001018724-23-000004,DEMAND_UNCERTAINTY,Disclosed favorable trend or increase relating to demand uncertainty.,440,0.97,NEGATIVE,HIGH,MEDIUM,VALIDATED,Quote verified and confidence >= 0.70.
AMZN,0001018724-23-000004,SUPPLY_CHAIN_RISK,Identified operational or financial risk affecting supply chain risk.,780,0.985,NEGATIVE,HIGH,MEDIUM,VALIDATED,Quote verified and confidence >= 0.70.
AMZN,0001018724-23-000004,SUPPLY_CHAIN_RISK,Disclosed favorable trend or increase relating to supply chain risk.,282,0.985,MIXED,LOW,LOW,VALIDATED,Quote verified and confidence >= 0.70.
AMZN,0001018724-23-000004,SUPPLY_CHAIN_RISK,Disclosed favorable trend or increase relating to supply chain risk.,371,0.985,POSITIVE,LOW,LOW,VALIDATED,Quote verified and confidence >= 0.70.
AMZN,0001018724-23-000004,GUIDANCE_DIRECTION,Management disclosed guidance direction with neutral implications.,156,0.925,NEUTRAL,LOW,LOW,VALIDATED,Quote verified and confidence >= 0.70.
AMZN,0001018724-23-000004,STRATEGIC_CHANGE,Identified operational or financial risk affecting strategic change.,437,0.925,NEGATIVE,LOW,LOW,VALIDATED,Quote verified and confidence >= 0.70.
AMZN,0001018724-23-000004,STRATEGIC_CHANGE,Disclosed downward pressure or decrease relating to strategic change.,1376,0.925,NEGATIVE,MEDIUM,MEDIUM,VALIDATED,Quote verified and confidence >= 0.70.
AMZN,0001018724-23-000004,STRATEGIC_CHANGE,Management disclosed strategic change with neutral implications.,99,0.925,NEUTRAL,LOW,LOW,VALIDATED,Quote verified and confidence >= 0.70.
AMZN,0001018724-23-000004,LITIGATION_RISK,Management disclosed litigation risk with negative implications.,646,0.985,NEGATIVE,HIGH,MEDIUM,VALIDATED,Quote verified and confidence >= 0.70.
AMZN,0001018724-23-000004,GUIDANCE_DIRECTION,Management disclosed guidance direction with neutral implications.,235,0.925,NEUTRAL,LOW,LOW,VALIDATED,Quote verified and confidence >= 0.70.
AMZN,0001018724-23-000004,MANAGEMENT_OUTLOOK,Management disclosed management outlook with negative implications.,143,1.0,NEGATIVE,LOW,LOW,VALIDATED,Quote verified and confidence >= 0.70.
AMZN,0001018724-23-000004,CAPITAL_ALLOCATION_CHANGE,Disclosed favorable trend or increase relating to capital allocation change.,75,0.935,POSITIVE,LOW,LOW,VALIDATED,Quote verified and confidence >= 0.70.
AMZN,0001018724-23-000004,LIQUIDITY_RISK,Management disclosed liquidity risk with neutral implications.,493,0.925,NEUTRAL,LOW,HIGH,VALIDATED,Quote verified and confidence >= 0.70.
AMZN,0001018724-23-000004,LIQUIDITY_RISK,Management disclosed liquidity risk with neutral implications.,273,0.925,NEUTRAL,LOW,HIGH,VALIDATED,Quote verified and confidence >= 0.70.
AMZN,0001018724-23-000004,CAPITAL_ALLOCATION_CHANGE,Management disclosed capital allocation change with neutral implications.,274,0.985,NEUTRAL,LOW,LOW,VALIDATED,Quote verified and confidence >= 0.70.
AMZN,0001018724-23-000004,CAPITAL_ALLOCATION_CHANGE,Identified operational or financial risk affecting capital allocation change.,402,0.985,MIXED,LOW,LOW,VALIDATED,Quote verified and confidence >= 0.70.
AMZN,0001018724-23-000004,MARGIN_PRESSURE,Disclosed favorable trend or increase relating to margin pressure.,466,1.0,POSITIVE,LOW,LOW,VALIDATED,Quote verified and confidence >= 0.70.
AMZN,0001018724-23-000004,MATERIAL_BUSINESS_CHANGE,Management disclosed material business change with negative implications.,250,0.925,NEGATIVE,LOW,HIGH,VALIDATED,Quote verified and confidence >= 0.70.
AMZN,0001018724-23-000004,LIQUIDITY_RISK,Identified operational or financial risk affecting liquidity risk.,389,0.925,NEGATIVE,LOW,LOW,VALIDATED,Quote verified and confidence >= 0.70.
HD,0000354950-24-000062,MANAGEMENT_OUTLOOK,Management disclosed management outlook with positive implications.,433,0.925,POSITIVE,LOW,LOW,VALIDATED,Quote verified and confidence >= 0.70.
HD,0000354950-24-000062,CAPITAL_ALLOCATION_CHANGE,Management disclosed capital allocation change with neutral implications.,145,0.925,NEUTRAL,LOW,LOW,VALIDATED,Quote verified and confidence >= 0.70.
HD,0000354950-24-000062,CAPITAL_ALLOCATION_CHANGE,Management disclosed capital allocation change with neutral implications.,158,0.925,NEUTRAL,LOW,HIGH,VALIDATED,Quote verified and confidence >= 0.70.
HD,0000354950-24-000062,GUIDANCE_DIRECTION,Management disclosed guidance direction with neutral implications.,113,0.925,NEUTRAL,LOW,LOW,VALIDATED,Quote verified and confidence >= 0.70.
HD,0000354950-24-000062,SUPPLY_CHAIN_RISK,Management disclosed supply chain risk with positive implications.,335,0.925,POSITIVE,LOW,LOW,VALIDATED,Quote verified and confidence >= 0.70.
HD,0000354950-24-000062,GUIDANCE_DIRECTION,Management disclosed guidance direction with neutral implications.,96,0.925,NEUTRAL,LOW,LOW,VALIDATED,Quote verified and confidence >= 0.70.
HD,0000354950-24-000062,SUPPLY_CHAIN_RISK,Management disclosed supply chain risk with neutral implications.,292,0.925,NEUTRAL,LOW,LOW,VALIDATED,Quote verified and confidence >= 0.70.
HD,0000354950-24-000062,SUPPLY_CHAIN_RISK,Management disclosed supply chain risk with neutral implications.,149,0.925,NEUTRAL,LOW,LOW,VALIDATED,Quote verified and confidence >= 0.70.
HD,0000354950-24-000062,COMPETITIVE_PRESSURE,Management disclosed competitive pressure with neutral implications.,90,0.925,NEUTRAL,LOW,LOW,VALIDATED,Quote verified and confidence >= 0.70.
HD,0000354950-24-000062,SUPPLY_CHAIN_RISK,Management disclosed supply chain risk with neutral implications.,210,0.925,NEUTRAL,LOW,LOW,VALIDATED,Quote verified and confidence >= 0.70.
HD,0000354950-24-000062,GUIDANCE_DIRECTION,Management disclosed guidance direction with neutral implications.,84,0.925,NEUTRAL,LOW,LOW,VALIDATED,Quote verified and confidence >= 0.70.
HD,0000354950-24-000062,GUIDANCE_DIRECTION,Management disclosed guidance direction with neutral implications.,198,0.925,NEUTRAL,LOW,LOW,VALIDATED,Quote verified and confidence >= 0.70.
HD,0000354950-24-000062,COMPETITIVE_PRESSURE,Management disclosed competitive pressure with neutral implications.,91,0.925,NEUTRAL,LOW,LOW,VALIDATED,Quote verified and confidence >= 0.70.
HD,0000354950-24-000062,COMPETITIVE_PRESSURE,Management disclosed competitive pressure with neutral implications.,169,0.925,NEUTRAL,LOW,LOW,VALIDATED,Quote verified and confidence >= 0.70.
HD,0000354950-24-000062,COMPETITIVE_PRESSURE,Management disclosed competitive pressure with neutral implications.,157,0.925,NEUTRAL,LOW,LOW,VALIDATED,Quote verified and confidence >= 0.70.
HD,0000354950-24-000062,DEMAND_UNCERTAINTY,Management disclosed demand uncertainty with neutral implications.,167,0.925,NEUTRAL,LOW,LOW,VALIDATED,Quote verified and confidence >= 0.70.
HD,0000354950-24-000062,REGULATORY_RISK,Management disclosed regulatory risk with neutral implications.,215,0.925,NEUTRAL,HIGH,MEDIUM,VALIDATED,Quote verified and confidence >= 0.70.
HD,0000354950-24-000062,REGULATORY_RISK,Management disclosed regulatory risk with neutral implications.,323,1.0,NEUTRAL,LOW,LOW,VALIDATED,Quote verified and confidence >= 0.70.
HD,0000354950-24-000062,STRATEGIC_CHANGE,Management disclosed strategic change with negative implications.,649,0.925,NEGATIVE,MEDIUM,MEDIUM,VALIDATED,Quote verified and confidence >= 0.70.
HD,0000354950-24-000062,LITIGATION_RISK,Management disclosed litigation risk with negative implications.,273,0.985,NEGATIVE,HIGH,MEDIUM,VALIDATED,Quote verified and confidence >= 0.70.
HD,0000354950-24-000062,REGULATORY_RISK,Management disclosed regulatory risk with neutral implications.,386,1.0,NEUTRAL,HIGH,MEDIUM,VALIDATED,Quote verified and confidence >= 0.70.
HD,0000354950-24-000062,REGULATORY_RISK,Management disclosed regulatory risk with neutral implications.,299,1.0,NEUTRAL,HIGH,MEDIUM,VALIDATED,Quote verified and confidence >= 0.70.
HD,0000354950-24-000062,DEMAND_UNCERTAINTY,Disclosed favorable trend or increase relating to demand uncertainty.,289,0.97,NEGATIVE,CRITICAL,HIGH,VALIDATED,Quote verified and confidence >= 0.70.
HD,0000354950-24-000062,DEMAND_UNCERTAINTY,Management disclosed demand uncertainty with neutral implications.,245,0.97,NEUTRAL,LOW,LOW,VALIDATED,Quote verified and confidence >= 0.70.
HD,0000354950-24-000062,MARGIN_PRESSURE,Management disclosed margin pressure with neutral implications.,140,0.925,NEUTRAL,LOW,MEDIUM,VALIDATED,Quote verified and confidence >= 0.70.
HD,0000354950-24-000062,DEMAND_UNCERTAINTY,Management disclosed demand uncertainty with neutral implications.,264,0.97,NEUTRAL,HIGH,MEDIUM,VALIDATED,Quote verified and confidence >= 0.70.
HD,0000354950-24-000062,LITIGATION_RISK,Management disclosed litigation risk with negative implications.,386,0.985,NEGATIVE,LOW,LOW,VALIDATED,Quote verified and confidence >= 0.70.
HD,0000354950-24-000062,LITIGATION_RISK,Management disclosed litigation risk with neutral implications.,363,0.985,NEUTRAL,HIGH,MEDIUM,VALIDATED,Quote verified and confidence >= 0.70.
HD,0000354950-24-000062,LITIGATION_RISK,Management disclosed litigation risk with neutral implications.,280,1.0,NEUTRAL,HIGH,MEDIUM,VALIDATED,Quote verified and confidence >= 0.70.
HD,0000354950-24-000062,CAPITAL_ALLOCATION_CHANGE,Management disclosed capital allocation change with neutral implications.,144,0.985,NEUTRAL,LOW,HIGH,VALIDATED,Quote verified and confidence >= 0.70.
HD,0000354950-24-000062,MARGIN_PRESSURE,Disclosed downward pressure or decrease relating to margin pressure.,185,1.0,NEGATIVE,LOW,LOW,VALIDATED,Quote verified and confidence >= 0.70.
HD,0000354950-24-000062,CAPITAL_ALLOCATION_CHANGE,Disclosed favorable trend or increase relating to capital allocation change.,351,0.985,POSITIVE,LOW,LOW,VALIDATED,Quote verified and confidence >= 0.70.
HD,0000354950-24-000062,LIQUIDITY_RISK,Management disclosed liquidity risk with neutral implications.,234,0.925,NEUTRAL,LOW,LOW,VALIDATED,Quote verified and confidence >= 0.70.
HD,0000354950-24-000062,LIQUIDITY_RISK,Management disclosed liquidity risk with neutral implications.,144,0.925,NEUTRAL,LOW,LOW,VALIDATED,Quote verified and confidence >= 0.70.
HD,0000354950-23-000059,SUPPLY_CHAIN_RISK,Management disclosed supply chain risk with negative implications.,239,0.925,NEGATIVE,LOW,LOW,VALIDATED,Quote verified and confidence >= 0.70.
HD,0000354950-23-000059,CAPITAL_ALLOCATION_CHANGE,Management disclosed capital allocation change with neutral implications.,145,0.925,NEUTRAL,LOW,LOW,VALIDATED,Quote verified and confidence >= 0.70.
HD,0000354950-23-000059,GUIDANCE_DIRECTION,Management disclosed guidance direction with neutral implications.,314,0.925,NEUTRAL,LOW,LOW,VALIDATED,Quote verified and confidence >= 0.70.
HD,0000354950-23-000059,SUPPLY_CHAIN_RISK,Management disclosed supply chain risk with positive implications.,336,0.925,POSITIVE,LOW,LOW,VALIDATED,Quote verified and confidence >= 0.70.
HD,0000354950-23-000059,GUIDANCE_DIRECTION,Management disclosed guidance direction with neutral implications.,96,0.925,NEUTRAL,LOW,LOW,VALIDATED,Quote verified and confidence >= 0.70.
HD,0000354950-23-000059,SUPPLY_CHAIN_RISK,Management disclosed supply chain risk with neutral implications.,292,0.925,NEUTRAL,LOW,LOW,VALIDATED,Quote verified and confidence >= 0.70.
HD,0000354950-23-000059,SUPPLY_CHAIN_RISK,Management disclosed supply chain risk with negative implications.,350,0.925,NEGATIVE,LOW,LOW,VALIDATED,Quote verified and confidence >= 0.70.
HD,0000354950-23-000059,COMPETITIVE_PRESSURE,Management disclosed competitive pressure with neutral implications.,95,0.925,NEUTRAL,LOW,LOW,VALIDATED,Quote verified and confidence >= 0.70.
HD,0000354950-23-000059,GUIDANCE_DIRECTION,Management disclosed guidance direction with neutral implications.,84,0.925,NEUTRAL,LOW,LOW,VALIDATED,Quote verified and confidence >= 0.70.
HD,0000354950-23-000059,GUIDANCE_DIRECTION,Management disclosed guidance direction with neutral implications.,198,0.925,NEUTRAL,LOW,LOW,VALIDATED,Quote verified and confidence >= 0.70.
HD,0000354950-23-000059,COMPETITIVE_PRESSURE,Management disclosed competitive pressure with neutral implications.,91,0.925,NEUTRAL,LOW,LOW,VALIDATED,Quote verified and confidence >= 0.70.
HD,0000354950-23-000059,COMPETITIVE_PRESSURE,Management disclosed competitive pressure with neutral implications.,169,0.925,NEUTRAL,LOW,LOW,VALIDATED,Quote verified and confidence >= 0.70.
HD,0000354950-23-000059,COMPETITIVE_PRESSURE,Management disclosed competitive pressure with neutral implications.,157,0.925,NEUTRAL,LOW,LOW,VALIDATED,Quote verified and confidence >= 0.70.
HD,0000354950-23-000059,DEMAND_UNCERTAINTY,Management disclosed demand uncertainty with neutral implications.,320,0.925,NEUTRAL,LOW,LOW,VALIDATED,Quote verified and confidence >= 0.70.
HD,0000354950-23-000059,REGULATORY_RISK,Management disclosed regulatory risk with neutral implications.,215,0.925,NEUTRAL,HIGH,MEDIUM,VALIDATED,Quote verified and confidence >= 0.70.
HD,0000354950-23-000059,REGULATORY_RISK,Management disclosed regulatory risk with neutral implications.,239,1.0,NEUTRAL,LOW,LOW,VALIDATED,Quote verified and confidence >= 0.70.
HD,0000354950-23-000059,LITIGATION_RISK,Management disclosed litigation risk with negative implications.,273,0.985,NEGATIVE,HIGH,MEDIUM,VALIDATED,Quote verified and confidence >= 0.70.
HD,0000354950-23-000059,REGULATORY_RISK,Management disclosed regulatory risk with neutral implications.,419,1.0,NEUTRAL,HIGH,MEDIUM,VALIDATED,Quote verified and confidence >= 0.70.
HD,0000354950-23-000059,REGULATORY_RISK,Management disclosed regulatory risk with neutral implications.,177,1.0,NEUTRAL,LOW,LOW,VALIDATED,Quote verified and confidence >= 0.70.
HD,0000354950-23-000059,DEMAND_UNCERTAINTY,Identified operational or financial risk affecting demand uncertainty.,272,0.97,NEGATIVE,HIGH,MEDIUM,VALIDATED,Quote verified and confidence >= 0.70.
HD,0000354950-23-000059,DEMAND_UNCERTAINTY,Management disclosed demand uncertainty with neutral implications.,239,0.97,NEUTRAL,LOW,LOW,VALIDATED,Quote verified and confidence >= 0.70.
HD,0000354950-23-000059,DEMAND_UNCERTAINTY,Management disclosed demand uncertainty with neutral implications.,264,0.97,NEUTRAL,HIGH,MEDIUM,VALIDATED,Quote verified and confidence >= 0.70.
HD,0000354950-23-000059,LITIGATION_RISK,Disclosed favorable trend or increase relating to litigation risk.,276,0.985,MIXED,MEDIUM,MEDIUM,VALIDATED,Quote verified and confidence >= 0.70.
HD,0000354950-23-000059,LITIGATION_RISK,Management disclosed litigation risk with negative implications.,255,0.985,NEGATIVE,LOW,LOW,VALIDATED,Quote verified and confidence >= 0.70.
HD,0000354950-23-000059,LITIGATION_RISK,Disclosed favorable trend or increase relating to litigation risk.,292,0.985,MIXED,HIGH,MEDIUM,VALIDATED,Quote verified and confidence >= 0.70.
HD,0000354950-23-000059,CAPITAL_ALLOCATION_CHANGE,Management disclosed capital allocation change with neutral implications.,237,0.925,NEUTRAL,LOW,LOW,VALIDATED,Quote verified and confidence >= 0.70.
HD,0000354950-23-000059,CAPITAL_ALLOCATION_CHANGE,Management disclosed capital allocation change with neutral implications.,537,0.925,NEUTRAL,LOW,LOW,VALIDATED,Quote verified and confidence >= 0.70.
HD,0000354950-23-000059,STRATEGIC_CHANGE,Management disclosed strategic change with neutral implications.,701,0.97,NEUTRAL,CRITICAL,HIGH,VALIDATED,Quote verified and confidence >= 0.70.
HD,0000354950-23-000059,CAPITAL_ALLOCATION_CHANGE,Management disclosed capital allocation change with neutral implications.,144,0.985,NEUTRAL,LOW,HIGH,VALIDATED,Quote verified and confidence >= 0.70.
HD,0000354950-23-000059,MARGIN_PRESSURE,Disclosed downward pressure or decrease relating to margin pressure.,285,1.0,NEGATIVE,LOW,LOW,VALIDATED,Quote verified and confidence >= 0.70.
HD,0000354950-23-000059,LIQUIDITY_RISK,Management disclosed liquidity risk with neutral implications.,31,0.825,NEUTRAL,LOW,LOW,VALIDATED,Quote verified and confidence >= 0.70.
HD,0000354950-23-000059,LIQUIDITY_RISK,Management disclosed liquidity risk with neutral implications.,254,0.925,NEUTRAL,LOW,LOW,VALIDATED,Quote verified and confidence >= 0.70.
HD,0000354950-23-000059,LIQUIDITY_RISK,Management disclosed liquidity risk with neutral implications.,144,0.925,NEUTRAL,LOW,LOW,VALIDATED,Quote verified and confidence >= 0.70.
NKE,0000320187-24-000044,DEMAND_UNCERTAINTY,Management disclosed demand uncertainty with neutral implications.,253,0.925,NEUTRAL,LOW,LOW,VALIDATED,Quote verified and confidence >= 0.70.
NKE,0000320187-24-000044,REGULATORY_RISK,Management disclosed regulatory risk with positive implications.,571,0.925,POSITIVE,HIGH,MEDIUM,VALIDATED,Quote verified and confidence >= 0.70.
NKE,0000320187-24-000044,SUPPLY_CHAIN_RISK,Management disclosed supply chain risk with neutral implications.,182,0.925,NEUTRAL,HIGH,MEDIUM,VALIDATED,Quote verified and confidence >= 0.70.
NKE,0000320187-24-000044,SUPPLY_CHAIN_RISK,Management disclosed supply chain risk with neutral implications.,160,0.925,NEUTRAL,LOW,LOW,VALIDATED,Quote verified and confidence >= 0.70.
NKE,0000320187-24-000044,DEMAND_UNCERTAINTY,Management disclosed demand uncertainty with neutral implications.,142,0.925,NEUTRAL,HIGH,MEDIUM,VALIDATED,Quote verified and confidence >= 0.70.
NKE,0000320187-24-000044,COMPETITIVE_PRESSURE,Management disclosed competitive pressure with neutral implications.,262,0.925,NEUTRAL,LOW,LOW,VALIDATED,Quote verified and confidence >= 0.70.
NKE,0000320187-24-000044,REGULATORY_RISK,Management disclosed regulatory risk with neutral implications.,448,0.925,NEUTRAL,LOW,LOW,VALIDATED,Quote verified and confidence >= 0.70.
NKE,0000320187-24-000044,SUPPLY_CHAIN_RISK,Management disclosed supply chain risk with neutral implications.,207,0.925,NEUTRAL,LOW,LOW,VALIDATED,Quote verified and confidence >= 0.70.
NKE,0000320187-24-000044,COMPETITIVE_PRESSURE,Management disclosed competitive pressure with neutral implications.,97,0.925,NEUTRAL,LOW,LOW,VALIDATED,Quote verified and confidence >= 0.70.
NKE,0000320187-24-000044,COMPETITIVE_PRESSURE,Management disclosed competitive pressure with neutral implications.,57,0.875,NEUTRAL,LOW,LOW,VALIDATED,Quote verified and confidence >= 0.70.
NKE,0000320187-24-000044,LITIGATION_RISK,Management disclosed litigation risk with neutral implications.,289,0.925,NEUTRAL,LOW,LOW,VALIDATED,Quote verified and confidence >= 0.70.
NKE,0000320187-24-000044,STRATEGIC_CHANGE,Management disclosed strategic change with neutral implications.,147,0.925,NEUTRAL,LOW,LOW,VALIDATED,Quote verified and confidence >= 0.70.
NKE,0000320187-24-000044,COMPETITIVE_PRESSURE,Management disclosed competitive pressure with positive implications.,166,0.925,POSITIVE,LOW,LOW,VALIDATED,Quote verified and confidence >= 0.70.
NKE,0000320187-24-000044,REGULATORY_RISK,Management disclosed regulatory risk with neutral implications.,74,0.875,NEUTRAL,LOW,LOW,VALIDATED,Quote verified and confidence >= 0.70.
NKE,0000320187-24-000044,REGULATORY_RISK,Management disclosed regulatory risk with neutral implications.,496,0.925,NEUTRAL,LOW,LOW,VALIDATED,Quote verified and confidence >= 0.70.
NKE,0000320187-24-000044,DEMAND_UNCERTAINTY,Management disclosed demand uncertainty with neutral implications.,132,0.925,NEUTRAL,LOW,LOW,VALIDATED,Quote verified and confidence >= 0.70.
NKE,0000320187-24-000044,SUPPLY_CHAIN_RISK,Management disclosed supply chain risk with neutral implications.,64,0.875,NEUTRAL,LOW,LOW,VALIDATED,Quote verified and confidence >= 0.70.
NKE,0000320187-24-000044,GUIDANCE_DIRECTION,Management disclosed guidance direction with neutral implications.,333,0.925,NEUTRAL,LOW,LOW,VALIDATED,Quote verified and confidence >= 0.70.
NKE,0000320187-24-000044,GUIDANCE_DIRECTION,Management disclosed guidance direction with neutral implications.,102,0.925,NEUTRAL,LOW,LOW,VALIDATED,Quote verified and confidence >= 0.70.
NKE,0000320187-24-000044,DEMAND_UNCERTAINTY,Disclosed favorable trend or increase relating to demand uncertainty.,273,0.925,MIXED,LOW,LOW,VALIDATED,Quote verified and confidence >= 0.70.
NKE,0000320187-24-000044,GUIDANCE_DIRECTION,Identified operational or financial risk affecting guidance direction.,910,0.925,NEGATIVE,HIGH,MEDIUM,VALIDATED,Quote verified and confidence >= 0.70.
NKE,0000320187-24-000044,MARGIN_PRESSURE,Management disclosed margin pressure with neutral implications.,450,0.925,NEUTRAL,LOW,LOW,VALIDATED,Quote verified and confidence >= 0.70.
NKE,0000320187-24-000044,GUIDANCE_DIRECTION,Management disclosed guidance direction with neutral implications.,106,0.925,NEUTRAL,LOW,LOW,VALIDATED,Quote verified and confidence >= 0.70.
NKE,0000320187-24-000044,MARGIN_PRESSURE,Identified operational or financial risk affecting margin pressure.,273,0.925,NEGATIVE,LOW,MEDIUM,VALIDATED,Quote verified and confidence >= 0.70.
NKE,0000320187-24-000044,LIQUIDITY_RISK,Identified operational or financial risk affecting liquidity risk.,167,0.97,NEGATIVE,LOW,MEDIUM,VALIDATED,Quote verified and confidence >= 0.70.
NKE,0000320187-24-000044,LITIGATION_RISK,Management disclosed litigation risk with negative implications.,330,0.985,NEGATIVE,LOW,LOW,VALIDATED,Quote verified and confidence >= 0.70.
NKE,0000320187-24-000044,MARGIN_PRESSURE,Disclosed favorable trend or increase relating to margin pressure.,174,0.925,MIXED,HIGH,MEDIUM,VALIDATED,Quote verified and confidence >= 0.70.
NKE,0000320187-24-000044,MARGIN_PRESSURE,Management disclosed margin pressure with neutral implications.,233,0.925,NEUTRAL,HIGH,MEDIUM,VALIDATED,Quote verified and confidence >= 0.70.
NKE,0000320187-24-000044,LITIGATION_RISK,Management disclosed litigation risk with neutral implications.,145,0.985,NEUTRAL,LOW,LOW,VALIDATED,Quote verified and confidence >= 0.70.
NKE,0000320187-24-000044,LITIGATION_RISK,Management disclosed litigation risk with neutral implications.,164,0.985,NEUTRAL,LOW,LOW,VALIDATED,Quote verified and confidence >= 0.70.
NKE,0000320187-24-000044,LIQUIDITY_RISK,Management disclosed liquidity risk with neutral implications.,146,0.97,NEUTRAL,MEDIUM,MEDIUM,VALIDATED,Quote verified and confidence >= 0.70.
NKE,0000320187-24-000044,LIQUIDITY_RISK,Management disclosed liquidity risk with neutral implications.,211,0.97,NEUTRAL,LOW,LOW,VALIDATED,Quote verified and confidence >= 0.70.
NKE,0000320187-24-000044,STRATEGIC_CHANGE,Management disclosed strategic change with negative implications.,144,0.925,NEGATIVE,LOW,LOW,VALIDATED,Quote verified and confidence >= 0.70.
NKE,0000320187-24-000044,STRATEGIC_CHANGE,Management disclosed strategic change with negative implications.,1318,0.97,NEGATIVE,LOW,HIGH,VALIDATED,Quote verified and confidence >= 0.70.
NKE,0000320187-24-000044,LIQUIDITY_RISK,Management disclosed liquidity risk with neutral implications.,51,0.875,NEUTRAL,LOW,LOW,VALIDATED,Quote verified and confidence >= 0.70.
NKE,0000320187-24-000044,CAPITAL_ALLOCATION_CHANGE,Disclosed downward pressure or decrease relating to capital allocation change.,275,0.985,NEGATIVE,LOW,HIGH,VALIDATED,Quote verified and confidence >= 0.70.
NKE,0000320187-24-000044,CAPITAL_ALLOCATION_CHANGE,Management disclosed capital allocation change with neutral implications.,257,0.985,NEUTRAL,HIGH,MEDIUM,VALIDATED,Quote verified and confidence >= 0.70.
NKE,0000320187-23-000039,REGULATORY_RISK,Management disclosed regulatory risk with neutral implications.,172,1.0,NEUTRAL,LOW,LOW,VALIDATED,Quote verified and confidence >= 0.70.
NKE,0000320187-23-000039,GUIDANCE_DIRECTION,Management disclosed guidance direction with neutral implications.,246,0.925,NEUTRAL,LOW,LOW,VALIDATED,Quote verified and confidence >= 0.70.
NKE,0000320187-23-000039,MARGIN_PRESSURE,Management disclosed margin pressure with neutral implications.,450,0.925,NEUTRAL,LOW,LOW,VALIDATED,Quote verified and confidence >= 0.70.
NKE,0000320187-23-000039,DEMAND_UNCERTAINTY,Disclosed downward pressure or decrease relating to demand uncertainty.,380,0.97,NEGATIVE,HIGH,MEDIUM,VALIDATED,Quote verified and confidence >= 0.70.
NKE,0000320187-23-000039,COMPETITIVE_PRESSURE,Disclosed favorable trend or increase relating to competitive pressure.,241,0.97,POSITIVE,LOW,LOW,VALIDATED,Quote verified and confidence >= 0.70.
NKE,0000320187-23-000039,DEMAND_UNCERTAINTY,Disclosed downward pressure or decrease relating to demand uncertainty.,199,0.97,NEGATIVE,LOW,LOW,VALIDATED,Quote verified and confidence >= 0.70.
NKE,0000320187-23-000039,DEMAND_UNCERTAINTY,Management disclosed demand uncertainty with neutral implications.,211,0.97,NEUTRAL,LOW,LOW,VALIDATED,Quote verified and confidence >= 0.70.
NKE,0000320187-23-000039,COMPETITIVE_PRESSURE,Management disclosed competitive pressure with neutral implications.,181,0.97,NEUTRAL,LOW,LOW,VALIDATED,Quote verified and confidence >= 0.70.
NKE,0000320187-23-000039,COMPETITIVE_PRESSURE,Management disclosed competitive pressure with neutral implications.,279,0.97,NEUTRAL,LOW,LOW,VALIDATED,Quote verified and confidence >= 0.70.
NKE,0000320187-23-000039,DEMAND_UNCERTAINTY,Disclosed favorable trend or increase relating to demand uncertainty.,258,0.97,NEGATIVE,LOW,LOW,VALIDATED,Quote verified and confidence >= 0.70.
NKE,0000320187-23-000039,GUIDANCE_DIRECTION,Management disclosed guidance direction with neutral implications.,343,0.925,NEUTRAL,LOW,LOW,VALIDATED,Quote verified and confidence >= 0.70.
NKE,0000320187-23-000039,SUPPLY_CHAIN_RISK,Management disclosed supply chain risk with neutral implications.,211,0.985,NEUTRAL,LOW,LOW,VALIDATED,Quote verified and confidence >= 0.70.
NKE,0000320187-23-000039,GUIDANCE_DIRECTION,Identified operational or financial risk affecting guidance direction.,109,0.925,NEGATIVE,LOW,LOW,VALIDATED,Quote verified and confidence >= 0.70.
NKE,0000320187-23-000039,LIQUIDITY_RISK,Identified operational or financial risk affecting liquidity risk.,167,0.97,NEGATIVE,LOW,MEDIUM,VALIDATED,Quote verified and confidence >= 0.70.
NKE,0000320187-23-000039,LITIGATION_RISK,Management disclosed litigation risk with negative implications.,330,0.985,NEGATIVE,LOW,LOW,VALIDATED,Quote verified and confidence >= 0.70.
NKE,0000320187-23-000039,SUPPLY_CHAIN_RISK,Management disclosed supply chain risk with neutral implications.,136,0.985,NEUTRAL,LOW,LOW,VALIDATED,Quote verified and confidence >= 0.70.
NKE,0000320187-23-000039,GUIDANCE_DIRECTION,Management disclosed guidance direction with neutral implications.,296,0.925,NEUTRAL,LOW,LOW,VALIDATED,Quote verified and confidence >= 0.70.
NKE,0000320187-23-000039,COMPETITIVE_PRESSURE,Management disclosed competitive pressure with neutral implications.,125,0.97,NEUTRAL,LOW,LOW,VALIDATED,Quote verified and confidence >= 0.70.
NKE,0000320187-23-000039,REGULATORY_RISK,Identified operational or financial risk affecting regulatory risk.,396,1.0,NEGATIVE,LOW,LOW,VALIDATED,Quote verified and confidence >= 0.70.
NKE,0000320187-23-000039,REGULATORY_RISK,Management disclosed regulatory risk with neutral implications.,231,1.0,NEUTRAL,HIGH,MEDIUM,VALIDATED,Quote verified and confidence >= 0.70.
NKE,0000320187-23-000039,SUPPLY_CHAIN_RISK,Management disclosed supply chain risk with negative implications.,327,0.985,NEGATIVE,HIGH,MEDIUM,VALIDATED,Quote verified and confidence >= 0.70.
NKE,0000320187-23-000039,SUPPLY_CHAIN_RISK,Disclosed favorable trend or increase relating to supply chain risk.,518,0.985,POSITIVE,HIGH,MEDIUM,VALIDATED,Quote verified and confidence >= 0.70.
NKE,0000320187-23-000039,MARGIN_PRESSURE,Disclosed favorable trend or increase relating to margin pressure.,174,0.925,MIXED,HIGH,MEDIUM,VALIDATED,Quote verified and confidence >= 0.70.
NKE,0000320187-23-000039,REGULATORY_RISK,Identified operational or financial risk affecting regulatory risk.,256,1.0,NEGATIVE,LOW,LOW,VALIDATED,Quote verified and confidence >= 0.70.
NKE,0000320187-23-000039,MARGIN_PRESSURE,Management disclosed margin pressure with neutral implications.,138,0.925,NEUTRAL,MEDIUM,MEDIUM,VALIDATED,Quote verified and confidence >= 0.70.
NKE,0000320187-23-000039,MARGIN_PRESSURE,Identified operational or financial risk affecting margin pressure.,238,0.925,NEGATIVE,HIGH,MEDIUM,VALIDATED,Quote verified and confidence >= 0.70.
NKE,0000320187-23-000039,LITIGATION_RISK,Management disclosed litigation risk with neutral implications.,136,0.985,NEUTRAL,LOW,LOW,VALIDATED,Quote verified and confidence >= 0.70.
NKE,0000320187-23-000039,LIQUIDITY_RISK,Management disclosed liquidity risk with neutral implications.,146,0.97,NEUTRAL,MEDIUM,MEDIUM,VALIDATED,Quote verified and confidence >= 0.70.
NKE,0000320187-23-000039,LIQUIDITY_RISK,Management disclosed liquidity risk with neutral implications.,211,0.97,NEUTRAL,LOW,LOW,VALIDATED,Quote verified and confidence >= 0.70.
NKE,0000320187-23-000039,STRATEGIC_CHANGE,Management disclosed strategic change with negative implications.,106,0.925,NEGATIVE,LOW,LOW,VALIDATED,Quote verified and confidence >= 0.70.
NKE,0000320187-23-000039,LITIGATION_RISK,Disclosed downward pressure or decrease relating to litigation risk.,158,0.985,NEGATIVE,LOW,LOW,VALIDATED,Quote verified and confidence >= 0.70.
NKE,0000320187-23-000039,LITIGATION_RISK,Management disclosed litigation risk with negative implications.,225,1.0,NEGATIVE,HIGH,MEDIUM,VALIDATED,Quote verified and confidence >= 0.70.
NKE,0000320187-23-000039,LIQUIDITY_RISK,Management disclosed liquidity risk with neutral implications.,51,0.875,NEUTRAL,LOW,LOW,VALIDATED,Quote verified and confidence >= 0.70.
NKE,0000320187-23-000039,CAPITAL_ALLOCATION_CHANGE,Disclosed favorable trend or increase relating to capital allocation change.,389,0.925,POSITIVE,LOW,HIGH,VALIDATED,Quote verified and confidence >= 0.70.
NKE,0000320187-23-000039,CAPITAL_ALLOCATION_CHANGE,Management disclosed capital allocation change with neutral implications.,139,0.925,NEUTRAL,LOW,HIGH,VALIDATED,Quote verified and confidence >= 0.70.
NKE,0000320187-23-000039,CAPITAL_ALLOCATION_CHANGE,Management disclosed capital allocation change with neutral implications.,257,0.925,NEUTRAL,HIGH,MEDIUM,VALIDATED,Quote verified and confidence >= 0.70.
LOW,0000060667-24-000033,GUIDANCE_DIRECTION,Management disclosed guidance direction with neutral implications.,269,0.925,NEUTRAL,LOW,LOW,VALIDATED,Quote verified and confidence >= 0.70.
LOW,0000060667-24-000033,COMPETITIVE_PRESSURE,Management disclosed competitive pressure with positive implications.,133,0.925,POSITIVE,LOW,LOW,VALIDATED,Quote verified and confidence >= 0.70.
LOW,0000060667-24-000033,COMPETITIVE_PRESSURE,Management disclosed competitive pressure with neutral implications.,386,0.925,NEUTRAL,LOW,LOW,VALIDATED,Quote verified and confidence >= 0.70.
LOW,0000060667-24-000033,DEMAND_UNCERTAINTY,Management disclosed demand uncertainty with neutral implications.,96,0.925,NEUTRAL,LOW,LOW,VALIDATED,Quote verified and confidence >= 0.70.
LOW,0000060667-24-000033,GUIDANCE_DIRECTION,Disclosed favorable trend or increase relating to guidance direction.,141,0.925,POSITIVE,LOW,LOW,VALIDATED,Quote verified and confidence >= 0.70.
LOW,0000060667-24-000033,SUPPLY_CHAIN_RISK,Management disclosed supply chain risk with neutral implications.,163,0.925,NEUTRAL,LOW,LOW,VALIDATED,Quote verified and confidence >= 0.70.
LOW,0000060667-24-000033,SUPPLY_CHAIN_RISK,Management disclosed supply chain risk with neutral implications.,180,0.925,NEUTRAL,LOW,LOW,VALIDATED,Quote verified and confidence >= 0.70.
LOW,0000060667-24-000033,SUPPLY_CHAIN_RISK,Management disclosed supply chain risk with neutral implications.,233,0.925,NEUTRAL,LOW,LOW,VALIDATED,Quote verified and confidence >= 0.70.
LOW,0000060667-24-000033,GUIDANCE_DIRECTION,Management disclosed guidance direction with neutral implications.,249,0.925,NEUTRAL,LOW,LOW,VALIDATED,Quote verified and confidence >= 0.70.
LOW,0000060667-24-000033,LIQUIDITY_RISK,Management disclosed liquidity risk with neutral implications.,144,0.925,NEUTRAL,LOW,LOW,VALIDATED,Quote verified and confidence >= 0.70.
LOW,0000060667-24-000033,REGULATORY_RISK,Management disclosed regulatory risk with neutral implications.,202,0.925,NEUTRAL,HIGH,MEDIUM,VALIDATED,Quote verified and confidence >= 0.70.
LOW,0000060667-24-000033,DEMAND_UNCERTAINTY,Management disclosed demand uncertainty with positive implications.,158,0.925,POSITIVE,LOW,LOW,VALIDATED,Quote verified and confidence >= 0.70.
LOW,0000060667-24-000033,COMPETITIVE_PRESSURE,Management disclosed competitive pressure with positive implications.,131,0.925,POSITIVE,LOW,LOW,VALIDATED,Quote verified and confidence >= 0.70.
LOW,0000060667-24-000033,SUPPLY_CHAIN_RISK,Management disclosed supply chain risk with neutral implications.,487,0.925,NEUTRAL,LOW,LOW,VALIDATED,Quote verified and confidence >= 0.70.
LOW,0000060667-24-000033,REGULATORY_RISK,Management disclosed regulatory risk with neutral implications.,194,0.925,NEUTRAL,LOW,LOW,VALIDATED,Quote verified and confidence >= 0.70.
LOW,0000060667-24-000033,REGULATORY_RISK,Management disclosed regulatory risk with neutral implications.,187,0.925,NEUTRAL,LOW,LOW,VALIDATED,Quote verified and confidence >= 0.70.
LOW,0000060667-24-000033,REGULATORY_RISK,Management disclosed regulatory risk with neutral implications.,446,0.925,NEUTRAL,LOW,LOW,VALIDATED,Quote verified and confidence >= 0.70.
LOW,0000060667-24-000033,DEMAND_UNCERTAINTY,Management disclosed demand uncertainty with positive implications.,267,0.97,POSITIVE,CRITICAL,HIGH,VALIDATED,Quote verified and confidence >= 0.70.
LOW,0000060667-24-000033,DEMAND_UNCERTAINTY,Disclosed favorable trend or increase relating to demand uncertainty.,388,0.97,POSITIVE,LOW,LOW,VALIDATED,Quote verified and confidence >= 0.70.
LOW,0000060667-24-000033,COMPETITIVE_PRESSURE,Management disclosed competitive pressure with neutral implications.,302,0.97,NEUTRAL,HIGH,MEDIUM,VALIDATED,Quote verified and confidence >= 0.70.
LOW,0000060667-24-000033,LITIGATION_RISK,Management disclosed litigation risk with negative implications.,223,0.985,NEGATIVE,LOW,LOW,VALIDATED,Quote verified and confidence >= 0.70.
LOW,0000060667-24-000033,MARGIN_PRESSURE,Disclosed favorable trend or increase relating to margin pressure.,199,0.925,POSITIVE,MEDIUM,MEDIUM,VALIDATED,Quote verified and confidence >= 0.70.
LOW,0000060667-24-000033,GUIDANCE_DIRECTION,Management disclosed guidance direction with neutral implications.,213,0.925,NEUTRAL,LOW,LOW,VALIDATED,Quote verified and confidence >= 0.70.
LOW,0000060667-24-000033,LITIGATION_RISK,Management disclosed litigation risk with negative implications.,344,0.985,NEGATIVE,HIGH,MEDIUM,VALIDATED,Quote verified and confidence >= 0.70.
LOW,0000060667-24-000033,STRATEGIC_CHANGE,Management disclosed strategic change with negative implications.,317,0.925,NEGATIVE,HIGH,MEDIUM,VALIDATED,Quote verified and confidence >= 0.70.
LOW,0000060667-24-000033,LITIGATION_RISK,Management disclosed litigation risk with negative implications.,211,0.985,NEGATIVE,HIGH,MEDIUM,VALIDATED,Quote verified and confidence >= 0.70.
LOW,0000060667-24-000033,CAPITAL_ALLOCATION_CHANGE,Disclosed favorable trend or increase relating to capital allocation change.,347,0.925,POSITIVE,LOW,LOW,VALIDATED,Quote verified and confidence >= 0.70.
LOW,0000060667-24-000033,LITIGATION_RISK,Management disclosed litigation risk with neutral implications.,172,1.0,NEUTRAL,LOW,LOW,VALIDATED,Quote verified and confidence >= 0.70.
LOW,0000060667-24-000033,LIQUIDITY_RISK,Management disclosed liquidity risk with neutral implications.,288,0.925,NEUTRAL,LOW,LOW,VALIDATED,Quote verified and confidence >= 0.70.
LOW,0000060667-24-000033,CAPITAL_ALLOCATION_CHANGE,Management disclosed capital allocation change with neutral implications.,94,0.985,NEUTRAL,LOW,LOW,VALIDATED,Quote verified and confidence >= 0.70.
LOW,0000060667-24-000033,CAPITAL_ALLOCATION_CHANGE,Management disclosed capital allocation change with neutral implications.,258,0.985,NEUTRAL,LOW,LOW,VALIDATED,Quote verified and confidence >= 0.70.
LOW,0000060667-24-000033,LIQUIDITY_RISK,Management disclosed liquidity risk with neutral implications.,135,0.925,NEUTRAL,LOW,LOW,VALIDATED,Quote verified and confidence >= 0.70.
LOW,0000060667-24-000033,CAPITAL_ALLOCATION_CHANGE,Management disclosed capital allocation change with neutral implications.,220,0.985,NEUTRAL,LOW,LOW,VALIDATED,Quote verified and confidence >= 0.70.
LOW,0000060667-24-000033,MARGIN_PRESSURE,Management disclosed margin pressure with neutral implications.,194,1.0,NEUTRAL,LOW,LOW,VALIDATED,Quote verified and confidence >= 0.70.
LOW,0000060667-24-000033,MATERIAL_BUSINESS_CHANGE,Management disclosed material business change with negative implications.,204,0.925,NEGATIVE,LOW,LOW,VALIDATED,Quote verified and confidence >= 0.70.
LOW,0000060667-24-000033,MATERIAL_BUSINESS_CHANGE,Management disclosed material business change with negative implications.,166,0.925,NEGATIVE,LOW,LOW,VALIDATED,Quote verified and confidence >= 0.70.
LOW,0000060667-24-000033,MATERIAL_BUSINESS_CHANGE,Management disclosed material business change with negative implications.,309,0.925,NEGATIVE,LOW,LOW,VALIDATED,Quote verified and confidence >= 0.70.
LOW,0000060667-24-000033,MATERIAL_BUSINESS_CHANGE,Management disclosed material business change with negative implications.,63,0.875,NEGATIVE,HIGH,MEDIUM,VALIDATED,Quote verified and confidence >= 0.70.
LOW,0000060667-23-000034,STRATEGIC_CHANGE,Management disclosed strategic change with neutral implications.,186,0.925,NEUTRAL,LOW,LOW,VALIDATED,Quote verified and confidence >= 0.70.
LOW,0000060667-23-000034,GUIDANCE_DIRECTION,Management disclosed guidance direction with neutral implications.,262,0.925,NEUTRAL,LOW,LOW,VALIDATED,Quote verified and confidence >= 0.70.
LOW,0000060667-23-000034,DEMAND_UNCERTAINTY,Management disclosed demand uncertainty with positive implications.,241,0.925,POSITIVE,LOW,LOW,VALIDATED,Quote verified and confidence >= 0.70.
LOW,0000060667-23-000034,COMPETITIVE_PRESSURE,Management disclosed competitive pressure with positive implications.,94,0.925,POSITIVE,LOW,LOW,VALIDATED,Quote verified and confidence >= 0.70.
LOW,0000060667-23-000034,DEMAND_UNCERTAINTY,Management disclosed demand uncertainty with neutral implications.,96,0.925,NEUTRAL,LOW,LOW,VALIDATED,Quote verified and confidence >= 0.70.
LOW,0000060667-23-000034,SUPPLY_CHAIN_RISK,Management disclosed supply chain risk with neutral implications.,235,0.925,NEUTRAL,LOW,LOW,VALIDATED,Quote verified and confidence >= 0.70.
LOW,0000060667-23-000034,SUPPLY_CHAIN_RISK,Management disclosed supply chain risk with neutral implications.,149,0.925,NEUTRAL,LOW,LOW,VALIDATED,Quote verified and confidence >= 0.70.
LOW,0000060667-23-000034,SUPPLY_CHAIN_RISK,Management disclosed supply chain risk with neutral implications.,233,0.925,NEUTRAL,LOW,LOW,VALIDATED,Quote verified and confidence >= 0.70.
LOW,0000060667-23-000034,GUIDANCE_DIRECTION,Management disclosed guidance direction with neutral implications.,249,0.925,NEUTRAL,LOW,LOW,VALIDATED,Quote verified and confidence >= 0.70.
LOW,0000060667-23-000034,LIQUIDITY_RISK,Management disclosed liquidity risk with neutral implications.,144,0.925,NEUTRAL,LOW,LOW,VALIDATED,Quote verified and confidence >= 0.70.
LOW,0000060667-23-000034,REGULATORY_RISK,Management disclosed regulatory risk with neutral implications.,202,0.925,NEUTRAL,HIGH,MEDIUM,VALIDATED,Quote verified and confidence >= 0.70.
LOW,0000060667-23-000034,DEMAND_UNCERTAINTY,Management disclosed demand uncertainty with positive implications.,158,0.925,POSITIVE,LOW,LOW,VALIDATED,Quote verified and confidence >= 0.70.
LOW,0000060667-23-000034,COMPETITIVE_PRESSURE,Management disclosed competitive pressure with positive implications.,131,0.925,POSITIVE,LOW,LOW,VALIDATED,Quote verified and confidence >= 0.70.
LOW,0000060667-23-000034,SUPPLY_CHAIN_RISK,Management disclosed supply chain risk with positive implications.,504,0.925,POSITIVE,LOW,LOW,VALIDATED,Quote verified and confidence >= 0.70.
LOW,0000060667-23-000034,GUIDANCE_DIRECTION,Management disclosed guidance direction with neutral implications.,369,0.925,NEUTRAL,LOW,LOW,VALIDATED,Quote verified and confidence >= 0.70.
LOW,0000060667-23-000034,GUIDANCE_DIRECTION,Management disclosed guidance direction with neutral implications.,205,0.925,NEUTRAL,LOW,LOW,VALIDATED,Quote verified and confidence >= 0.70.
LOW,0000060667-23-000034,REGULATORY_RISK,Management disclosed regulatory risk with neutral implications.,252,0.925,NEUTRAL,LOW,LOW,VALIDATED,Quote verified and confidence >= 0.70.
LOW,0000060667-23-000034,REGULATORY_RISK,Management disclosed regulatory risk with neutral implications.,446,0.925,NEUTRAL,LOW,LOW,VALIDATED,Quote verified and confidence >= 0.70.
LOW,0000060667-23-000034,REGULATORY_RISK,Identified operational or financial risk affecting regulatory risk.,239,1.0,NEGATIVE,LOW,LOW,VALIDATED,Quote verified and confidence >= 0.70.
LOW,0000060667-23-000034,COMPETITIVE_PRESSURE,Identified operational or financial risk affecting competitive pressure.,292,0.97,MIXED,LOW,LOW,VALIDATED,Quote verified and confidence >= 0.70.
LOW,0000060667-23-000034,DEMAND_UNCERTAINTY,Management disclosed demand uncertainty with positive implications.,267,0.97,POSITIVE,CRITICAL,HIGH,VALIDATED,Quote verified and confidence >= 0.70.
LOW,0000060667-23-000034,COMPETITIVE_PRESSURE,Management disclosed competitive pressure with neutral implications.,63,0.92,NEUTRAL,LOW,LOW,VALIDATED,Quote verified and confidence >= 0.70.
LOW,0000060667-23-000034,LITIGATION_RISK,Management disclosed litigation risk with negative implications.,223,0.985,NEGATIVE,LOW,LOW,VALIDATED,Quote verified and confidence >= 0.70.
LOW,0000060667-23-000034,MARGIN_PRESSURE,Disclosed favorable trend or increase relating to margin pressure.,199,0.925,POSITIVE,MEDIUM,MEDIUM,VALIDATED,Quote verified and confidence >= 0.70.
LOW,0000060667-23-000034,STRATEGIC_CHANGE,Management disclosed strategic change with negative implications.,317,0.925,NEGATIVE,HIGH,MEDIUM,VALIDATED,Quote verified and confidence >= 0.70.
LOW,0000060667-23-000034,LITIGATION_RISK,Management disclosed litigation risk with negative implications.,211,0.985,NEGATIVE,HIGH,MEDIUM,VALIDATED,Quote verified and confidence >= 0.70.
LOW,0000060667-23-000034,LIQUIDITY_RISK,Management disclosed liquidity risk with neutral implications.,129,0.97,NEUTRAL,LOW,LOW,VALIDATED,Quote verified and confidence >= 0.70.
LOW,0000060667-23-000034,LITIGATION_RISK,Management disclosed litigation risk with neutral implications.,171,1.0,NEUTRAL,LOW,LOW,VALIDATED,Quote verified and confidence >= 0.70.
LOW,0000060667-23-000034,LIQUIDITY_RISK,Management disclosed liquidity risk with neutral implications.,154,0.925,NEUTRAL,LOW,HIGH,VALIDATED,Quote verified and confidence >= 0.70.
LOW,0000060667-23-000034,LIQUIDITY_RISK,Management disclosed liquidity risk with neutral implications.,94,0.925,NEUTRAL,LOW,LOW,VALIDATED,Quote verified and confidence >= 0.70.
LOW,0000060667-23-000034,CAPITAL_ALLOCATION_CHANGE,Management disclosed capital allocation change with neutral implications.,171,0.985,NEUTRAL,LOW,LOW,VALIDATED,Quote verified and confidence >= 0.70.
LOW,0000060667-23-000034,CAPITAL_ALLOCATION_CHANGE,Management disclosed capital allocation change with neutral implications.,282,0.985,NEUTRAL,LOW,LOW,VALIDATED,Quote verified and confidence >= 0.70.
LOW,0000060667-23-000034,CAPITAL_ALLOCATION_CHANGE,Management disclosed capital allocation change with neutral implications.,239,0.985,NEUTRAL,LOW,LOW,VALIDATED,Quote verified and confidence >= 0.70.
LOW,0000060667-23-000034,MARGIN_PRESSURE,Management disclosed margin pressure with neutral implications.,194,1.0,NEUTRAL,LOW,LOW,VALIDATED,Quote verified and confidence >= 0.70.
LOW,0000060667-23-000034,MATERIAL_BUSINESS_CHANGE,Management disclosed material business change with negative implications.,178,0.925,NEGATIVE,LOW,LOW,VALIDATED,Quote verified and confidence >= 0.70.
LOW,0000060667-23-000034,MATERIAL_BUSINESS_CHANGE,Management disclosed material business change with negative implications.,309,0.925,NEGATIVE,LOW,LOW,VALIDATED,Quote verified and confidence >= 0.70.
LOW,0000060667-23-000034,MATERIAL_BUSINESS_CHANGE,Management disclosed material business change with negative implications.,155,0.925,NEGATIVE,HIGH,MEDIUM,VALIDATED,Quote verified and confidence >= 0.70.
CAT,0000018230-24-000009,STRATEGIC_CHANGE,Management disclosed strategic change with neutral implications.,83,0.925,NEUTRAL,LOW,LOW,VALIDATED,Quote verified and confidence >= 0.70.
CAT,0000018230-24-000009,DEMAND_UNCERTAINTY,Management disclosed demand uncertainty with neutral implications.,81,0.925,NEUTRAL,LOW,LOW,VALIDATED,Quote verified and confidence >= 0.70.
CAT,0000018230-24-000009,COMPETITIVE_PRESSURE,Management disclosed competitive pressure with neutral implications.,151,0.925,NEUTRAL,LOW,LOW,VALIDATED,Quote verified and confidence >= 0.70.
CAT,0000018230-24-000009,COMPETITIVE_PRESSURE,Management disclosed competitive pressure with neutral implications.,150,0.925,NEUTRAL,LOW,LOW,VALIDATED,Quote verified and confidence >= 0.70.
CAT,0000018230-24-000009,REGULATORY_RISK,Management disclosed regulatory risk with neutral implications.,58,0.875,NEUTRAL,LOW,LOW,VALIDATED,Quote verified and confidence >= 0.70.
CAT,0000018230-24-000009,COMPETITIVE_PRESSURE,Management disclosed competitive pressure with neutral implications.,427,0.925,NEUTRAL,HIGH,MEDIUM,VALIDATED,Quote verified and confidence >= 0.70.
CAT,0000018230-24-000009,REGULATORY_RISK,Management disclosed regulatory risk with neutral implications.,696,0.925,NEUTRAL,LOW,LOW,VALIDATED,Quote verified and confidence >= 0.70.
CAT,0000018230-24-000009,COMPETITIVE_PRESSURE,Management disclosed competitive pressure with neutral implications.,226,0.925,NEUTRAL,LOW,LOW,VALIDATED,Quote verified and confidence >= 0.70.
CAT,0000018230-24-000009,DEMAND_UNCERTAINTY,Management disclosed demand uncertainty with neutral implications.,192,0.925,NEUTRAL,LOW,LOW,VALIDATED,Quote verified and confidence >= 0.70.
CAT,0000018230-24-000009,DEMAND_UNCERTAINTY,Identified operational or financial risk affecting demand uncertainty.,270,0.925,NEGATIVE,LOW,LOW,VALIDATED,Quote verified and confidence >= 0.70.
CAT,0000018230-24-000009,REGULATORY_RISK,Management disclosed regulatory risk with neutral implications.,293,0.925,NEUTRAL,LOW,LOW,VALIDATED,Quote verified and confidence >= 0.70.
CAT,0000018230-24-000009,MATERIAL_BUSINESS_CHANGE,Management disclosed material business change with neutral implications.,203,0.925,NEUTRAL,LOW,LOW,VALIDATED,Quote verified and confidence >= 0.70.
CAT,0000018230-24-000009,SUPPLY_CHAIN_RISK,Management disclosed supply chain risk with neutral implications.,109,0.925,NEUTRAL,HIGH,MEDIUM,VALIDATED,Quote verified and confidence >= 0.70.
CAT,0000018230-24-000009,GUIDANCE_DIRECTION,Management disclosed guidance direction with neutral implications.,108,0.925,NEUTRAL,LOW,HIGH,VALIDATED,Quote verified and confidence >= 0.70.
CAT,0000018230-24-000009,GUIDANCE_DIRECTION,Management disclosed guidance direction with neutral implications.,134,0.925,NEUTRAL,LOW,LOW,VALIDATED,Quote verified and confidence >= 0.70.
CAT,0000018230-24-000009,GUIDANCE_DIRECTION,Management disclosed guidance direction with neutral implications.,307,0.925,NEUTRAL,LOW,LOW,VALIDATED,Quote verified and confidence >= 0.70.
CAT,0000018230-24-000009,MANAGEMENT_OUTLOOK,Identified operational or financial risk affecting management outlook.,89,0.925,NEGATIVE,MEDIUM,MEDIUM,VALIDATED,Quote verified and confidence >= 0.70.
CAT,0000018230-24-000009,DEMAND_UNCERTAINTY,Management disclosed demand uncertainty with neutral implications.,428,0.925,NEUTRAL,HIGH,MEDIUM,VALIDATED,Quote verified and confidence >= 0.70.
CAT,0000018230-24-000009,SUPPLY_CHAIN_RISK,Management disclosed supply chain risk with neutral implications.,274,0.925,NEUTRAL,HIGH,MEDIUM,VALIDATED,Quote verified and confidence >= 0.70.
CAT,0000018230-24-000009,SUPPLY_CHAIN_RISK,Management disclosed supply chain risk with neutral implications.,96,0.925,NEUTRAL,HIGH,MEDIUM,VALIDATED,Quote verified and confidence >= 0.70.
CAT,0000018230-24-000009,SUPPLY_CHAIN_RISK,Management disclosed supply chain risk with neutral implications.,291,0.925,NEUTRAL,LOW,LOW,VALIDATED,Quote verified and confidence >= 0.70.
CAT,0000018230-24-000009,GUIDANCE_DIRECTION,Management disclosed guidance direction with neutral implications.,185,0.925,NEUTRAL,LOW,LOW,VALIDATED,Quote verified and confidence >= 0.70.
CAT,0000018230-24-000009,STRATEGIC_CHANGE,Management disclosed strategic change with neutral implications.,156,0.925,NEUTRAL,MEDIUM,MEDIUM,VALIDATED,Quote verified and confidence >= 0.70.
CAT,0000018230-24-000009,STRATEGIC_CHANGE,Management disclosed strategic change with neutral implications.,962,0.925,NEUTRAL,LOW,LOW,VALIDATED,Quote verified and confidence >= 0.70.
CAT,0000018230-24-000009,STRATEGIC_CHANGE,Management disclosed strategic change with neutral implications.,62,0.875,NEUTRAL,LOW,LOW,VALIDATED,Quote verified and confidence >= 0.70.
CAT,0000018230-24-000009,LIQUIDITY_RISK,Disclosed favorable trend or increase relating to liquidity risk.,328,0.925,MIXED,HIGH,MEDIUM,VALIDATED,Quote verified and confidence >= 0.70.
CAT,0000018230-24-000009,LIQUIDITY_RISK,Management disclosed liquidity risk with neutral implications.,177,0.925,NEUTRAL,HIGH,MEDIUM,VALIDATED,Quote verified and confidence >= 0.70.
CAT,0000018230-24-000009,LIQUIDITY_RISK,Identified operational or financial risk affecting liquidity risk.,130,0.925,NEGATIVE,HIGH,MEDIUM,VALIDATED,Quote verified and confidence >= 0.70.
CAT,0000018230-24-000009,LIQUIDITY_RISK,Identified operational or financial risk affecting liquidity risk.,300,0.925,NEGATIVE,LOW,LOW,VALIDATED,Quote verified and confidence >= 0.70.
CAT,0000018230-24-000009,CAPITAL_ALLOCATION_CHANGE,Management disclosed capital allocation change with mixed implications.,677,0.925,MIXED,LOW,LOW,VALIDATED,Quote verified and confidence >= 0.70.
CAT,0000018230-24-000009,MARGIN_PRESSURE,Management disclosed margin pressure with neutral implications.,359,0.925,NEUTRAL,LOW,LOW,VALIDATED,Quote verified and confidence >= 0.70.
CAT,0000018230-24-000009,LITIGATION_RISK,Management disclosed litigation risk with neutral implications.,166,0.925,NEUTRAL,HIGH,MEDIUM,VALIDATED,Quote verified and confidence >= 0.70.
CAT,0000018230-24-000009,LITIGATION_RISK,Management disclosed litigation risk with neutral implications.,447,0.925,NEUTRAL,LOW,LOW,VALIDATED,Quote verified and confidence >= 0.70.
CAT,0000018230-24-000009,LITIGATION_RISK,Management disclosed litigation risk with negative implications.,228,0.925,NEGATIVE,HIGH,MEDIUM,VALIDATED,Quote verified and confidence >= 0.70.
CAT,0000018230-24-000009,LITIGATION_RISK,Management disclosed litigation risk with neutral implications.,300,1.0,NEUTRAL,LOW,LOW,VALIDATED,Quote verified and confidence >= 0.70.
CAT,0000018230-24-000009,CAPITAL_ALLOCATION_CHANGE,Management disclosed capital allocation change with neutral implications.,666,0.925,NEUTRAL,LOW,HIGH,VALIDATED,Quote verified and confidence >= 0.70.
CAT,0000018230-24-000009,MARGIN_PRESSURE,Management disclosed margin pressure with neutral implications.,94,0.925,NEUTRAL,LOW,LOW,VALIDATED,Quote verified and confidence >= 0.70.
CAT,0000018230-24-000009,MATERIAL_BUSINESS_CHANGE,Disclosed favorable trend or increase relating to material business change.,485,0.925,POSITIVE,LOW,LOW,VALIDATED,Quote verified and confidence >= 0.70.
CAT,0000018230-24-000009,MARGIN_PRESSURE,Management disclosed margin pressure with neutral implications.,85,0.925,NEUTRAL,LOW,LOW,VALIDATED,Quote verified and confidence >= 0.70.
CAT,0000018230-24-000009,MATERIAL_BUSINESS_CHANGE,Management disclosed material business change with positive implications.,214,0.925,POSITIVE,LOW,HIGH,VALIDATED,Quote verified and confidence >= 0.70.
CAT,0000018230-24-000009,MARGIN_PRESSURE,Disclosed favorable trend or increase relating to margin pressure.,102,0.925,POSITIVE,LOW,LOW,VALIDATED,Quote verified and confidence >= 0.70.
CAT,0000018230-24-000009,MATERIAL_BUSINESS_CHANGE,Management disclosed material business change with neutral implications.,252,0.925,NEUTRAL,LOW,LOW,VALIDATED,Quote verified and confidence >= 0.70.
CAT,0000018230-24-000009,CAPITAL_ALLOCATION_CHANGE,Management disclosed capital allocation change with neutral implications.,84,0.985,NEUTRAL,LOW,LOW,VALIDATED,Quote verified and confidence >= 0.70.
CAT,0000018230-24-000009,CAPITAL_ALLOCATION_CHANGE,Management disclosed capital allocation change with neutral implications.,247,0.985,NEUTRAL,LOW,LOW,VALIDATED,Quote verified and confidence >= 0.70.
CAT,0000018230-23-000011,STRATEGIC_CHANGE,Management disclosed strategic change with neutral implications.,83,0.925,NEUTRAL,LOW,LOW,VALIDATED,Quote verified and confidence >= 0.70.
CAT,0000018230-23-000011,DEMAND_UNCERTAINTY,Management disclosed demand uncertainty with neutral implications.,81,0.925,NEUTRAL,LOW,LOW,VALIDATED,Quote verified and confidence >= 0.70.
CAT,0000018230-23-000011,COMPETITIVE_PRESSURE,Management disclosed competitive pressure with neutral implications.,151,0.925,NEUTRAL,LOW,LOW,VALIDATED,Quote verified and confidence >= 0.70.
CAT,0000018230-23-000011,COMPETITIVE_PRESSURE,Management disclosed competitive pressure with neutral implications.,150,0.925,NEUTRAL,LOW,LOW,VALIDATED,Quote verified and confidence >= 0.70.
CAT,0000018230-23-000011,REGULATORY_RISK,Management disclosed regulatory risk with neutral implications.,58,0.875,NEUTRAL,LOW,LOW,VALIDATED,Quote verified and confidence >= 0.70.
CAT,0000018230-23-000011,COMPETITIVE_PRESSURE,Management disclosed competitive pressure with neutral implications.,427,0.925,NEUTRAL,HIGH,MEDIUM,VALIDATED,Quote verified and confidence >= 0.70.
CAT,0000018230-23-000011,REGULATORY_RISK,Management disclosed regulatory risk with neutral implications.,696,0.925,NEUTRAL,LOW,LOW,VALIDATED,Quote verified and confidence >= 0.70.
CAT,0000018230-23-000011,COMPETITIVE_PRESSURE,Management disclosed competitive pressure with neutral implications.,226,0.925,NEUTRAL,LOW,LOW,VALIDATED,Quote verified and confidence >= 0.70.
CAT,0000018230-23-000011,DEMAND_UNCERTAINTY,Management disclosed demand uncertainty with neutral implications.,192,0.925,NEUTRAL,LOW,LOW,VALIDATED,Quote verified and confidence >= 0.70.
CAT,0000018230-23-000011,DEMAND_UNCERTAINTY,Identified operational or financial risk affecting demand uncertainty.,270,0.925,NEGATIVE,LOW,LOW,VALIDATED,Quote verified and confidence >= 0.70.
CAT,0000018230-23-000011,REGULATORY_RISK,Management disclosed regulatory risk with neutral implications.,293,0.925,NEUTRAL,LOW,LOW,VALIDATED,Quote verified and confidence >= 0.70.
CAT,0000018230-23-000011,MATERIAL_BUSINESS_CHANGE,Management disclosed material business change with neutral implications.,157,0.925,NEUTRAL,LOW,MEDIUM,VALIDATED,Quote verified and confidence >= 0.70.
CAT,0000018230-23-000011,SUPPLY_CHAIN_RISK,Management disclosed supply chain risk with neutral implications.,109,0.925,NEUTRAL,HIGH,MEDIUM,VALIDATED,Quote verified and confidence >= 0.70.
CAT,0000018230-23-000011,GUIDANCE_DIRECTION,Management disclosed guidance direction with neutral implications.,108,0.925,NEUTRAL,LOW,HIGH,VALIDATED,Quote verified and confidence >= 0.70.
CAT,0000018230-23-000011,GUIDANCE_DIRECTION,Management disclosed guidance direction with neutral implications.,134,0.925,NEUTRAL,LOW,LOW,VALIDATED,Quote verified and confidence >= 0.70.
CAT,0000018230-23-000011,GUIDANCE_DIRECTION,Management disclosed guidance direction with neutral implications.,307,0.925,NEUTRAL,LOW,LOW,VALIDATED,Quote verified and confidence >= 0.70.
CAT,0000018230-23-000011,MANAGEMENT_OUTLOOK,Identified operational or financial risk affecting management outlook.,89,0.925,NEGATIVE,MEDIUM,MEDIUM,VALIDATED,Quote verified and confidence >= 0.70.
CAT,0000018230-23-000011,DEMAND_UNCERTAINTY,Management disclosed demand uncertainty with neutral implications.,428,0.925,NEUTRAL,HIGH,MEDIUM,VALIDATED,Quote verified and confidence >= 0.70.
CAT,0000018230-23-000011,SUPPLY_CHAIN_RISK,Management disclosed supply chain risk with neutral implications.,276,0.925,NEUTRAL,HIGH,MEDIUM,VALIDATED,Quote verified and confidence >= 0.70.
CAT,0000018230-23-000011,SUPPLY_CHAIN_RISK,Management disclosed supply chain risk with neutral implications.,96,0.925,NEUTRAL,HIGH,MEDIUM,VALIDATED,Quote verified and confidence >= 0.70.
CAT,0000018230-23-000011,SUPPLY_CHAIN_RISK,Management disclosed supply chain risk with neutral implications.,291,0.925,NEUTRAL,LOW,LOW,VALIDATED,Quote verified and confidence >= 0.70.
CAT,0000018230-23-000011,GUIDANCE_DIRECTION,Management disclosed guidance direction with neutral implications.,185,0.925,NEUTRAL,LOW,LOW,VALIDATED,Quote verified and confidence >= 0.70.
CAT,0000018230-23-000011,STRATEGIC_CHANGE,Management disclosed strategic change with neutral implications.,156,0.925,NEUTRAL,MEDIUM,MEDIUM,VALIDATED,Quote verified and confidence >= 0.70.
CAT,0000018230-23-000011,STRATEGIC_CHANGE,Management disclosed strategic change with neutral implications.,939,0.925,NEUTRAL,LOW,LOW,VALIDATED,Quote verified and confidence >= 0.70.
CAT,0000018230-23-000011,STRATEGIC_CHANGE,Management disclosed strategic change with neutral implications.,62,0.875,NEUTRAL,LOW,LOW,VALIDATED,Quote verified and confidence >= 0.70.
CAT,0000018230-23-000011,LIQUIDITY_RISK,Disclosed favorable trend or increase relating to liquidity risk.,328,0.925,MIXED,HIGH,MEDIUM,VALIDATED,Quote verified and confidence >= 0.70.
CAT,0000018230-23-000011,LIQUIDITY_RISK,Management disclosed liquidity risk with neutral implications.,177,0.925,NEUTRAL,HIGH,MEDIUM,VALIDATED,Quote verified and confidence >= 0.70.
CAT,0000018230-23-000011,LIQUIDITY_RISK,Identified operational or financial risk affecting liquidity risk.,130,0.925,NEGATIVE,HIGH,MEDIUM,VALIDATED,Quote verified and confidence >= 0.70.
CAT,0000018230-23-000011,LIQUIDITY_RISK,Management disclosed liquidity risk with neutral implications.,373,0.925,NEUTRAL,LOW,LOW,VALIDATED,Quote verified and confidence >= 0.70.
CAT,0000018230-23-000011,CAPITAL_ALLOCATION_CHANGE,Management disclosed capital allocation change with neutral implications.,150,0.925,NEUTRAL,LOW,LOW,VALIDATED,Quote verified and confidence >= 0.70.
CAT,0000018230-23-000011,MARGIN_PRESSURE,Management disclosed margin pressure with neutral implications.,359,0.925,NEUTRAL,LOW,LOW,VALIDATED,Quote verified and confidence >= 0.70.
CAT,0000018230-23-000011,LITIGATION_RISK,Management disclosed litigation risk with neutral implications.,189,0.925,NEUTRAL,HIGH,MEDIUM,VALIDATED,Quote verified and confidence >= 0.70.
CAT,0000018230-23-000011,LITIGATION_RISK,Management disclosed litigation risk with neutral implications.,447,0.925,NEUTRAL,LOW,LOW,VALIDATED,Quote verified and confidence >= 0.70.
CAT,0000018230-23-000011,LITIGATION_RISK,Management disclosed litigation risk with neutral implications.,300,1.0,NEUTRAL,LOW,LOW,VALIDATED,Quote verified and confidence >= 0.70.
CAT,0000018230-23-000011,CAPITAL_ALLOCATION_CHANGE,Management disclosed capital allocation change with neutral implications.,670,0.925,NEUTRAL,LOW,HIGH,VALIDATED,Quote verified and confidence >= 0.70.
CAT,0000018230-23-000011,MARGIN_PRESSURE,Management disclosed margin pressure with neutral implications.,94,0.925,NEUTRAL,LOW,LOW,VALIDATED,Quote verified and confidence >= 0.70.
CAT,0000018230-23-000011,MATERIAL_BUSINESS_CHANGE,Management disclosed material business change with negative implications.,419,0.925,NEGATIVE,LOW,HIGH,VALIDATED,Quote verified and confidence >= 0.70.
CAT,0000018230-23-000011,MATERIAL_BUSINESS_CHANGE,Disclosed favorable trend or increase relating to material business change.,398,0.925,POSITIVE,LOW,LOW,VALIDATED,Quote verified and confidence >= 0.70.
CAT,0000018230-23-000011,LITIGATION_RISK,Management disclosed litigation risk with neutral implications.,174,0.985,NEUTRAL,LOW,LOW,VALIDATED,Quote verified and confidence >= 0.70.
CAT,0000018230-23-000011,CAPITAL_ALLOCATION_CHANGE,Management disclosed capital allocation change with neutral implications.,135,0.985,NEUTRAL,LOW,LOW,VALIDATED,Quote verified and confidence >= 0.70.
CAT,0000018230-23-000011,CAPITAL_ALLOCATION_CHANGE,Disclosed favorable trend or increase relating to capital allocation change.,149,0.985,POSITIVE,LOW,LOW,VALIDATED,Quote verified and confidence >= 0.70.
MMM,0000066740-24-000016,REGULATORY_RISK,Management disclosed regulatory risk with neutral implications.,123,0.925,NEUTRAL,LOW,LOW,VALIDATED,Quote verified and confidence >= 0.70.
MMM,0000066740-24-000016,COMPETITIVE_PRESSURE,Management disclosed competitive pressure with neutral implications.,199,0.925,NEUTRAL,LOW,LOW,VALIDATED,Quote verified and confidence >= 0.70.
MMM,0000066740-24-000016,STRATEGIC_CHANGE,Management disclosed strategic change with positive implications.,1468,0.925,POSITIVE,HIGH,MEDIUM,VALIDATED,Quote verified and confidence >= 0.70.
MMM,0000066740-24-000016,REGULATORY_RISK,Identified operational or financial risk affecting regulatory risk.,364,0.925,MIXED,LOW,LOW,VALIDATED,Quote verified and confidence >= 0.70.
MMM,0000066740-24-000016,GUIDANCE_DIRECTION,Management disclosed guidance direction with positive implications.,240,0.925,POSITIVE,LOW,LOW,VALIDATED,Quote verified and confidence >= 0.70.
MMM,0000066740-24-000016,COMPETITIVE_PRESSURE,Management disclosed competitive pressure with positive implications.,178,0.925,POSITIVE,LOW,LOW,VALIDATED,Quote verified and confidence >= 0.70.
MMM,0000066740-24-000016,COMPETITIVE_PRESSURE,Management disclosed competitive pressure with positive implications.,348,0.925,POSITIVE,LOW,LOW,VALIDATED,Quote verified and confidence >= 0.70.
MMM,0000066740-24-000016,SUPPLY_CHAIN_RISK,Management disclosed supply chain risk with negative implications.,150,0.925,NEGATIVE,HIGH,MEDIUM,VALIDATED,Quote verified and confidence >= 0.70.
MMM,0000066740-24-000016,REGULATORY_RISK,Management disclosed regulatory risk with neutral implications.,159,0.925,NEUTRAL,LOW,LOW,VALIDATED,Quote verified and confidence >= 0.70.
MMM,0000066740-24-000016,CAPITAL_ALLOCATION_CHANGE,Management disclosed capital allocation change with neutral implications.,151,0.925,NEUTRAL,LOW,LOW,VALIDATED,Quote verified and confidence >= 0.70.
MMM,0000066740-24-000016,MANAGEMENT_OUTLOOK,Management disclosed management outlook with negative implications.,657,0.925,NEGATIVE,MEDIUM,MEDIUM,VALIDATED,Quote verified and confidence >= 0.70.
MMM,0000066740-24-000016,GUIDANCE_DIRECTION,Management disclosed guidance direction with neutral implications.,251,0.925,NEUTRAL,LOW,LOW,VALIDATED,Quote verified and confidence >= 0.70.
MMM,0000066740-24-000016,LITIGATION_RISK,Disclosed favorable trend or increase relating to litigation risk.,1462,0.925,POSITIVE,HIGH,MEDIUM,VALIDATED,Quote verified and confidence >= 0.70.
MMM,0000066740-24-000016,STRATEGIC_CHANGE,Management disclosed strategic change with mixed implications.,555,0.925,MIXED,LOW,LOW,VALIDATED,Quote verified and confidence >= 0.70.
MMM,0000066740-24-000016,LITIGATION_RISK,Disclosed downward pressure or decrease relating to litigation risk.,1437,0.925,NEGATIVE,HIGH,MEDIUM,VALIDATED,Quote verified and confidence >= 0.70.
MMM,0000066740-24-000016,MANAGEMENT_OUTLOOK,Identified operational or financial risk affecting management outlook.,171,0.925,NEGATIVE,MEDIUM,MEDIUM,VALIDATED,Quote verified and confidence >= 0.70.
MMM,0000066740-24-000016,REGULATORY_RISK,Identified operational or financial risk affecting regulatory risk.,445,0.925,NEGATIVE,LOW,LOW,VALIDATED,Quote verified and confidence >= 0.70.
MMM,0000066740-24-000016,DEMAND_UNCERTAINTY,Management disclosed demand uncertainty with neutral implications.,470,0.925,NEUTRAL,LOW,MEDIUM,VALIDATED,Quote verified and confidence >= 0.70.
MMM,0000066740-24-000016,SUPPLY_CHAIN_RISK,Identified operational or financial risk affecting supply chain risk.,304,0.925,NEGATIVE,HIGH,MEDIUM,VALIDATED,Quote verified and confidence >= 0.70.
MMM,0000066740-24-000016,SUPPLY_CHAIN_RISK,Management disclosed supply chain risk with neutral implications.,240,0.925,NEUTRAL,LOW,LOW,VALIDATED,Quote verified and confidence >= 0.70.
MMM,0000066740-24-000016,LITIGATION_RISK,Management disclosed litigation risk with neutral implications.,381,0.925,NEUTRAL,LOW,LOW,VALIDATED,Quote verified and confidence >= 0.70.
MMM,0000066740-24-000016,SUPPLY_CHAIN_RISK,Management disclosed supply chain risk with negative implications.,769,0.925,NEGATIVE,CRITICAL,HIGH,VALIDATED,Quote verified and confidence >= 0.70.
MMM,0000066740-24-000016,LITIGATION_RISK,Management disclosed litigation risk with negative implications.,655,0.925,NEGATIVE,CRITICAL,HIGH,VALIDATED,Quote verified and confidence >= 0.70.
MMM,0000066740-24-000016,COMPETITIVE_PRESSURE,Identified operational or financial risk affecting competitive pressure.,144,0.925,NEGATIVE,LOW,LOW,VALIDATED,Quote verified and confidence >= 0.70.
MMM,0000066740-24-000016,STRATEGIC_CHANGE,Management disclosed strategic change with neutral implications.,212,0.925,NEUTRAL,LOW,LOW,VALIDATED,Quote verified and confidence >= 0.70.
MMM,0000066740-24-000016,GUIDANCE_DIRECTION,Management disclosed guidance direction with positive implications.,473,0.925,POSITIVE,LOW,LOW,VALIDATED,Quote verified and confidence >= 0.70.
MMM,0000066740-24-000016,GUIDANCE_DIRECTION,Management disclosed guidance direction with neutral implications.,234,0.925,NEUTRAL,LOW,LOW,VALIDATED,Quote verified and confidence >= 0.70.
MMM,0000066740-24-000016,STRATEGIC_CHANGE,Management disclosed strategic change with positive implications.,278,0.925,POSITIVE,LOW,LOW,VALIDATED,Quote verified and confidence >= 0.70.
MMM,0000066740-24-000016,DEMAND_UNCERTAINTY,Disclosed favorable trend or increase relating to demand uncertainty.,689,0.985,POSITIVE,LOW,MEDIUM,VALIDATED,Quote verified and confidence >= 0.70.
MMM,0000066740-24-000016,MARGIN_PRESSURE,Management disclosed margin pressure with positive implications.,170,1.0,POSITIVE,LOW,LOW,VALIDATED,Quote verified and confidence >= 0.70.
MMM,0000066740-24-000016,MATERIAL_BUSINESS_CHANGE,Management disclosed material business change with mixed implications.,176,0.925,MIXED,LOW,LOW,VALIDATED,Quote verified and confidence >= 0.70.
MMM,0000066740-24-000016,DEMAND_UNCERTAINTY,Identified operational or financial risk affecting demand uncertainty.,206,0.985,NEGATIVE,LOW,LOW,VALIDATED,Quote verified and confidence >= 0.70.
MMM,0000066740-24-000016,CAPITAL_ALLOCATION_CHANGE,Management disclosed capital allocation change with neutral implications.,128,0.985,NEUTRAL,LOW,LOW,VALIDATED,Quote verified and confidence >= 0.70.
MMM,0000066740-24-000016,MATERIAL_BUSINESS_CHANGE,Management disclosed material business change with mixed implications.,299,0.925,MIXED,HIGH,HIGH,VALIDATED,Quote verified and confidence >= 0.70.
MMM,0000066740-24-000016,MARGIN_PRESSURE,Disclosed favorable trend or increase relating to margin pressure.,327,1.0,POSITIVE,HIGH,MEDIUM,VALIDATED,Quote verified and confidence >= 0.70.
MMM,0000066740-24-000016,DEMAND_UNCERTAINTY,Disclosed favorable trend or increase relating to demand uncertainty.,252,0.985,NEGATIVE,LOW,LOW,VALIDATED,Quote verified and confidence >= 0.70.
MMM,0000066740-24-000016,MATERIAL_BUSINESS_CHANGE,Management disclosed material business change with negative implications.,113,0.925,NEGATIVE,LOW,LOW,VALIDATED,Quote verified and confidence >= 0.70.
MMM,0000066740-24-000016,MATERIAL_BUSINESS_CHANGE,Management disclosed material business change with negative implications.,114,0.925,NEGATIVE,LOW,LOW,VALIDATED,Quote verified and confidence >= 0.70.
MMM,0000066740-24-000016,CAPITAL_ALLOCATION_CHANGE,Management disclosed capital allocation change with neutral implications.,94,0.925,NEUTRAL,LOW,LOW,VALIDATED,Quote verified and confidence >= 0.70.
MMM,0000066740-24-000016,LIQUIDITY_RISK,Management disclosed liquidity risk with positive implications.,40,0.92,POSITIVE,LOW,LOW,VALIDATED,Quote verified and confidence >= 0.70.
MMM,0000066740-24-000016,LIQUIDITY_RISK,Management disclosed liquidity risk with neutral implications.,151,0.97,NEUTRAL,LOW,HIGH,VALIDATED,Quote verified and confidence >= 0.70.
MMM,0000066740-24-000016,LIQUIDITY_RISK,Management disclosed liquidity risk with neutral implications.,155,0.97,NEUTRAL,LOW,LOW,VALIDATED,Quote verified and confidence >= 0.70.
MMM,0000066740-24-000016,LIQUIDITY_RISK,Management disclosed liquidity risk with positive implications.,153,0.97,POSITIVE,HIGH,MEDIUM,VALIDATED,Quote verified and confidence >= 0.70.
MMM,0000066740-24-000016,CAPITAL_ALLOCATION_CHANGE,Disclosed downward pressure or decrease relating to capital allocation change.,196,0.925,NEGATIVE,LOW,HIGH,VALIDATED,Quote verified and confidence >= 0.70.
MMM,0000066740-23-000014,REGULATORY_RISK,Management disclosed regulatory risk with neutral implications.,113,0.925,NEUTRAL,LOW,LOW,VALIDATED,Quote verified and confidence >= 0.70.
MMM,0000066740-23-000014,COMPETITIVE_PRESSURE,Management disclosed competitive pressure with neutral implications.,199,0.925,NEUTRAL,LOW,LOW,VALIDATED,Quote verified and confidence >= 0.70.
MMM,0000066740-23-000014,STRATEGIC_CHANGE,Management disclosed strategic change with positive implications.,1472,0.925,POSITIVE,HIGH,MEDIUM,VALIDATED,Quote verified and confidence >= 0.70.
MMM,0000066740-23-000014,REGULATORY_RISK,Identified operational or financial risk affecting regulatory risk.,330,0.925,MIXED,LOW,LOW,VALIDATED,Quote verified and confidence >= 0.70.
MMM,0000066740-23-000014,COMPETITIVE_PRESSURE,Management disclosed competitive pressure with positive implications.,178,0.925,POSITIVE,LOW,LOW,VALIDATED,Quote verified and confidence >= 0.70.
MMM,0000066740-23-000014,COMPETITIVE_PRESSURE,Management disclosed competitive pressure with positive implications.,348,0.925,POSITIVE,LOW,LOW,VALIDATED,Quote verified and confidence >= 0.70.
MMM,0000066740-23-000014,SUPPLY_CHAIN_RISK,Management disclosed supply chain risk with negative implications.,136,0.925,NEGATIVE,LOW,LOW,VALIDATED,Quote verified and confidence >= 0.70.
MMM,0000066740-23-000014,REGULATORY_RISK,Management disclosed regulatory risk with neutral implications.,54,0.875,NEUTRAL,LOW,LOW,VALIDATED,Quote verified and confidence >= 0.70.
MMM,0000066740-23-000014,REGULATORY_RISK,Management disclosed regulatory risk with neutral implications.,159,0.925,NEUTRAL,LOW,LOW,VALIDATED,Quote verified and confidence >= 0.70.
MMM,0000066740-23-000014,CAPITAL_ALLOCATION_CHANGE,Management disclosed capital allocation change with neutral implications.,151,0.925,NEUTRAL,LOW,LOW,VALIDATED,Quote verified and confidence >= 0.70.
MMM,0000066740-23-000014,SUPPLY_CHAIN_RISK,Management disclosed supply chain risk with neutral implications.,199,0.925,NEUTRAL,LOW,LOW,VALIDATED,Quote verified and confidence >= 0.70.
MMM,0000066740-23-000014,GUIDANCE_DIRECTION,Management disclosed guidance direction with neutral implications.,242,0.925,NEUTRAL,LOW,LOW,VALIDATED,Quote verified and confidence >= 0.70.
MMM,0000066740-23-000014,STRATEGIC_CHANGE,Disclosed favorable trend or increase relating to strategic change.,1452,0.925,MIXED,HIGH,MEDIUM,VALIDATED,Quote verified and confidence >= 0.70.
MMM,0000066740-23-000014,MANAGEMENT_OUTLOOK,Identified operational or financial risk affecting management outlook.,149,0.925,NEGATIVE,MEDIUM,MEDIUM,VALIDATED,Quote verified and confidence >= 0.70.
MMM,0000066740-23-000014,DEMAND_UNCERTAINTY,Management disclosed demand uncertainty with neutral implications.,470,0.925,NEUTRAL,LOW,MEDIUM,VALIDATED,Quote verified and confidence >= 0.70.
MMM,0000066740-23-000014,SUPPLY_CHAIN_RISK,Management disclosed supply chain risk with negative implications.,154,0.925,NEGATIVE,HIGH,MEDIUM,VALIDATED,Quote verified and confidence >= 0.70.
MMM,0000066740-23-000014,DEMAND_UNCERTAINTY,Disclosed favorable trend or increase relating to demand uncertainty.,370,0.925,MIXED,MEDIUM,MEDIUM,VALIDATED,Quote verified and confidence >= 0.70.
MMM,0000066740-23-000014,GUIDANCE_DIRECTION,Disclosed favorable trend or increase relating to guidance direction.,182,0.925,POSITIVE,MEDIUM,MEDIUM,VALIDATED,Quote verified and confidence >= 0.70.
MMM,0000066740-23-000014,LITIGATION_RISK,Management disclosed litigation risk with neutral implications.,381,0.925,NEUTRAL,LOW,LOW,VALIDATED,Quote verified and confidence >= 0.70.
MMM,0000066740-23-000014,LITIGATION_RISK,Management disclosed litigation risk with negative implications.,544,0.925,NEGATIVE,CRITICAL,HIGH,VALIDATED,Quote verified and confidence >= 0.70.
MMM,0000066740-23-000014,COMPETITIVE_PRESSURE,Identified operational or financial risk affecting competitive pressure.,167,0.925,NEGATIVE,LOW,LOW,VALIDATED,Quote verified and confidence >= 0.70.
MMM,0000066740-23-000014,SUPPLY_CHAIN_RISK,Disclosed favorable trend or increase relating to supply chain risk.,392,0.925,MIXED,HIGH,MEDIUM,VALIDATED,Quote verified and confidence >= 0.70.
MMM,0000066740-23-000014,STRATEGIC_CHANGE,Management disclosed strategic change with neutral implications.,233,0.925,NEUTRAL,MEDIUM,MEDIUM,VALIDATED,Quote verified and confidence >= 0.70.
MMM,0000066740-23-000014,LITIGATION_RISK,Management disclosed litigation risk with neutral implications.,438,0.925,NEUTRAL,MEDIUM,MEDIUM,VALIDATED,Quote verified and confidence >= 0.70.
MMM,0000066740-23-000014,STRATEGIC_CHANGE,Management disclosed strategic change with positive implications.,278,0.925,POSITIVE,LOW,LOW,VALIDATED,Quote verified and confidence >= 0.70.
MMM,0000066740-23-000014,LITIGATION_RISK,Management disclosed litigation risk with neutral implications.,220,1.0,NEUTRAL,LOW,LOW,VALIDATED,Quote verified and confidence >= 0.70.
MMM,0000066740-23-000014,GUIDANCE_DIRECTION,Identified operational or financial risk affecting guidance direction.,608,1.0,NEGATIVE,CRITICAL,HIGH,VALIDATED,Quote verified and confidence >= 0.70.
MMM,0000066740-23-000014,DEMAND_UNCERTAINTY,Disclosed favorable trend or increase relating to demand uncertainty.,199,0.985,MIXED,LOW,LOW,VALIDATED,Quote verified and confidence >= 0.70.
MMM,0000066740-23-000014,MARGIN_PRESSURE,Disclosed favorable trend or increase relating to margin pressure.,975,1.0,POSITIVE,LOW,HIGH,VALIDATED,Quote verified and confidence >= 0.70.
MMM,0000066740-23-000014,LIQUIDITY_RISK,Disclosed downward pressure or decrease relating to liquidity risk.,188,0.925,NEGATIVE,LOW,LOW,VALIDATED,Quote verified and confidence >= 0.70.
MMM,0000066740-23-000014,DEMAND_UNCERTAINTY,Identified operational or financial risk affecting demand uncertainty.,206,0.985,NEGATIVE,LOW,LOW,VALIDATED,Quote verified and confidence >= 0.70.
MMM,0000066740-23-000014,CAPITAL_ALLOCATION_CHANGE,Management disclosed capital allocation change with neutral implications.,128,0.985,NEUTRAL,LOW,LOW,VALIDATED,Quote verified and confidence >= 0.70.
MMM,0000066740-23-000014,GUIDANCE_DIRECTION,Management disclosed guidance direction with neutral implications.,109,1.0,NEUTRAL,LOW,LOW,VALIDATED,Quote verified and confidence >= 0.70.
MMM,0000066740-23-000014,MATERIAL_BUSINESS_CHANGE,Management disclosed material business change with mixed implications.,269,0.925,MIXED,HIGH,HIGH,VALIDATED,Quote verified and confidence >= 0.70.
MMM,0000066740-23-000014,MARGIN_PRESSURE,Disclosed downward pressure or decrease relating to margin pressure.,245,1.0,NEGATIVE,LOW,HIGH,VALIDATED,Quote verified and confidence >= 0.70.
MMM,0000066740-23-000014,MATERIAL_BUSINESS_CHANGE,Management disclosed material business change with negative implications.,114,0.925,NEGATIVE,LOW,LOW,VALIDATED,Quote verified and confidence >= 0.70.
MMM,0000066740-23-000014,MATERIAL_BUSINESS_CHANGE,Management disclosed material business change with negative implications.,114,0.925,NEGATIVE,LOW,LOW,VALIDATED,Quote verified and confidence >= 0.70.
MMM,0000066740-23-000014,MATERIAL_BUSINESS_CHANGE,Management disclosed material business change with negative implications.,443,0.925,NEGATIVE,HIGH,HIGH,VALIDATED,Quote verified and confidence >= 0.70.
MMM,0000066740-23-000014,CAPITAL_ALLOCATION_CHANGE,Management disclosed capital allocation change with neutral implications.,94,0.925,NEUTRAL,LOW,LOW,VALIDATED,Quote verified and confidence >= 0.70.
MMM,0000066740-23-000014,LIQUIDITY_RISK,Management disclosed liquidity risk with positive implications.,40,0.92,POSITIVE,LOW,LOW,VALIDATED,Quote verified and confidence >= 0.70.
MMM,0000066740-23-000014,LIQUIDITY_RISK,Management disclosed liquidity risk with neutral implications.,105,0.97,NEUTRAL,LOW,HIGH,VALIDATED,Quote verified and confidence >= 0.70.
MMM,0000066740-23-000014,CAPITAL_ALLOCATION_CHANGE,Disclosed downward pressure or decrease relating to capital allocation change.,320,0.925,NEGATIVE,LOW,LOW,VALIDATED,Quote verified and confidence >= 0.70.
MMM,0000066740-23-000014,LIQUIDITY_RISK,Management disclosed liquidity risk with positive implications.,154,0.97,POSITIVE,HIGH,MEDIUM,VALIDATED,Quote verified and confidence >= 0.70.
UNP,0001437749-24-003599,SUPPLY_CHAIN_RISK,Management disclosed supply chain risk with neutral implications.,197,0.925,NEUTRAL,CRITICAL,HIGH,VALIDATED,Quote verified and confidence >= 0.70.
UNP,0001437749-24-003599,MARGIN_PRESSURE,Disclosed favorable trend or increase relating to margin pressure.,190,0.925,POSITIVE,LOW,LOW,VALIDATED,Quote verified and confidence >= 0.70.
UNP,0001437749-24-003599,LITIGATION_RISK,Identified operational or financial risk affecting litigation risk.,390,0.925,NEGATIVE,LOW,LOW,VALIDATED,Quote verified and confidence >= 0.70.
UNP,0001437749-24-003599,SUPPLY_CHAIN_RISK,Management disclosed supply chain risk with neutral implications.,223,0.925,NEUTRAL,LOW,LOW,VALIDATED,Quote verified and confidence >= 0.70.
UNP,0001437749-24-003599,REGULATORY_RISK,Management disclosed regulatory risk with neutral implications.,159,0.925,NEUTRAL,LOW,LOW,VALIDATED,Quote verified and confidence >= 0.70.
UNP,0001437749-24-003599,SUPPLY_CHAIN_RISK,Management disclosed supply chain risk with neutral implications.,83,0.925,NEUTRAL,LOW,LOW,VALIDATED,Quote verified and confidence >= 0.70.
UNP,0001437749-24-003599,DEMAND_UNCERTAINTY,Management disclosed demand uncertainty with neutral implications.,106,0.925,NEUTRAL,LOW,LOW,VALIDATED,Quote verified and confidence >= 0.70.
UNP,0001437749-24-003599,SUPPLY_CHAIN_RISK,Management disclosed supply chain risk with neutral implications.,93,0.925,NEUTRAL,LOW,LOW,VALIDATED,Quote verified and confidence >= 0.70.
UNP,0001437749-24-003599,DEMAND_UNCERTAINTY,Management disclosed demand uncertainty with neutral implications.,437,0.925,NEUTRAL,LOW,LOW,VALIDATED,Quote verified and confidence >= 0.70.
UNP,0001437749-24-003599,REGULATORY_RISK,Management disclosed regulatory risk with neutral implications.,95,0.925,NEUTRAL,LOW,LOW,VALIDATED,Quote verified and confidence >= 0.70.
UNP,0001437749-24-003599,COMPETITIVE_PRESSURE,Management disclosed competitive pressure with positive implications.,113,0.925,POSITIVE,LOW,LOW,VALIDATED,Quote verified and confidence >= 0.70.
UNP,0001437749-24-003599,REGULATORY_RISK,Management disclosed regulatory risk with neutral implications.,265,0.925,NEUTRAL,HIGH,MEDIUM,VALIDATED,Quote verified and confidence >= 0.70.
UNP,0001437749-24-003599,GUIDANCE_DIRECTION,Management disclosed guidance direction with neutral implications.,115,0.925,NEUTRAL,LOW,LOW,VALIDATED,Quote verified and confidence >= 0.70.
UNP,0001437749-24-003599,REGULATORY_RISK,Management disclosed regulatory risk with neutral implications.,422,0.925,NEUTRAL,LOW,LOW,VALIDATED,Quote verified and confidence >= 0.70.
UNP,0001437749-24-003599,DEMAND_UNCERTAINTY,Disclosed favorable trend or increase relating to demand uncertainty.,586,0.97,POSITIVE,HIGH,MEDIUM,VALIDATED,Quote verified and confidence >= 0.70.
UNP,0001437749-24-003599,LIQUIDITY_RISK,Identified operational or financial risk affecting liquidity risk.,464,0.97,NEGATIVE,HIGH,MEDIUM,VALIDATED,Quote verified and confidence >= 0.70.
UNP,0001437749-24-003599,STRATEGIC_CHANGE,Management disclosed strategic change with neutral implications.,544,0.925,NEUTRAL,HIGH,MEDIUM,VALIDATED,Quote verified and confidence >= 0.70.
UNP,0001437749-24-003599,LIQUIDITY_RISK,Management disclosed liquidity risk with neutral implications.,141,0.97,NEUTRAL,HIGH,MEDIUM,VALIDATED,Quote verified and confidence >= 0.70.
UNP,0001437749-24-003599,LIQUIDITY_RISK,Management disclosed liquidity risk with negative implications.,366,0.97,NEGATIVE,HIGH,MEDIUM,VALIDATED,Quote verified and confidence >= 0.70.
UNP,0001437749-24-003599,LITIGATION_RISK,Management disclosed litigation risk with negative implications.,361,0.985,NEGATIVE,HIGH,MEDIUM,VALIDATED,Quote verified and confidence >= 0.70.
UNP,0001437749-24-003599,LITIGATION_RISK,Management disclosed litigation risk with negative implications.,149,0.985,NEGATIVE,LOW,LOW,VALIDATED,Quote verified and confidence >= 0.70.
UNP,0001437749-24-003599,COMPETITIVE_PRESSURE,Disclosed favorable trend or increase relating to competitive pressure.,701,0.97,POSITIVE,HIGH,MEDIUM,VALIDATED,Quote verified and confidence >= 0.70.
UNP,0001437749-24-003599,LIQUIDITY_RISK,Identified operational or financial risk affecting liquidity risk.,361,0.97,NEGATIVE,HIGH,MEDIUM,VALIDATED,Quote verified and confidence >= 0.70.
UNP,0001437749-24-003599,DEMAND_UNCERTAINTY,Disclosed favorable trend or increase relating to demand uncertainty.,1061,0.97,NEGATIVE,MEDIUM,MEDIUM,VALIDATED,Quote verified and confidence >= 0.70.
UNP,0001437749-24-003599,CAPITAL_ALLOCATION_CHANGE,Management disclosed capital allocation change with neutral implications.,150,0.925,NEUTRAL,LOW,LOW,VALIDATED,Quote verified and confidence >= 0.70.
UNP,0001437749-24-003599,LITIGATION_RISK,Management disclosed litigation risk with negative implications.,142,1.0,NEGATIVE,LOW,LOW,VALIDATED,Quote verified and confidence >= 0.70.
UNP,0001437749-24-003599,GUIDANCE_DIRECTION,Management disclosed guidance direction with neutral implications.,141,1.0,NEUTRAL,CRITICAL,HIGH,VALIDATED,Quote verified and confidence >= 0.70.
UNP,0001437749-24-003599,MATERIAL_BUSINESS_CHANGE,Disclosed favorable trend or increase relating to material business change.,571,0.925,POSITIVE,LOW,HIGH,VALIDATED,Quote verified and confidence >= 0.70.
UNP,0001437749-24-003599,MATERIAL_BUSINESS_CHANGE,Management disclosed material business change with neutral implications.,88,0.925,NEUTRAL,LOW,LOW,VALIDATED,Quote verified and confidence >= 0.70.
UNP,0001437749-24-003599,CAPITAL_ALLOCATION_CHANGE,Disclosed downward pressure or decrease relating to capital allocation change.,171,0.985,NEGATIVE,LOW,LOW,VALIDATED,Quote verified and confidence >= 0.70.
UNP,0001437749-24-003599,GUIDANCE_DIRECTION,Disclosed favorable trend or increase relating to guidance direction.,104,1.0,POSITIVE,LOW,LOW,VALIDATED,Quote verified and confidence >= 0.70.
UNP,0001437749-24-003599,GUIDANCE_DIRECTION,Management disclosed guidance direction with neutral implications.,143,1.0,NEUTRAL,CRITICAL,HIGH,VALIDATED,Quote verified and confidence >= 0.70.
UNP,0001437749-24-003599,MANAGEMENT_OUTLOOK,Identified operational or financial risk affecting management outlook.,439,1.0,NEGATIVE,MEDIUM,MEDIUM,VALIDATED,Quote verified and confidence >= 0.70.
UNP,0001437749-24-003599,MANAGEMENT_OUTLOOK,Management disclosed management outlook with neutral implications.,76,0.95,NEUTRAL,LOW,LOW,VALIDATED,Quote verified and confidence >= 0.70.
UNP,0001437749-23-002959,SUPPLY_CHAIN_RISK,Management disclosed supply chain risk with neutral implications.,197,0.925,NEUTRAL,CRITICAL,HIGH,VALIDATED,Quote verified and confidence >= 0.70.
UNP,0001437749-23-002959,SUPPLY_CHAIN_RISK,Disclosed favorable trend or increase relating to supply chain risk.,150,0.925,POSITIVE,LOW,LOW,VALIDATED,Quote verified and confidence >= 0.70.
UNP,0001437749-23-002959,MARGIN_PRESSURE,Management disclosed margin pressure with positive implications.,159,0.925,POSITIVE,LOW,LOW,VALIDATED,Quote verified and confidence >= 0.70.
UNP,0001437749-23-002959,SUPPLY_CHAIN_RISK,Identified operational or financial risk affecting supply chain risk.,477,0.925,NEGATIVE,LOW,LOW,VALIDATED,Quote verified and confidence >= 0.70.
UNP,0001437749-23-002959,REGULATORY_RISK,Management disclosed regulatory risk with neutral implications.,159,0.925,NEUTRAL,LOW,LOW,VALIDATED,Quote verified and confidence >= 0.70.
UNP,0001437749-23-002959,SUPPLY_CHAIN_RISK,Management disclosed supply chain risk with neutral implications.,83,0.925,NEUTRAL,LOW,LOW,VALIDATED,Quote verified and confidence >= 0.70.
UNP,0001437749-23-002959,DEMAND_UNCERTAINTY,Management disclosed demand uncertainty with neutral implications.,106,0.925,NEUTRAL,LOW,LOW,VALIDATED,Quote verified and confidence >= 0.70.
UNP,0001437749-23-002959,DEMAND_UNCERTAINTY,Management disclosed demand uncertainty with neutral implications.,437,0.925,NEUTRAL,LOW,LOW,VALIDATED,Quote verified and confidence >= 0.70.
UNP,0001437749-23-002959,REGULATORY_RISK,Management disclosed regulatory risk with neutral implications.,63,0.875,NEUTRAL,LOW,LOW,VALIDATED,Quote verified and confidence >= 0.70.
UNP,0001437749-23-002959,COMPETITIVE_PRESSURE,Management disclosed competitive pressure with positive implications.,191,0.925,POSITIVE,LOW,LOW,VALIDATED,Quote verified and confidence >= 0.70.
UNP,0001437749-23-002959,COMPETITIVE_PRESSURE,Management disclosed competitive pressure with positive implications.,113,0.925,POSITIVE,LOW,LOW,VALIDATED,Quote verified and confidence >= 0.70.
UNP,0001437749-23-002959,REGULATORY_RISK,Management disclosed regulatory risk with neutral implications.,265,0.925,NEUTRAL,HIGH,MEDIUM,VALIDATED,Quote verified and confidence >= 0.70.
UNP,0001437749-23-002959,GUIDANCE_DIRECTION,Management disclosed guidance direction with neutral implications.,124,0.925,NEUTRAL,LOW,LOW,VALIDATED,Quote verified and confidence >= 0.70.
UNP,0001437749-23-002959,REGULATORY_RISK,Management disclosed regulatory risk with neutral implications.,422,0.925,NEUTRAL,LOW,LOW,VALIDATED,Quote verified and confidence >= 0.70.
UNP,0001437749-23-002959,DEMAND_UNCERTAINTY,Disclosed favorable trend or increase relating to demand uncertainty.,586,0.97,POSITIVE,HIGH,MEDIUM,VALIDATED,Quote verified and confidence >= 0.70.
UNP,0001437749-23-002959,LIQUIDITY_RISK,Identified operational or financial risk affecting liquidity risk.,464,0.97,NEGATIVE,HIGH,MEDIUM,VALIDATED,Quote verified and confidence >= 0.70.
UNP,0001437749-23-002959,STRATEGIC_CHANGE,Management disclosed strategic change with neutral implications.,544,0.925,NEUTRAL,HIGH,MEDIUM,VALIDATED,Quote verified and confidence >= 0.70.
UNP,0001437749-23-002959,LIQUIDITY_RISK,Management disclosed liquidity risk with neutral implications.,141,0.97,NEUTRAL,HIGH,MEDIUM,VALIDATED,Quote verified and confidence >= 0.70.
UNP,0001437749-23-002959,LIQUIDITY_RISK,Management disclosed liquidity risk with negative implications.,366,0.97,NEGATIVE,HIGH,MEDIUM,VALIDATED,Quote verified and confidence >= 0.70.
UNP,0001437749-23-002959,LITIGATION_RISK,Management disclosed litigation risk with negative implications.,361,0.985,NEGATIVE,HIGH,MEDIUM,VALIDATED,Quote verified and confidence >= 0.70.
UNP,0001437749-23-002959,LITIGATION_RISK,Management disclosed litigation risk with negative implications.,149,0.985,NEGATIVE,LOW,LOW,VALIDATED,Quote verified and confidence >= 0.70.
UNP,0001437749-23-002959,COMPETITIVE_PRESSURE,Disclosed favorable trend or increase relating to competitive pressure.,701,0.97,POSITIVE,HIGH,MEDIUM,VALIDATED,Quote verified and confidence >= 0.70.
UNP,0001437749-23-002959,LIQUIDITY_RISK,Identified operational or financial risk affecting liquidity risk.,361,0.97,NEGATIVE,HIGH,MEDIUM,VALIDATED,Quote verified and confidence >= 0.70.
UNP,0001437749-23-002959,DEMAND_UNCERTAINTY,Disclosed favorable trend or increase relating to demand uncertainty.,1061,0.97,NEGATIVE,MEDIUM,MEDIUM,VALIDATED,Quote verified and confidence >= 0.70.
UNP,0001437749-23-002959,CAPITAL_ALLOCATION_CHANGE,Management disclosed capital allocation change with neutral implications.,150,0.925,NEUTRAL,LOW,LOW,VALIDATED,Quote verified and confidence >= 0.70.
UNP,0001437749-23-002959,LITIGATION_RISK,Management disclosed litigation risk with negative implications.,142,1.0,NEGATIVE,LOW,LOW,VALIDATED,Quote verified and confidence >= 0.70.
UNP,0001437749-23-002959,LITIGATION_RISK,Management disclosed litigation risk with neutral implications.,305,1.0,NEUTRAL,MEDIUM,MEDIUM,VALIDATED,Quote verified and confidence >= 0.70.
UNP,0001437749-23-002959,GUIDANCE_DIRECTION,Identified operational or financial risk affecting guidance direction.,220,1.0,NEGATIVE,LOW,LOW,VALIDATED,Quote verified and confidence >= 0.70.
UNP,0001437749-23-002959,GUIDANCE_DIRECTION,Disclosed favorable trend or increase relating to guidance direction.,207,1.0,POSITIVE,CRITICAL,HIGH,VALIDATED,Quote verified and confidence >= 0.70.
UNP,0001437749-23-002959,CAPITAL_ALLOCATION_CHANGE,Disclosed favorable trend or increase relating to capital allocation change.,249,0.985,MIXED,LOW,LOW,VALIDATED,Quote verified and confidence >= 0.70.
UNP,0001437749-23-002959,GUIDANCE_DIRECTION,Disclosed favorable trend or increase relating to guidance direction.,98,1.0,POSITIVE,LOW,LOW,VALIDATED,Quote verified and confidence >= 0.70.
UNP,0001437749-23-002959,MANAGEMENT_OUTLOOK,Identified operational or financial risk affecting management outlook.,439,1.0,NEGATIVE,MEDIUM,MEDIUM,VALIDATED,Quote verified and confidence >= 0.70.
UNP,0001437749-23-002959,MANAGEMENT_OUTLOOK,Management disclosed management outlook with neutral implications.,76,0.95,NEUTRAL,LOW,LOW,VALIDATED,Quote verified and confidence >= 0.70.
LMT,0000936468-24-000010,SUPPLY_CHAIN_RISK,Management disclosed supply chain risk with neutral implications.,138,0.925,NEUTRAL,LOW,LOW,VALIDATED,Quote verified and confidence >= 0.70.
LMT,0000936468-24-000010,GUIDANCE_DIRECTION,Management disclosed guidance direction with neutral implications.,227,0.925,NEUTRAL,HIGH,MEDIUM,VALIDATED,Quote verified and confidence >= 0.70.
LMT,0000936468-24-000010,GUIDANCE_DIRECTION,Management disclosed guidance direction with neutral implications.,257,0.925,NEUTRAL,HIGH,MEDIUM,VALIDATED,Quote verified and confidence >= 0.70.
LMT,0000936468-24-000010,SUPPLY_CHAIN_RISK,Management disclosed supply chain risk with neutral implications.,120,0.925,NEUTRAL,LOW,LOW,VALIDATED,Quote verified and confidence >= 0.70.
LMT,0000936468-24-000010,SUPPLY_CHAIN_RISK,Management disclosed supply chain risk with neutral implications.,329,0.925,NEUTRAL,LOW,LOW,VALIDATED,Quote verified and confidence >= 0.70.
LMT,0000936468-24-000010,GUIDANCE_DIRECTION,Management disclosed guidance direction with neutral implications.,116,0.925,NEUTRAL,LOW,LOW,VALIDATED,Quote verified and confidence >= 0.70.
LMT,0000936468-24-000010,GUIDANCE_DIRECTION,Management disclosed guidance direction with neutral implications.,153,0.925,NEUTRAL,LOW,LOW,VALIDATED,Quote verified and confidence >= 0.70.
LMT,0000936468-24-000010,SUPPLY_CHAIN_RISK,Management disclosed supply chain risk with neutral implications.,162,0.925,NEUTRAL,LOW,LOW,VALIDATED,Quote verified and confidence >= 0.70.
LMT,0000936468-24-000010,REGULATORY_RISK,Management disclosed regulatory risk with neutral implications.,188,0.925,NEUTRAL,HIGH,MEDIUM,VALIDATED,Quote verified and confidence >= 0.70.
LMT,0000936468-24-000010,STRATEGIC_CHANGE,Management disclosed strategic change with neutral implications.,67,0.875,NEUTRAL,LOW,LOW,VALIDATED,Quote verified and confidence >= 0.70.
LMT,0000936468-24-000010,COMPETITIVE_PRESSURE,Management disclosed competitive pressure with positive implications.,281,0.925,POSITIVE,LOW,LOW,VALIDATED,Quote verified and confidence >= 0.70.
LMT,0000936468-24-000010,COMPETITIVE_PRESSURE,Management disclosed competitive pressure with neutral implications.,92,0.925,NEUTRAL,LOW,LOW,VALIDATED,Quote verified and confidence >= 0.70.
LMT,0000936468-24-000010,COMPETITIVE_PRESSURE,Management disclosed competitive pressure with neutral implications.,174,0.925,NEUTRAL,LOW,LOW,VALIDATED,Quote verified and confidence >= 0.70.
LMT,0000936468-24-000010,COMPETITIVE_PRESSURE,Management disclosed competitive pressure with neutral implications.,237,0.925,NEUTRAL,LOW,LOW,VALIDATED,Quote verified and confidence >= 0.70.
LMT,0000936468-24-000010,REGULATORY_RISK,Management disclosed regulatory risk with neutral implications.,150,0.925,NEUTRAL,LOW,LOW,VALIDATED,Quote verified and confidence >= 0.70.
LMT,0000936468-24-000010,STRATEGIC_CHANGE,Management disclosed strategic change with neutral implications.,126,0.925,NEUTRAL,LOW,LOW,VALIDATED,Quote verified and confidence >= 0.70.
LMT,0000936468-24-000010,REGULATORY_RISK,Management disclosed regulatory risk with neutral implications.,250,0.925,NEUTRAL,HIGH,MEDIUM,VALIDATED,Quote verified and confidence >= 0.70.
LMT,0000936468-24-000010,REGULATORY_RISK,Disclosed favorable trend or increase relating to regulatory risk.,484,0.925,POSITIVE,HIGH,MEDIUM,VALIDATED,Quote verified and confidence >= 0.70.
LMT,0000936468-24-000010,MANAGEMENT_OUTLOOK,Disclosed favorable trend or increase relating to management outlook.,339,0.925,MIXED,LOW,LOW,VALIDATED,Quote verified and confidence >= 0.70.
LMT,0000936468-24-000010,MARGIN_PRESSURE,Management disclosed margin pressure with neutral implications.,234,0.925,NEUTRAL,LOW,LOW,VALIDATED,Quote verified and confidence >= 0.70.
LMT,0000936468-24-000010,LITIGATION_RISK,Management disclosed litigation risk with negative implications.,424,0.925,NEGATIVE,CRITICAL,HIGH,VALIDATED,Quote verified and confidence >= 0.70.
LMT,0000936468-24-000010,STRATEGIC_CHANGE,Management disclosed strategic change with neutral implications.,173,0.925,NEUTRAL,LOW,LOW,VALIDATED,Quote verified and confidence >= 0.70.
LMT,0000936468-24-000010,MARGIN_PRESSURE,Management disclosed margin pressure with mixed implications.,166,0.925,MIXED,LOW,LOW,VALIDATED,Quote verified and confidence >= 0.70.
LMT,0000936468-24-000010,MARGIN_PRESSURE,Disclosed favorable trend or increase relating to margin pressure.,437,0.925,NEGATIVE,HIGH,MEDIUM,VALIDATED,Quote verified and confidence >= 0.70.
LMT,0000936468-24-000010,MARGIN_PRESSURE,Disclosed downward pressure or decrease relating to margin pressure.,226,0.925,NEGATIVE,HIGH,MEDIUM,VALIDATED,Quote verified and confidence >= 0.70.
LMT,0000936468-24-000010,DEMAND_UNCERTAINTY,Disclosed favorable trend or increase relating to demand uncertainty.,405,0.925,POSITIVE,MEDIUM,MEDIUM,VALIDATED,Quote verified and confidence >= 0.70.
LMT,0000936468-24-000010,STRATEGIC_CHANGE,Management disclosed strategic change with neutral implications.,199,0.925,NEUTRAL,MEDIUM,MEDIUM,VALIDATED,Quote verified and confidence >= 0.70.
LMT,0000936468-24-000010,LITIGATION_RISK,Identified operational or financial risk affecting litigation risk.,407,0.925,NEGATIVE,HIGH,MEDIUM,VALIDATED,Quote verified and confidence >= 0.70.
LMT,0000936468-24-000010,LITIGATION_RISK,Identified operational or financial risk affecting litigation risk.,291,0.925,NEGATIVE,LOW,LOW,VALIDATED,Quote verified and confidence >= 0.70.
LMT,0000936468-24-000010,LITIGATION_RISK,Disclosed favorable trend or increase relating to litigation risk.,174,0.925,MIXED,LOW,LOW,VALIDATED,Quote verified and confidence >= 0.70.
LMT,0000936468-24-000010,CAPITAL_ALLOCATION_CHANGE,Management disclosed capital allocation change with neutral implications.,304,0.925,NEUTRAL,LOW,LOW,VALIDATED,Quote verified and confidence >= 0.70.
LMT,0000936468-24-000010,CAPITAL_ALLOCATION_CHANGE,Management disclosed capital allocation change with neutral implications.,339,0.925,NEUTRAL,LOW,LOW,VALIDATED,Quote verified and confidence >= 0.70.
LMT,0000936468-24-000010,CAPITAL_ALLOCATION_CHANGE,Management disclosed capital allocation change with positive implications.,262,0.925,POSITIVE,LOW,LOW,VALIDATED,Quote verified and confidence >= 0.70.
LMT,0000936468-24-000010,CAPITAL_ALLOCATION_CHANGE,Management disclosed capital allocation change with neutral implications.,162,0.925,NEUTRAL,LOW,LOW,VALIDATED,Quote verified and confidence >= 0.70.
LMT,0000936468-24-000010,DEMAND_UNCERTAINTY,Management disclosed demand uncertainty with neutral implications.,46,0.935,NEUTRAL,LOW,LOW,VALIDATED,Quote verified and confidence >= 0.70.
LMT,0000936468-24-000010,DEMAND_UNCERTAINTY,Management disclosed demand uncertainty with neutral implications.,238,0.97,NEUTRAL,LOW,LOW,VALIDATED,Quote verified and confidence >= 0.70.
LMT,0000936468-24-000010,DEMAND_UNCERTAINTY,Management disclosed demand uncertainty with neutral implications.,155,0.97,NEUTRAL,LOW,LOW,VALIDATED,Quote verified and confidence >= 0.70.
LMT,0000936468-24-000010,MATERIAL_BUSINESS_CHANGE,Management disclosed material business change with mixed implications.,295,0.925,MIXED,LOW,HIGH,VALIDATED,Quote verified and confidence >= 0.70.
LMT,0000936468-24-000010,LIQUIDITY_RISK,Management disclosed liquidity risk with neutral implications.,132,0.97,NEUTRAL,LOW,LOW,VALIDATED,Quote verified and confidence >= 0.70.
LMT,0000936468-24-000010,LIQUIDITY_RISK,Management disclosed liquidity risk with neutral implications.,110,0.97,NEUTRAL,LOW,LOW,VALIDATED,Quote verified and confidence >= 0.70.
LMT,0000936468-24-000010,MATERIAL_BUSINESS_CHANGE,Management disclosed material business change with negative implications.,205,0.925,NEGATIVE,LOW,LOW,VALIDATED,Quote verified and confidence >= 0.70.
LMT,0000936468-24-000010,MATERIAL_BUSINESS_CHANGE,Management disclosed material business change with negative implications.,93,0.925,NEGATIVE,LOW,LOW,VALIDATED,Quote verified and confidence >= 0.70.
LMT,0000936468-24-000010,MATERIAL_BUSINESS_CHANGE,Management disclosed material business change with negative implications.,133,0.925,NEGATIVE,LOW,LOW,VALIDATED,Quote verified and confidence >= 0.70.
LMT,0000936468-23-000009,SUPPLY_CHAIN_RISK,Management disclosed supply chain risk with neutral implications.,138,0.925,NEUTRAL,LOW,LOW,VALIDATED,Quote verified and confidence >= 0.70.
LMT,0000936468-23-000009,GUIDANCE_DIRECTION,Management disclosed guidance direction with neutral implications.,227,0.925,NEUTRAL,HIGH,MEDIUM,VALIDATED,Quote verified and confidence >= 0.70.
LMT,0000936468-23-000009,GUIDANCE_DIRECTION,Management disclosed guidance direction with neutral implications.,257,0.925,NEUTRAL,HIGH,MEDIUM,VALIDATED,Quote verified and confidence >= 0.70.
LMT,0000936468-23-000009,SUPPLY_CHAIN_RISK,Management disclosed supply chain risk with neutral implications.,97,0.925,NEUTRAL,LOW,LOW,VALIDATED,Quote verified and confidence >= 0.70.
LMT,0000936468-23-000009,SUPPLY_CHAIN_RISK,Management disclosed supply chain risk with neutral implications.,329,0.925,NEUTRAL,LOW,LOW,VALIDATED,Quote verified and confidence >= 0.70.
LMT,0000936468-23-000009,GUIDANCE_DIRECTION,Management disclosed guidance direction with neutral implications.,116,0.925,NEUTRAL,LOW,LOW,VALIDATED,Quote verified and confidence >= 0.70.
LMT,0000936468-23-000009,GUIDANCE_DIRECTION,Management disclosed guidance direction with neutral implications.,123,0.925,NEUTRAL,LOW,LOW,VALIDATED,Quote verified and confidence >= 0.70.
LMT,0000936468-23-000009,SUPPLY_CHAIN_RISK,Management disclosed supply chain risk with neutral implications.,162,0.925,NEUTRAL,LOW,LOW,VALIDATED,Quote verified and confidence >= 0.70.
LMT,0000936468-23-000009,REGULATORY_RISK,Management disclosed regulatory risk with neutral implications.,188,0.925,NEUTRAL,HIGH,MEDIUM,VALIDATED,Quote verified and confidence >= 0.70.
LMT,0000936468-23-000009,STRATEGIC_CHANGE,Management disclosed strategic change with neutral implications.,67,0.875,NEUTRAL,LOW,LOW,VALIDATED,Quote verified and confidence >= 0.70.
LMT,0000936468-23-000009,COMPETITIVE_PRESSURE,Management disclosed competitive pressure with positive implications.,280,0.925,POSITIVE,LOW,LOW,VALIDATED,Quote verified and confidence >= 0.70.
LMT,0000936468-23-000009,COMPETITIVE_PRESSURE,Management disclosed competitive pressure with neutral implications.,141,0.925,NEUTRAL,LOW,LOW,VALIDATED,Quote verified and confidence >= 0.70.
LMT,0000936468-23-000009,COMPETITIVE_PRESSURE,Management disclosed competitive pressure with neutral implications.,245,0.925,NEUTRAL,LOW,LOW,VALIDATED,Quote verified and confidence >= 0.70.
LMT,0000936468-23-000009,COMPETITIVE_PRESSURE,Management disclosed competitive pressure with neutral implications.,96,0.925,NEUTRAL,LOW,LOW,VALIDATED,Quote verified and confidence >= 0.70.
LMT,0000936468-23-000009,REGULATORY_RISK,Management disclosed regulatory risk with neutral implications.,128,0.925,NEUTRAL,LOW,LOW,VALIDATED,Quote verified and confidence >= 0.70.
LMT,0000936468-23-000009,STRATEGIC_CHANGE,Management disclosed strategic change with neutral implications.,1121,0.925,NEUTRAL,HIGH,MEDIUM,VALIDATED,Quote verified and confidence >= 0.70.
LMT,0000936468-23-000009,REGULATORY_RISK,Management disclosed regulatory risk with neutral implications.,250,0.925,NEUTRAL,HIGH,MEDIUM,VALIDATED,Quote verified and confidence >= 0.70.
LMT,0000936468-23-000009,REGULATORY_RISK,Disclosed favorable trend or increase relating to regulatory risk.,474,0.925,POSITIVE,HIGH,MEDIUM,VALIDATED,Quote verified and confidence >= 0.70.
LMT,0000936468-23-000009,MANAGEMENT_OUTLOOK,Management disclosed management outlook with negative implications.,109,0.925,NEGATIVE,MEDIUM,MEDIUM,VALIDATED,Quote verified and confidence >= 0.70.
LMT,0000936468-23-000009,MARGIN_PRESSURE,Management disclosed margin pressure with neutral implications.,233,0.925,NEUTRAL,LOW,LOW,VALIDATED,Quote verified and confidence >= 0.70.
LMT,0000936468-23-000009,LITIGATION_RISK,Management disclosed litigation risk with negative implications.,424,0.925,NEGATIVE,CRITICAL,HIGH,VALIDATED,Quote verified and confidence >= 0.70.
LMT,0000936468-23-000009,STRATEGIC_CHANGE,Disclosed favorable trend or increase relating to strategic change.,216,0.925,POSITIVE,HIGH,MEDIUM,VALIDATED,Quote verified and confidence >= 0.70.
LMT,0000936468-23-000009,MARGIN_PRESSURE,Disclosed favorable trend or increase relating to margin pressure.,437,0.925,NEGATIVE,HIGH,MEDIUM,VALIDATED,Quote verified and confidence >= 0.70.
LMT,0000936468-23-000009,MARGIN_PRESSURE,Disclosed favorable trend or increase relating to margin pressure.,276,0.925,MIXED,LOW,MEDIUM,VALIDATED,Quote verified and confidence >= 0.70.
LMT,0000936468-23-000009,DEMAND_UNCERTAINTY,Disclosed favorable trend or increase relating to demand uncertainty.,311,0.925,POSITIVE,MEDIUM,MEDIUM,VALIDATED,Quote verified and confidence >= 0.70.
LMT,0000936468-23-000009,STRATEGIC_CHANGE,Management disclosed strategic change with neutral implications.,199,0.925,NEUTRAL,MEDIUM,MEDIUM,VALIDATED,Quote verified and confidence >= 0.70.
LMT,0000936468-23-000009,LIQUIDITY_RISK,Management disclosed liquidity risk with neutral implications.,288,0.925,NEUTRAL,LOW,LOW,VALIDATED,Quote verified and confidence >= 0.70.
LMT,0000936468-23-000009,LITIGATION_RISK,Identified operational or financial risk affecting litigation risk.,407,0.925,NEGATIVE,HIGH,MEDIUM,VALIDATED,Quote verified and confidence >= 0.70.
LMT,0000936468-23-000009,LITIGATION_RISK,Identified operational or financial risk affecting litigation risk.,291,0.925,NEGATIVE,LOW,LOW,VALIDATED,Quote verified and confidence >= 0.70.
LMT,0000936468-23-000009,LITIGATION_RISK,Disclosed favorable trend or increase relating to litigation risk.,174,0.925,MIXED,LOW,LOW,VALIDATED,Quote verified and confidence >= 0.70.
LMT,0000936468-23-000009,CAPITAL_ALLOCATION_CHANGE,Management disclosed capital allocation change with neutral implications.,304,0.925,NEUTRAL,LOW,LOW,VALIDATED,Quote verified and confidence >= 0.70.
LMT,0000936468-23-000009,CAPITAL_ALLOCATION_CHANGE,Management disclosed capital allocation change with neutral implications.,339,0.925,NEUTRAL,LOW,LOW,VALIDATED,Quote verified and confidence >= 0.70.
LMT,0000936468-23-000009,CAPITAL_ALLOCATION_CHANGE,Management disclosed capital allocation change with positive implications.,262,0.925,POSITIVE,LOW,LOW,VALIDATED,Quote verified and confidence >= 0.70.
LMT,0000936468-23-000009,CAPITAL_ALLOCATION_CHANGE,Management disclosed capital allocation change with neutral implications.,149,0.925,NEUTRAL,LOW,HIGH,VALIDATED,Quote verified and confidence >= 0.70.
LMT,0000936468-23-000009,MATERIAL_BUSINESS_CHANGE,Management disclosed material business change with negative implications.,1450,0.925,NEGATIVE,LOW,MEDIUM,VALIDATED,Quote verified and confidence >= 0.70.
LMT,0000936468-23-000009,MATERIAL_BUSINESS_CHANGE,Management disclosed material business change with negative implications.,343,0.925,NEGATIVE,LOW,HIGH,VALIDATED,Quote verified and confidence >= 0.70.
LMT,0000936468-23-000009,DEMAND_UNCERTAINTY,Management disclosed demand uncertainty with neutral implications.,265,0.985,NEUTRAL,LOW,LOW,VALIDATED,Quote verified and confidence >= 0.70.
LMT,0000936468-23-000009,DEMAND_UNCERTAINTY,Management disclosed demand uncertainty with neutral implications.,35,0.885,NEUTRAL,LOW,LOW,VALIDATED,Quote verified and confidence >= 0.70.
LMT,0000936468-23-000009,DEMAND_UNCERTAINTY,Management disclosed demand uncertainty with neutral implications.,261,0.97,NEUTRAL,LOW,LOW,VALIDATED,Quote verified and confidence >= 0.70.
LMT,0000936468-23-000009,MATERIAL_BUSINESS_CHANGE,Management disclosed material business change with negative implications.,876,0.925,NEGATIVE,LOW,MEDIUM,VALIDATED,Quote verified and confidence >= 0.70.
LMT,0000936468-23-000009,MATERIAL_BUSINESS_CHANGE,Management disclosed material business change with negative implications.,216,0.925,NEGATIVE,LOW,HIGH,VALIDATED,Quote verified and confidence >= 0.70.
LMT,0000936468-23-000009,MARGIN_PRESSURE,Management disclosed margin pressure with neutral implications.,100,0.925,NEUTRAL,LOW,LOW,VALIDATED,Quote verified and confidence >= 0.70.
LMT,0000936468-23-000009,LIQUIDITY_RISK,Management disclosed liquidity risk with neutral implications.,183,0.97,NEUTRAL,LOW,HIGH,VALIDATED,Quote verified and confidence >= 0.70.
LMT,0000936468-23-000009,LIQUIDITY_RISK,Management disclosed liquidity risk with neutral implications.,132,0.97,NEUTRAL,LOW,LOW,VALIDATED,Quote verified and confidence >= 0.70.
LMT,0000936468-23-000009,LIQUIDITY_RISK,Management disclosed liquidity risk with neutral implications.,110,0.97,NEUTRAL,LOW,LOW,VALIDATED,Quote verified and confidence >= 0.70.
XOM,0000034088-24-000018,COMPETITIVE_PRESSURE,Management disclosed competitive pressure with neutral implications.,211,0.925,NEUTRAL,LOW,LOW,VALIDATED,Quote verified and confidence >= 0.70.
XOM,0000034088-24-000018,COMPETITIVE_PRESSURE,Identified operational or financial risk affecting competitive pressure.,189,0.925,NEGATIVE,LOW,LOW,VALIDATED,Quote verified and confidence >= 0.70.
XOM,0000034088-24-000018,COMPETITIVE_PRESSURE,Management disclosed competitive pressure with positive implications.,284,0.925,POSITIVE,LOW,LOW,VALIDATED,Quote verified and confidence >= 0.70.
XOM,0000034088-24-000018,REGULATORY_RISK,Identified operational or financial risk affecting regulatory risk.,370,0.925,NEGATIVE,HIGH,MEDIUM,VALIDATED,Quote verified and confidence >= 0.70.
XOM,0000034088-24-000018,REGULATORY_RISK,Management disclosed regulatory risk with neutral implications.,384,0.925,NEUTRAL,LOW,LOW,VALIDATED,Quote verified and confidence >= 0.70.
XOM,0000034088-24-000018,MARGIN_PRESSURE,Management disclosed margin pressure with neutral implications.,173,0.925,NEUTRAL,HIGH,MEDIUM,VALIDATED,Quote verified and confidence >= 0.70.
XOM,0000034088-24-000018,DEMAND_UNCERTAINTY,Management disclosed demand uncertainty with neutral implications.,131,0.925,NEUTRAL,LOW,LOW,VALIDATED,Quote verified and confidence >= 0.70.
XOM,0000034088-24-000018,DEMAND_UNCERTAINTY,Disclosed favorable trend or increase relating to demand uncertainty.,738,0.925,POSITIVE,CRITICAL,HIGH,VALIDATED,Quote verified and confidence >= 0.70.
XOM,0000034088-24-000018,SUPPLY_CHAIN_RISK,Disclosed favorable trend or increase relating to supply chain risk.,683,0.925,MIXED,LOW,LOW,VALIDATED,Quote verified and confidence >= 0.70.
XOM,0000034088-24-000018,REGULATORY_RISK,Identified operational or financial risk affecting regulatory risk.,146,0.925,NEGATIVE,HIGH,MEDIUM,VALIDATED,Quote verified and confidence >= 0.70.
XOM,0000034088-24-000018,COMPETITIVE_PRESSURE,Management disclosed competitive pressure with neutral implications.,119,0.925,NEUTRAL,LOW,LOW,VALIDATED,Quote verified and confidence >= 0.70.
XOM,0000034088-24-000018,REGULATORY_RISK,Management disclosed regulatory risk with neutral implications.,244,0.925,NEUTRAL,LOW,LOW,VALIDATED,Quote verified and confidence >= 0.70.
XOM,0000034088-24-000018,LITIGATION_RISK,Identified operational or financial risk affecting litigation risk.,664,0.925,NEGATIVE,HIGH,MEDIUM,VALIDATED,Quote verified and confidence >= 0.70.
XOM,0000034088-24-000018,DEMAND_UNCERTAINTY,Management disclosed demand uncertainty with neutral implications.,343,0.925,NEUTRAL,LOW,LOW,VALIDATED,Quote verified and confidence >= 0.70.
XOM,0000034088-24-000018,DEMAND_UNCERTAINTY,Disclosed favorable trend or increase relating to demand uncertainty.,348,0.925,MIXED,HIGH,MEDIUM,VALIDATED,Quote verified and confidence >= 0.70.
XOM,0000034088-24-000018,GUIDANCE_DIRECTION,Management disclosed guidance direction with neutral implications.,140,0.925,NEUTRAL,LOW,LOW,VALIDATED,Quote verified and confidence >= 0.70.
XOM,0000034088-24-000018,GUIDANCE_DIRECTION,Management disclosed guidance direction with neutral implications.,33,0.825,NEUTRAL,LOW,LOW,VALIDATED,Quote verified and confidence >= 0.70.
XOM,0000034088-24-000018,STRATEGIC_CHANGE,Management disclosed strategic change with positive implications.,407,0.925,POSITIVE,LOW,LOW,VALIDATED,Quote verified and confidence >= 0.70.
XOM,0000034088-24-000018,GUIDANCE_DIRECTION,Management disclosed guidance direction with neutral implications.,185,0.925,NEUTRAL,LOW,LOW,VALIDATED,Quote verified and confidence >= 0.70.
XOM,0000034088-24-000018,LITIGATION_RISK,Management disclosed litigation risk with negative implications.,168,1.0,NEGATIVE,LOW,LOW,VALIDATED,Quote verified and confidence >= 0.70.
XOM,0000034088-24-000018,MANAGEMENT_OUTLOOK,Management disclosed management outlook with neutral implications.,111,0.925,NEUTRAL,LOW,LOW,VALIDATED,Quote verified and confidence >= 0.70.
XOM,0000034088-24-000018,CAPITAL_ALLOCATION_CHANGE,Identified operational or financial risk affecting capital allocation change.,54,0.875,NEGATIVE,LOW,LOW,VALIDATED,Quote verified and confidence >= 0.70.
XOM,0000034088-24-000018,CAPITAL_ALLOCATION_CHANGE,Disclosed favorable trend or increase relating to capital allocation change.,176,0.925,POSITIVE,LOW,HIGH,VALIDATED,Quote verified and confidence >= 0.70.
XOM,0000034088-24-000018,CAPITAL_ALLOCATION_CHANGE,Disclosed favorable trend or increase relating to capital allocation change.,111,0.925,POSITIVE,LOW,HIGH,VALIDATED,Quote verified and confidence >= 0.70.
XOM,0000034088-24-000018,LIQUIDITY_RISK,Management disclosed liquidity risk with neutral implications.,136,0.97,NEUTRAL,LOW,LOW,VALIDATED,Quote verified and confidence >= 0.70.
XOM,0000034088-24-000018,GUIDANCE_DIRECTION,Management disclosed guidance direction with neutral implications.,88,0.925,NEUTRAL,LOW,HIGH,VALIDATED,Quote verified and confidence >= 0.70.
XOM,0000034088-24-000018,LITIGATION_RISK,Management disclosed litigation risk with negative implications.,34,0.885,NEGATIVE,LOW,LOW,VALIDATED,Quote verified and confidence >= 0.70.
XOM,0000034088-24-000018,LITIGATION_RISK,Management disclosed litigation risk with neutral implications.,156,0.985,NEUTRAL,LOW,LOW,VALIDATED,Quote verified and confidence >= 0.70.
XOM,0000034088-24-000018,STRATEGIC_CHANGE,Management disclosed strategic change with positive implications.,245,0.925,POSITIVE,LOW,LOW,VALIDATED,Quote verified and confidence >= 0.70.
XOM,0000034088-24-000018,MARGIN_PRESSURE,Management disclosed margin pressure with neutral implications.,168,0.925,NEUTRAL,LOW,LOW,VALIDATED,Quote verified and confidence >= 0.70.
XOM,0000034088-24-000018,STRATEGIC_CHANGE,Management disclosed strategic change with neutral implications.,114,0.925,NEUTRAL,LOW,LOW,VALIDATED,Quote verified and confidence >= 0.70.
XOM,0000034088-24-000018,LIQUIDITY_RISK,Identified operational or financial risk affecting liquidity risk.,169,0.97,NEGATIVE,HIGH,MEDIUM,VALIDATED,Quote verified and confidence >= 0.70.
XOM,0000034088-24-000018,LIQUIDITY_RISK,Management disclosed liquidity risk with neutral implications.,89,0.97,NEUTRAL,HIGH,MEDIUM,VALIDATED,Quote verified and confidence >= 0.70.
XOM,0000034088-24-000018,MARGIN_PRESSURE,Management disclosed margin pressure with neutral implications.,276,0.925,NEUTRAL,LOW,LOW,VALIDATED,Quote verified and confidence >= 0.70.
XOM,0000034088-24-000018,MARGIN_PRESSURE,Management disclosed margin pressure with neutral implications.,421,0.925,NEUTRAL,LOW,LOW,VALIDATED,Quote verified and confidence >= 0.70.
XOM,0000034088-24-000018,MATERIAL_BUSINESS_CHANGE,Management disclosed material business change with mixed implications.,312,0.925,MIXED,HIGH,MEDIUM,VALIDATED,Quote verified and confidence >= 0.70.
XOM,0000034088-24-000018,MATERIAL_BUSINESS_CHANGE,Management disclosed material business change with negative implications.,197,0.925,NEGATIVE,MEDIUM,MEDIUM,VALIDATED,Quote verified and confidence >= 0.70.
XOM,0000034088-24-000018,MATERIAL_BUSINESS_CHANGE,Management disclosed material business change with neutral implications.,212,0.925,NEUTRAL,LOW,LOW,VALIDATED,Quote verified and confidence >= 0.70.
XOM,0000034088-24-000018,STRATEGIC_CHANGE,Management disclosed strategic change with neutral implications.,170,0.925,NEUTRAL,LOW,LOW,VALIDATED,Quote verified and confidence >= 0.70.
XOM,0000034088-24-000018,MATERIAL_BUSINESS_CHANGE,Management disclosed material business change with negative implications.,1178,0.925,NEGATIVE,LOW,LOW,VALIDATED,Quote verified and confidence >= 0.70.
XOM,0000034088-23-000020,COMPETITIVE_PRESSURE,Management disclosed competitive pressure with neutral implications.,211,0.925,NEUTRAL,LOW,LOW,VALIDATED,Quote verified and confidence >= 0.70.
XOM,0000034088-23-000020,COMPETITIVE_PRESSURE,Identified operational or financial risk affecting competitive pressure.,189,0.925,NEGATIVE,LOW,LOW,VALIDATED,Quote verified and confidence >= 0.70.
XOM,0000034088-23-000020,COMPETITIVE_PRESSURE,Management disclosed competitive pressure with positive implications.,284,0.925,POSITIVE,LOW,LOW,VALIDATED,Quote verified and confidence >= 0.70.
XOM,0000034088-23-000020,CAPITAL_ALLOCATION_CHANGE,Identified operational or financial risk affecting capital allocation change.,369,0.925,NEGATIVE,HIGH,MEDIUM,VALIDATED,Quote verified and confidence >= 0.70.
XOM,0000034088-23-000020,REGULATORY_RISK,Management disclosed regulatory risk with neutral implications.,384,0.925,NEUTRAL,LOW,LOW,VALIDATED,Quote verified and confidence >= 0.70.
XOM,0000034088-23-000020,DEMAND_UNCERTAINTY,Identified operational or financial risk affecting demand uncertainty.,46,0.875,NEGATIVE,LOW,LOW,VALIDATED,Quote verified and confidence >= 0.70.
XOM,0000034088-23-000020,MARGIN_PRESSURE,Management disclosed margin pressure with neutral implications.,173,0.925,NEUTRAL,HIGH,MEDIUM,VALIDATED,Quote verified and confidence >= 0.70.
XOM,0000034088-23-000020,DEMAND_UNCERTAINTY,Management disclosed demand uncertainty with neutral implications.,131,0.925,NEUTRAL,LOW,LOW,VALIDATED,Quote verified and confidence >= 0.70.
XOM,0000034088-23-000020,DEMAND_UNCERTAINTY,Management disclosed demand uncertainty with neutral implications.,32,0.825,NEUTRAL,LOW,LOW,VALIDATED,Quote verified and confidence >= 0.70.
XOM,0000034088-23-000020,SUPPLY_CHAIN_RISK,Disclosed favorable trend or increase relating to supply chain risk.,623,0.925,MIXED,LOW,LOW,VALIDATED,Quote verified and confidence >= 0.70.
XOM,0000034088-23-000020,REGULATORY_RISK,Identified operational or financial risk affecting regulatory risk.,146,0.925,NEGATIVE,HIGH,MEDIUM,VALIDATED,Quote verified and confidence >= 0.70.
XOM,0000034088-23-000020,COMPETITIVE_PRESSURE,Management disclosed competitive pressure with neutral implications.,119,0.925,NEUTRAL,LOW,LOW,VALIDATED,Quote verified and confidence >= 0.70.
XOM,0000034088-23-000020,REGULATORY_RISK,Disclosed favorable trend or increase relating to regulatory risk.,708,0.925,MIXED,HIGH,MEDIUM,VALIDATED,Quote verified and confidence >= 0.70.
XOM,0000034088-23-000020,LITIGATION_RISK,Identified operational or financial risk affecting litigation risk.,664,0.925,NEGATIVE,HIGH,MEDIUM,VALIDATED,Quote verified and confidence >= 0.70.
XOM,0000034088-23-000020,REGULATORY_RISK,Identified operational or financial risk affecting regulatory risk.,263,0.925,NEGATIVE,LOW,LOW,VALIDATED,Quote verified and confidence >= 0.70.
XOM,0000034088-23-000020,DEMAND_UNCERTAINTY,Management disclosed demand uncertainty with neutral implications.,343,0.925,NEUTRAL,LOW,LOW,VALIDATED,Quote verified and confidence >= 0.70.
XOM,0000034088-23-000020,GUIDANCE_DIRECTION,Management disclosed guidance direction with neutral implications.,140,0.925,NEUTRAL,LOW,LOW,VALIDATED,Quote verified and confidence >= 0.70.
XOM,0000034088-23-000020,GUIDANCE_DIRECTION,Management disclosed guidance direction with neutral implications.,33,0.825,NEUTRAL,LOW,LOW,VALIDATED,Quote verified and confidence >= 0.70.
XOM,0000034088-23-000020,GUIDANCE_DIRECTION,Management disclosed guidance direction with neutral implications.,178,0.925,NEUTRAL,LOW,LOW,VALIDATED,Quote verified and confidence >= 0.70.
XOM,0000034088-23-000020,GUIDANCE_DIRECTION,Management disclosed guidance direction with neutral implications.,89,0.925,NEUTRAL,LOW,LOW,VALIDATED,Quote verified and confidence >= 0.70.
XOM,0000034088-23-000020,STRATEGIC_CHANGE,Management disclosed strategic change with neutral implications.,104,0.925,NEUTRAL,LOW,LOW,VALIDATED,Quote verified and confidence >= 0.70.
XOM,0000034088-23-000020,STRATEGIC_CHANGE,Management disclosed strategic change with neutral implications.,63,0.875,NEUTRAL,LOW,LOW,VALIDATED,Quote verified and confidence >= 0.70.
XOM,0000034088-23-000020,SUPPLY_CHAIN_RISK,Management disclosed supply chain risk with neutral implications.,244,0.925,NEUTRAL,LOW,LOW,VALIDATED,Quote verified and confidence >= 0.70.
XOM,0000034088-23-000020,LITIGATION_RISK,Management disclosed litigation risk with negative implications.,168,1.0,NEGATIVE,LOW,LOW,VALIDATED,Quote verified and confidence >= 0.70.
XOM,0000034088-23-000020,MANAGEMENT_OUTLOOK,Management disclosed management outlook with neutral implications.,111,0.925,NEUTRAL,LOW,LOW,VALIDATED,Quote verified and confidence >= 0.70.
XOM,0000034088-23-000020,CAPITAL_ALLOCATION_CHANGE,Identified operational or financial risk affecting capital allocation change.,53,0.875,NEGATIVE,LOW,LOW,VALIDATED,Quote verified and confidence >= 0.70.
XOM,0000034088-23-000020,CAPITAL_ALLOCATION_CHANGE,Management disclosed capital allocation change with neutral implications.,176,0.925,NEUTRAL,LOW,HIGH,VALIDATED,Quote verified and confidence >= 0.70.
XOM,0000034088-23-000020,CAPITAL_ALLOCATION_CHANGE,Disclosed favorable trend or increase relating to capital allocation change.,111,0.925,POSITIVE,LOW,HIGH,VALIDATED,Quote verified and confidence >= 0.70.
XOM,0000034088-23-000020,LIQUIDITY_RISK,Management disclosed liquidity risk with neutral implications.,161,0.97,NEUTRAL,LOW,LOW,VALIDATED,Quote verified and confidence >= 0.70.
XOM,0000034088-23-000020,LITIGATION_RISK,Management disclosed litigation risk with negative implications.,34,0.885,NEGATIVE,LOW,LOW,VALIDATED,Quote verified and confidence >= 0.70.
XOM,0000034088-23-000020,LITIGATION_RISK,Management disclosed litigation risk with neutral implications.,156,0.985,NEUTRAL,LOW,LOW,VALIDATED,Quote verified and confidence >= 0.70.
XOM,0000034088-23-000020,STRATEGIC_CHANGE,Management disclosed strategic change with positive implications.,245,0.925,POSITIVE,LOW,LOW,VALIDATED,Quote verified and confidence >= 0.70.
XOM,0000034088-23-000020,MARGIN_PRESSURE,Management disclosed margin pressure with neutral implications.,168,0.925,NEUTRAL,LOW,LOW,VALIDATED,Quote verified and confidence >= 0.70.
XOM,0000034088-23-000020,STRATEGIC_CHANGE,Management disclosed strategic change with neutral implications.,114,0.925,NEUTRAL,LOW,LOW,VALIDATED,Quote verified and confidence >= 0.70.
XOM,0000034088-23-000020,LIQUIDITY_RISK,Identified operational or financial risk affecting liquidity risk.,169,0.97,NEGATIVE,HIGH,MEDIUM,VALIDATED,Quote verified and confidence >= 0.70.
XOM,0000034088-23-000020,LIQUIDITY_RISK,Management disclosed liquidity risk with neutral implications.,89,0.97,NEUTRAL,HIGH,MEDIUM,VALIDATED,Quote verified and confidence >= 0.70.
XOM,0000034088-23-000020,MARGIN_PRESSURE,Management disclosed margin pressure with neutral implications.,276,0.925,NEUTRAL,LOW,LOW,VALIDATED,Quote verified and confidence >= 0.70.
XOM,0000034088-23-000020,MARGIN_PRESSURE,Management disclosed margin pressure with neutral implications.,419,0.925,NEUTRAL,LOW,LOW,VALIDATED,Quote verified and confidence >= 0.70.
XOM,0000034088-23-000020,MATERIAL_BUSINESS_CHANGE,Management disclosed material business change with mixed implications.,312,0.925,MIXED,HIGH,MEDIUM,VALIDATED,Quote verified and confidence >= 0.70.
XOM,0000034088-23-000020,MATERIAL_BUSINESS_CHANGE,Management disclosed material business change with negative implications.,197,0.925,NEGATIVE,MEDIUM,MEDIUM,VALIDATED,Quote verified and confidence >= 0.70.
XOM,0000034088-23-000020,MATERIAL_BUSINESS_CHANGE,Management disclosed material business change with negative implications.,172,0.925,NEGATIVE,LOW,HIGH,VALIDATED,Quote verified and confidence >= 0.70.
XOM,0000034088-23-000020,MATERIAL_BUSINESS_CHANGE,Management disclosed material business change with negative implications.,1277,0.925,NEGATIVE,LOW,LOW,VALIDATED,Quote verified and confidence >= 0.70.
CVX,0000093410-24-000013,REGULATORY_RISK,Management disclosed regulatory risk with neutral implications.,254,0.925,NEUTRAL,LOW,LOW,VALIDATED,Quote verified and confidence >= 0.70.
CVX,0000093410-24-000013,LITIGATION_RISK,Management disclosed litigation risk with neutral implications.,437,1.0,NEUTRAL,HIGH,HIGH,VALIDATED,Quote verified and confidence >= 0.70.
CVX,0000093410-24-000013,LITIGATION_RISK,Disclosed favorable trend or increase relating to litigation risk.,191,1.0,POSITIVE,LOW,LOW,VALIDATED,Quote verified and confidence >= 0.70.
CVX,0000093410-24-000013,LITIGATION_RISK,Management disclosed litigation risk with negative implications.,80,1.0,NEGATIVE,LOW,LOW,VALIDATED,Quote verified and confidence >= 0.70.
CVX,0000093410-24-000013,LIQUIDITY_RISK,Management disclosed liquidity risk with neutral implications.,250,0.925,NEUTRAL,LOW,LOW,VALIDATED,Quote verified and confidence >= 0.70.
CVX,0000093410-24-000013,REGULATORY_RISK,Management disclosed regulatory risk with neutral implications.,340,1.0,NEUTRAL,LOW,LOW,VALIDATED,Quote verified and confidence >= 0.70.
CVX,0000093410-24-000013,STRATEGIC_CHANGE,Management disclosed strategic change with neutral implications.,1047,0.925,NEUTRAL,LOW,LOW,VALIDATED,Quote verified and confidence >= 0.70.
CVX,0000093410-24-000013,CAPITAL_ALLOCATION_CHANGE,Management disclosed capital allocation change with neutral implications.,187,0.925,NEUTRAL,LOW,LOW,VALIDATED,Quote verified and confidence >= 0.70.
CVX,0000093410-24-000013,REGULATORY_RISK,Management disclosed regulatory risk with neutral implications.,141,1.0,NEUTRAL,LOW,LOW,VALIDATED,Quote verified and confidence >= 0.70.
CVX,0000093410-24-000013,GUIDANCE_DIRECTION,Management disclosed guidance direction with neutral implications.,287,0.925,NEUTRAL,LOW,LOW,VALIDATED,Quote verified and confidence >= 0.70.
CVX,0000093410-24-000013,GUIDANCE_DIRECTION,Management disclosed guidance direction with neutral implications.,242,0.925,NEUTRAL,LOW,LOW,VALIDATED,Quote verified and confidence >= 0.70.
CVX,0000093410-24-000013,REGULATORY_RISK,Management disclosed regulatory risk with neutral implications.,152,1.0,NEUTRAL,LOW,LOW,VALIDATED,Quote verified and confidence >= 0.70.
CVX,0000093410-24-000013,STRATEGIC_CHANGE,Management disclosed strategic change with neutral implications.,101,0.925,NEUTRAL,LOW,LOW,VALIDATED,Quote verified and confidence >= 0.70.
CVX,0000093410-24-000013,GUIDANCE_DIRECTION,Management disclosed guidance direction with neutral implications.,138,0.925,NEUTRAL,LOW,HIGH,VALIDATED,Quote verified and confidence >= 0.70.
CVX,0000093410-24-000013,GUIDANCE_DIRECTION,Disclosed downward pressure or decrease relating to guidance direction.,198,0.925,NEGATIVE,LOW,LOW,VALIDATED,Quote verified and confidence >= 0.70.
CVX,0000093410-24-000013,STRATEGIC_CHANGE,Management disclosed strategic change with neutral implications.,182,0.925,NEUTRAL,LOW,LOW,VALIDATED,Quote verified and confidence >= 0.70.
CVX,0000093410-24-000013,STRATEGIC_CHANGE,Disclosed favorable trend or increase relating to strategic change.,156,0.925,POSITIVE,LOW,LOW,VALIDATED,Quote verified and confidence >= 0.70.
CVX,0000093410-23-000009,DEMAND_UNCERTAINTY,Management disclosed demand uncertainty with neutral implications.,149,0.97,NEUTRAL,LOW,LOW,VALIDATED,Quote verified and confidence >= 0.70.
CVX,0000093410-23-000009,LIQUIDITY_RISK,Disclosed favorable trend or increase relating to liquidity risk.,175,0.97,NEGATIVE,HIGH,MEDIUM,VALIDATED,Quote verified and confidence >= 0.70.
CVX,0000093410-23-000009,DEMAND_UNCERTAINTY,Management disclosed demand uncertainty with negative implications.,267,0.97,NEGATIVE,HIGH,MEDIUM,VALIDATED,Quote verified and confidence >= 0.70.
CVX,0000093410-23-000009,LIQUIDITY_RISK,Identified operational or financial risk affecting liquidity risk.,359,0.97,NEGATIVE,HIGH,MEDIUM,VALIDATED,Quote verified and confidence >= 0.70.
CVX,0000093410-23-000009,GUIDANCE_DIRECTION,Identified operational or financial risk affecting guidance direction.,384,0.925,NEGATIVE,CRITICAL,HIGH,VALIDATED,Quote verified and confidence >= 0.70.
CVX,0000093410-23-000009,REGULATORY_RISK,Management disclosed regulatory risk with neutral implications.,268,1.0,NEUTRAL,LOW,LOW,VALIDATED,Quote verified and confidence >= 0.70.
CVX,0000093410-23-000009,REGULATORY_RISK,Identified operational or financial risk affecting regulatory risk.,314,1.0,NEGATIVE,LOW,LOW,VALIDATED,Quote verified and confidence >= 0.70.
CVX,0000093410-23-000009,LIQUIDITY_RISK,Management disclosed liquidity risk with neutral implications.,172,0.97,NEUTRAL,LOW,LOW,VALIDATED,Quote verified and confidence >= 0.70.
CVX,0000093410-23-000009,LITIGATION_RISK,Identified operational or financial risk affecting litigation risk.,293,0.985,NEGATIVE,HIGH,MEDIUM,VALIDATED,Quote verified and confidence >= 0.70.
CVX,0000093410-23-000009,REGULATORY_RISK,Management disclosed regulatory risk with neutral implications.,305,1.0,NEUTRAL,HIGH,MEDIUM,VALIDATED,Quote verified and confidence >= 0.70.
CVX,0000093410-23-000009,REGULATORY_RISK,Identified operational or financial risk affecting regulatory risk.,279,1.0,NEGATIVE,LOW,LOW,VALIDATED,Quote verified and confidence >= 0.70.
CVX,0000093410-23-000009,LITIGATION_RISK,Disclosed favorable trend or increase relating to litigation risk.,653,0.985,NEGATIVE,HIGH,MEDIUM,VALIDATED,Quote verified and confidence >= 0.70.
CVX,0000093410-23-000009,GUIDANCE_DIRECTION,Management disclosed guidance direction with neutral implications.,312,0.925,NEUTRAL,LOW,LOW,VALIDATED,Quote verified and confidence >= 0.70.
CVX,0000093410-23-000009,STRATEGIC_CHANGE,Management disclosed strategic change with neutral implications.,298,0.925,NEUTRAL,LOW,LOW,VALIDATED,Quote verified and confidence >= 0.70.
CVX,0000093410-23-000009,GUIDANCE_DIRECTION,Identified operational or financial risk affecting guidance direction.,310,0.925,NEGATIVE,HIGH,MEDIUM,VALIDATED,Quote verified and confidence >= 0.70.
CVX,0000093410-23-000009,GUIDANCE_DIRECTION,Disclosed favorable trend or increase relating to guidance direction.,460,0.925,MIXED,HIGH,MEDIUM,VALIDATED,Quote verified and confidence >= 0.70.
CVX,0000093410-23-000009,LITIGATION_RISK,Management disclosed litigation risk with negative implications.,394,0.985,NEGATIVE,HIGH,MEDIUM,VALIDATED,Quote verified and confidence >= 0.70.
CVX,0000093410-23-000009,LITIGATION_RISK,Management disclosed litigation risk with neutral implications.,437,1.0,NEUTRAL,HIGH,HIGH,VALIDATED,Quote verified and confidence >= 0.70.
COP,0001163165-24-000010,LITIGATION_RISK,Management disclosed litigation risk with neutral implications.,280,1.0,NEUTRAL,HIGH,MEDIUM,VALIDATED,Quote verified and confidence >= 0.70.
COP,0001163165-24-000010,GUIDANCE_DIRECTION,Management disclosed guidance direction with neutral implications.,333,1.0,NEUTRAL,MEDIUM,MEDIUM,VALIDATED,Quote verified and confidence >= 0.70.
COP,0001163165-24-000010,SUPPLY_CHAIN_RISK,Management disclosed supply chain risk with neutral implications.,262,0.925,NEUTRAL,LOW,LOW,VALIDATED,Quote verified and confidence >= 0.70.
COP,0001163165-24-000010,COMPETITIVE_PRESSURE,Management disclosed competitive pressure with neutral implications.,261,0.925,NEUTRAL,LOW,LOW,VALIDATED,Quote verified and confidence >= 0.70.
COP,0001163165-24-000010,CAPITAL_ALLOCATION_CHANGE,Management disclosed capital allocation change with neutral implications.,235,0.985,NEUTRAL,LOW,HIGH,VALIDATED,Quote verified and confidence >= 0.70.
COP,0001163165-24-000010,STRATEGIC_CHANGE,Management disclosed strategic change with neutral implications.,183,0.97,NEUTRAL,LOW,HIGH,VALIDATED,Quote verified and confidence >= 0.70.
COP,0001163165-24-000010,GUIDANCE_DIRECTION,Management disclosed guidance direction with neutral implications.,117,1.0,NEUTRAL,LOW,LOW,VALIDATED,Quote verified and confidence >= 0.70.
COP,0001163165-24-000010,CAPITAL_ALLOCATION_CHANGE,Management disclosed capital allocation change with positive implications.,1204,0.985,POSITIVE,LOW,HIGH,VALIDATED,Quote verified and confidence >= 0.70.
COP,0001163165-24-000010,DEMAND_UNCERTAINTY,Management disclosed demand uncertainty with neutral implications.,156,0.985,NEUTRAL,LOW,LOW,VALIDATED,Quote verified and confidence >= 0.70.
COP,0001163165-24-000010,STRATEGIC_CHANGE,Management disclosed strategic change with positive implications.,91,0.97,POSITIVE,LOW,LOW,VALIDATED,Quote verified and confidence >= 0.70.
COP,0001163165-24-000010,CAPITAL_ALLOCATION_CHANGE,Management disclosed capital allocation change with neutral implications.,192,0.985,NEUTRAL,LOW,LOW,VALIDATED,Quote verified and confidence >= 0.70.
COP,0001163165-24-000010,SUPPLY_CHAIN_RISK,Disclosed downward pressure or decrease relating to supply chain risk.,163,0.925,NEGATIVE,LOW,LOW,VALIDATED,Quote verified and confidence >= 0.70.
COP,0001163165-24-000010,STRATEGIC_CHANGE,Management disclosed strategic change with neutral implications.,243,0.97,NEUTRAL,LOW,LOW,VALIDATED,Quote verified and confidence >= 0.70.
COP,0001163165-24-000010,REGULATORY_RISK,Disclosed favorable trend or increase relating to regulatory risk.,297,0.925,POSITIVE,MEDIUM,MEDIUM,VALIDATED,Quote verified and confidence >= 0.70.
COP,0001163165-24-000010,GUIDANCE_DIRECTION,Management disclosed guidance direction with neutral implications.,111,1.0,NEUTRAL,LOW,LOW,VALIDATED,Quote verified and confidence >= 0.70.
COP,0001163165-24-000010,SUPPLY_CHAIN_RISK,Management disclosed supply chain risk with negative implications.,425,0.925,NEGATIVE,LOW,LOW,VALIDATED,Quote verified and confidence >= 0.70.
COP,0001163165-24-000010,GUIDANCE_DIRECTION,Management disclosed guidance direction with neutral implications.,180,1.0,NEUTRAL,LOW,HIGH,VALIDATED,Quote verified and confidence >= 0.70.
COP,0001163165-24-000010,STRATEGIC_CHANGE,Management disclosed strategic change with neutral implications.,302,0.97,NEUTRAL,LOW,HIGH,VALIDATED,Quote verified and confidence >= 0.70.
COP,0001163165-24-000010,LITIGATION_RISK,Management disclosed litigation risk with negative implications.,348,0.925,NEGATIVE,LOW,LOW,VALIDATED,Quote verified and confidence >= 0.70.
COP,0001163165-24-000010,LIQUIDITY_RISK,Management disclosed liquidity risk with neutral implications.,238,0.925,NEUTRAL,LOW,HIGH,VALIDATED,Quote verified and confidence >= 0.70.
COP,0001163165-24-000010,MARGIN_PRESSURE,Management disclosed margin pressure with neutral implications.,133,1.0,NEUTRAL,LOW,LOW,VALIDATED,Quote verified and confidence >= 0.70.
COP,0001163165-24-000010,CAPITAL_ALLOCATION_CHANGE,Management disclosed capital allocation change with neutral implications.,57,0.935,NEUTRAL,LOW,LOW,VALIDATED,Quote verified and confidence >= 0.70.
COP,0001163165-24-000010,LIQUIDITY_RISK,Management disclosed liquidity risk with neutral implications.,308,0.925,NEUTRAL,LOW,LOW,VALIDATED,Quote verified and confidence >= 0.70.
COP,0001163165-24-000010,LIQUIDITY_RISK,Management disclosed liquidity risk with neutral implications.,180,0.925,NEUTRAL,LOW,HIGH,VALIDATED,Quote verified and confidence >= 0.70.
COP,0001163165-24-000010,LIQUIDITY_RISK,Management disclosed liquidity risk with neutral implications.,203,0.925,NEUTRAL,LOW,HIGH,VALIDATED,Quote verified and confidence >= 0.70.
COP,0001163165-24-000010,LITIGATION_RISK,Management disclosed litigation risk with neutral implications.,616,0.925,NEUTRAL,LOW,LOW,VALIDATED,Quote verified and confidence >= 0.70.
COP,0001163165-24-000010,LITIGATION_RISK,Management disclosed litigation risk with neutral implications.,276,0.925,NEUTRAL,LOW,LOW,VALIDATED,Quote verified and confidence >= 0.70.
COP,0001163165-24-000010,REGULATORY_RISK,Management disclosed regulatory risk with neutral implications.,147,0.925,NEUTRAL,LOW,LOW,VALIDATED,Quote verified and confidence >= 0.70.
COP,0001163165-24-000010,REGULATORY_RISK,Management disclosed regulatory risk with neutral implications.,164,0.925,NEUTRAL,LOW,LOW,VALIDATED,Quote verified and confidence >= 0.70.
COP,0001163165-24-000010,REGULATORY_RISK,Management disclosed regulatory risk with neutral implications.,203,0.925,NEUTRAL,MEDIUM,MEDIUM,VALIDATED,Quote verified and confidence >= 0.70.
COP,0001163165-24-000010,DEMAND_UNCERTAINTY,Management disclosed demand uncertainty with neutral implications.,284,0.985,NEUTRAL,LOW,LOW,VALIDATED,Quote verified and confidence >= 0.70.
COP,0001163165-24-000010,MATERIAL_BUSINESS_CHANGE,Management disclosed material business change with negative implications.,139,0.925,NEGATIVE,HIGH,MEDIUM,VALIDATED,Quote verified and confidence >= 0.70.
COP,0001163165-24-000010,MATERIAL_BUSINESS_CHANGE,Management disclosed material business change with negative implications.,223,0.925,NEGATIVE,HIGH,MEDIUM,VALIDATED,Quote verified and confidence >= 0.70.
COP,0001163165-24-000010,MATERIAL_BUSINESS_CHANGE,Management disclosed material business change with negative implications.,259,0.925,NEGATIVE,LOW,LOW,VALIDATED,Quote verified and confidence >= 0.70.
COP,0001163165-24-000010,MATERIAL_BUSINESS_CHANGE,Management disclosed material business change with negative implications.,192,0.925,NEGATIVE,LOW,LOW,VALIDATED,Quote verified and confidence >= 0.70.
COP,0001163165-24-000010,DEMAND_UNCERTAINTY,Management disclosed demand uncertainty with neutral implications.,572,0.97,NEUTRAL,LOW,LOW,VALIDATED,Quote verified and confidence >= 0.70.
COP,0001163165-23-000006,LITIGATION_RISK,Management disclosed litigation risk with neutral implications.,280,1.0,NEUTRAL,HIGH,MEDIUM,VALIDATED,Quote verified and confidence >= 0.70.
COP,0001163165-23-000006,GUIDANCE_DIRECTION,Management disclosed guidance direction with neutral implications.,322,1.0,NEUTRAL,MEDIUM,MEDIUM,VALIDATED,Quote verified and confidence >= 0.70.
COP,0001163165-23-000006,SUPPLY_CHAIN_RISK,Management disclosed supply chain risk with neutral implications.,294,0.925,NEUTRAL,LOW,LOW,VALIDATED,Quote verified and confidence >= 0.70.
COP,0001163165-23-000006,DEMAND_UNCERTAINTY,Management disclosed demand uncertainty with negative implications.,379,0.985,NEGATIVE,LOW,MEDIUM,VALIDATED,Quote verified and confidence >= 0.70.
COP,0001163165-23-000006,GUIDANCE_DIRECTION,Management disclosed guidance direction with neutral implications.,192,1.0,NEUTRAL,LOW,HIGH,VALIDATED,Quote verified and confidence >= 0.70.
COP,0001163165-23-000006,CAPITAL_ALLOCATION_CHANGE,Management disclosed capital allocation change with neutral implications.,237,0.985,NEUTRAL,LOW,HIGH,VALIDATED,Quote verified and confidence >= 0.70.
COP,0001163165-23-000006,STRATEGIC_CHANGE,Management disclosed strategic change with neutral implications.,384,0.97,NEUTRAL,LOW,LOW,VALIDATED,Quote verified and confidence >= 0.70.
COP,0001163165-23-000006,STRATEGIC_CHANGE,Management disclosed strategic change with neutral implications.,285,0.97,NEUTRAL,LOW,LOW,VALIDATED,Quote verified and confidence >= 0.70.
COP,0001163165-23-000006,CAPITAL_ALLOCATION_CHANGE,Management disclosed capital allocation change with neutral implications.,647,0.985,NEUTRAL,HIGH,HIGH,VALIDATED,Quote verified and confidence >= 0.70.
COP,0001163165-23-000006,STRATEGIC_CHANGE,Management disclosed strategic change with positive implications.,1322,0.97,POSITIVE,LOW,HIGH,VALIDATED,Quote verified and confidence >= 0.70.
COP,0001163165-23-000006,DEMAND_UNCERTAINTY,Management disclosed demand uncertainty with neutral implications.,167,0.985,NEUTRAL,LOW,LOW,VALIDATED,Quote verified and confidence >= 0.70.
COP,0001163165-23-000006,CAPITAL_ALLOCATION_CHANGE,Management disclosed capital allocation change with neutral implications.,192,0.985,NEUTRAL,LOW,LOW,VALIDATED,Quote verified and confidence >= 0.70.
COP,0001163165-23-000006,GUIDANCE_DIRECTION,Management disclosed guidance direction with neutral implications.,99,1.0,NEUTRAL,LOW,LOW,VALIDATED,Quote verified and confidence >= 0.70.
COP,0001163165-23-000006,SUPPLY_CHAIN_RISK,Disclosed downward pressure or decrease relating to supply chain risk.,163,0.925,NEGATIVE,LOW,LOW,VALIDATED,Quote verified and confidence >= 0.70.
COP,0001163165-23-000006,COMPETITIVE_PRESSURE,Management disclosed competitive pressure with neutral implications.,155,0.925,NEUTRAL,CRITICAL,HIGH,VALIDATED,Quote verified and confidence >= 0.70.
COP,0001163165-23-000006,REGULATORY_RISK,Disclosed favorable trend or increase relating to regulatory risk.,297,0.925,POSITIVE,MEDIUM,MEDIUM,VALIDATED,Quote verified and confidence >= 0.70.
COP,0001163165-23-000006,SUPPLY_CHAIN_RISK,Management disclosed supply chain risk with negative implications.,411,0.925,NEGATIVE,LOW,LOW,VALIDATED,Quote verified and confidence >= 0.70.
COP,0001163165-23-000006,SUPPLY_CHAIN_RISK,Management disclosed supply chain risk with negative implications.,251,0.925,NEGATIVE,LOW,LOW,VALIDATED,Quote verified and confidence >= 0.70.
COP,0001163165-23-000006,GUIDANCE_DIRECTION,Management disclosed guidance direction with positive implications.,509,1.0,POSITIVE,LOW,HIGH,VALIDATED,Quote verified and confidence >= 0.70.
COP,0001163165-23-000006,STRATEGIC_CHANGE,Management disclosed strategic change with neutral implications.,103,0.97,NEUTRAL,LOW,LOW,VALIDATED,Quote verified and confidence >= 0.70.
COP,0001163165-23-000006,MATERIAL_BUSINESS_CHANGE,Management disclosed material business change with negative implications.,137,0.925,NEGATIVE,LOW,LOW,VALIDATED,Quote verified and confidence >= 0.70.
COP,0001163165-23-000006,LIQUIDITY_RISK,Management disclosed liquidity risk with neutral implications.,367,0.925,NEUTRAL,LOW,LOW,VALIDATED,Quote verified and confidence >= 0.70.
COP,0001163165-23-000006,CAPITAL_ALLOCATION_CHANGE,Management disclosed capital allocation change with neutral implications.,352,0.985,NEUTRAL,LOW,HIGH,VALIDATED,Quote verified and confidence >= 0.70.
COP,0001163165-23-000006,LIQUIDITY_RISK,Management disclosed liquidity risk with neutral implications.,238,0.925,NEUTRAL,LOW,HIGH,VALIDATED,Quote verified and confidence >= 0.70.
COP,0001163165-23-000006,LIQUIDITY_RISK,Management disclosed liquidity risk with neutral implications.,308,0.925,NEUTRAL,LOW,LOW,VALIDATED,Quote verified and confidence >= 0.70.
COP,0001163165-23-000006,LIQUIDITY_RISK,Management disclosed liquidity risk with neutral implications.,180,0.925,NEUTRAL,LOW,HIGH,VALIDATED,Quote verified and confidence >= 0.70.
COP,0001163165-23-000006,LITIGATION_RISK,Management disclosed litigation risk with neutral implications.,618,0.925,NEUTRAL,LOW,LOW,VALIDATED,Quote verified and confidence >= 0.70.
COP,0001163165-23-000006,LITIGATION_RISK,Management disclosed litigation risk with neutral implications.,276,0.925,NEUTRAL,LOW,LOW,VALIDATED,Quote verified and confidence >= 0.70.
COP,0001163165-23-000006,REGULATORY_RISK,Management disclosed regulatory risk with neutral implications.,147,0.925,NEUTRAL,LOW,LOW,VALIDATED,Quote verified and confidence >= 0.70.
COP,0001163165-23-000006,REGULATORY_RISK,Management disclosed regulatory risk with neutral implications.,164,0.925,NEUTRAL,LOW,LOW,VALIDATED,Quote verified and confidence >= 0.70.
COP,0001163165-23-000006,REGULATORY_RISK,Management disclosed regulatory risk with neutral implications.,203,0.925,NEUTRAL,MEDIUM,MEDIUM,VALIDATED,Quote verified and confidence >= 0.70.
COP,0001163165-23-000006,LITIGATION_RISK,Management disclosed litigation risk with neutral implications.,80,0.925,NEUTRAL,LOW,LOW,VALIDATED,Quote verified and confidence >= 0.70.
COP,0001163165-23-000006,DEMAND_UNCERTAINTY,Identified operational or financial risk affecting demand uncertainty.,367,0.985,NEGATIVE,HIGH,MEDIUM,VALIDATED,Quote verified and confidence >= 0.70.
COP,0001163165-23-000006,MATERIAL_BUSINESS_CHANGE,Management disclosed material business change with negative implications.,139,0.925,NEGATIVE,HIGH,MEDIUM,VALIDATED,Quote verified and confidence >= 0.70.
COP,0001163165-23-000006,MATERIAL_BUSINESS_CHANGE,Management disclosed material business change with negative implications.,223,0.925,NEGATIVE,HIGH,MEDIUM,VALIDATED,Quote verified and confidence >= 0.70.
COP,0001163165-23-000006,MATERIAL_BUSINESS_CHANGE,Management disclosed material business change with negative implications.,259,0.925,NEGATIVE,LOW,LOW,VALIDATED,Quote verified and confidence >= 0.70.
COP,0001163165-23-000006,DEMAND_UNCERTAINTY,Management disclosed demand uncertainty with neutral implications.,582,0.97,NEUTRAL,LOW,LOW,VALIDATED,Quote verified and confidence >= 0.70.
SLB,0000950170-24-006884,LITIGATION_RISK,Management disclosed litigation risk with neutral implications.,113,1.0,NEUTRAL,LOW,LOW,VALIDATED,Quote verified and confidence >= 0.70.
SLB,0000950170-24-006884,MANAGEMENT_OUTLOOK,Management disclosed management outlook with neutral implications.,204,1.0,NEUTRAL,LOW,LOW,VALIDATED,Quote verified and confidence >= 0.70.
SLB,0000950170-24-006884,MARGIN_PRESSURE,Disclosed favorable trend or increase relating to margin pressure.,133,0.925,POSITIVE,LOW,LOW,VALIDATED,Quote verified and confidence >= 0.70.
SLB,0000950170-24-006884,MARGIN_PRESSURE,Management disclosed margin pressure with positive implications.,221,0.925,POSITIVE,LOW,LOW,VALIDATED,Quote verified and confidence >= 0.70.
SLB,0000950170-24-006884,GUIDANCE_DIRECTION,Disclosed favorable trend or increase relating to guidance direction.,151,0.925,POSITIVE,LOW,LOW,VALIDATED,Quote verified and confidence >= 0.70.
SLB,0000950170-24-006884,GUIDANCE_DIRECTION,Disclosed favorable trend or increase relating to guidance direction.,101,0.925,POSITIVE,LOW,LOW,VALIDATED,Quote verified and confidence >= 0.70.
SLB,0000950170-24-006884,STRATEGIC_CHANGE,Disclosed favorable trend or increase relating to strategic change.,240,0.925,POSITIVE,LOW,HIGH,VALIDATED,Quote verified and confidence >= 0.70.
SLB,0000950170-24-006884,MARGIN_PRESSURE,Disclosed favorable trend or increase relating to margin pressure.,142,0.925,POSITIVE,LOW,LOW,VALIDATED,Quote verified and confidence >= 0.70.
SLB,0000950170-24-006884,MARGIN_PRESSURE,Management disclosed margin pressure with positive implications.,167,0.925,POSITIVE,LOW,LOW,VALIDATED,Quote verified and confidence >= 0.70.
SLB,0000950170-24-006884,LIQUIDITY_RISK,Management disclosed liquidity risk with mixed implications.,1134,0.97,MIXED,LOW,LOW,VALIDATED,Quote verified and confidence >= 0.70.
SLB,0000950170-24-006884,CAPITAL_ALLOCATION_CHANGE,Disclosed favorable trend or increase relating to capital allocation change.,1474,0.925,MIXED,LOW,LOW,VALIDATED,Quote verified and confidence >= 0.70.
SLB,0000950170-24-006884,CAPITAL_ALLOCATION_CHANGE,Disclosed favorable trend or increase relating to capital allocation change.,188,0.925,POSITIVE,LOW,LOW,VALIDATED,Quote verified and confidence >= 0.70.
SLB,0000950170-24-006884,CAPITAL_ALLOCATION_CHANGE,Disclosed favorable trend or increase relating to capital allocation change.,199,0.925,POSITIVE,LOW,LOW,VALIDATED,Quote verified and confidence >= 0.70.
SLB,0000950170-24-006884,CAPITAL_ALLOCATION_CHANGE,Disclosed favorable trend or increase relating to capital allocation change.,197,0.925,POSITIVE,LOW,LOW,VALIDATED,Quote verified and confidence >= 0.70.
SLB,0000950170-24-006884,LIQUIDITY_RISK,Management disclosed liquidity risk with neutral implications.,209,0.97,NEUTRAL,LOW,HIGH,VALIDATED,Quote verified and confidence >= 0.70.
SLB,0000950170-24-006884,MATERIAL_BUSINESS_CHANGE,Management disclosed material business change with negative implications.,251,0.925,NEGATIVE,MEDIUM,MEDIUM,VALIDATED,Quote verified and confidence >= 0.70.
SLB,0000950170-24-006884,MATERIAL_BUSINESS_CHANGE,Management disclosed material business change with negative implications.,185,0.925,NEGATIVE,LOW,LOW,VALIDATED,Quote verified and confidence >= 0.70.
SLB,0000950170-24-006884,MATERIAL_BUSINESS_CHANGE,Management disclosed material business change with negative implications.,126,0.925,NEGATIVE,LOW,LOW,VALIDATED,Quote verified and confidence >= 0.70.
SLB,0000950170-24-006884,GUIDANCE_DIRECTION,Management disclosed guidance direction with mixed implications.,98,0.925,MIXED,LOW,LOW,VALIDATED,Quote verified and confidence >= 0.70.
SLB,0000950170-24-006884,GUIDANCE_DIRECTION,Management disclosed guidance direction with neutral implications.,186,0.925,NEUTRAL,CRITICAL,HIGH,VALIDATED,Quote verified and confidence >= 0.70.
SLB,0000950170-24-006884,MANAGEMENT_OUTLOOK,Disclosed downward pressure or decrease relating to management outlook.,155,0.925,NEGATIVE,LOW,HIGH,VALIDATED,Quote verified and confidence >= 0.70.
SLB,0000950170-24-006884,REGULATORY_RISK,Management disclosed regulatory risk with neutral implications.,216,0.925,NEUTRAL,LOW,LOW,VALIDATED,Quote verified and confidence >= 0.70.
SLB,0000950170-24-006884,REGULATORY_RISK,Management disclosed regulatory risk with neutral implications.,1409,0.925,NEUTRAL,LOW,LOW,VALIDATED,Quote verified and confidence >= 0.70.
SLB,0000950170-24-006884,COMPETITIVE_PRESSURE,Management disclosed competitive pressure with neutral implications.,1437,0.925,NEUTRAL,HIGH,MEDIUM,VALIDATED,Quote verified and confidence >= 0.70.
SLB,0000950170-24-006884,REGULATORY_RISK,Management disclosed regulatory risk with neutral implications.,138,0.925,NEUTRAL,LOW,LOW,VALIDATED,Quote verified and confidence >= 0.70.
SLB,0001564590-23-000762,LITIGATION_RISK,Management disclosed litigation risk with neutral implications.,113,1.0,NEUTRAL,LOW,LOW,VALIDATED,Quote verified and confidence >= 0.70.
SLB,0001564590-23-000762,MANAGEMENT_OUTLOOK,Management disclosed management outlook with neutral implications.,203,1.0,NEUTRAL,LOW,LOW,VALIDATED,Quote verified and confidence >= 0.70.
SLB,0001564590-23-000762,MARGIN_PRESSURE,Disclosed favorable trend or increase relating to margin pressure.,187,0.925,POSITIVE,LOW,LOW,VALIDATED,Quote verified and confidence >= 0.70.
SLB,0001564590-23-000762,MARGIN_PRESSURE,Disclosed favorable trend or increase relating to margin pressure.,144,0.925,POSITIVE,LOW,LOW,VALIDATED,Quote verified and confidence >= 0.70.
SLB,0001564590-23-000762,CAPITAL_ALLOCATION_CHANGE,Disclosed favorable trend or increase relating to capital allocation change.,170,0.925,POSITIVE,LOW,LOW,VALIDATED,Quote verified and confidence >= 0.70.
SLB,0001564590-23-000762,GUIDANCE_DIRECTION,Management disclosed guidance direction with neutral implications.,200,0.925,NEUTRAL,MEDIUM,MEDIUM,VALIDATED,Quote verified and confidence >= 0.70.
SLB,0001564590-23-000762,MARGIN_PRESSURE,Disclosed favorable trend or increase relating to margin pressure.,231,0.925,POSITIVE,HIGH,MEDIUM,VALIDATED,Quote verified and confidence >= 0.70.
SLB,0001564590-23-000762,MARGIN_PRESSURE,Management disclosed margin pressure with neutral implications.,83,0.925,NEUTRAL,LOW,LOW,VALIDATED,Quote verified and confidence >= 0.70.
SLB,0001564590-23-000762,STRATEGIC_CHANGE,Management disclosed strategic change with neutral implications.,77,0.875,NEUTRAL,LOW,LOW,VALIDATED,Quote verified and confidence >= 0.70.
SLB,0001564590-23-000762,LIQUIDITY_RISK,Disclosed favorable trend or increase relating to liquidity risk.,762,0.97,POSITIVE,LOW,LOW,VALIDATED,Quote verified and confidence >= 0.70.
SLB,0001564590-23-000762,STRATEGIC_CHANGE,Disclosed downward pressure or decrease relating to strategic change.,1077,0.925,NEGATIVE,LOW,LOW,VALIDATED,Quote verified and confidence >= 0.70.
SLB,0001564590-23-000762,CAPITAL_ALLOCATION_CHANGE,Disclosed favorable trend or increase relating to capital allocation change.,188,0.925,POSITIVE,LOW,LOW,VALIDATED,Quote verified and confidence >= 0.70.
SLB,0001564590-23-000762,GUIDANCE_DIRECTION,Disclosed favorable trend or increase relating to guidance direction.,142,0.925,POSITIVE,HIGH,MEDIUM,VALIDATED,Quote verified and confidence >= 0.70.
SLB,0001564590-23-000762,CAPITAL_ALLOCATION_CHANGE,Disclosed favorable trend or increase relating to capital allocation change.,195,0.925,POSITIVE,LOW,LOW,VALIDATED,Quote verified and confidence >= 0.70.
SLB,0001564590-23-000762,LIQUIDITY_RISK,Management disclosed liquidity risk with neutral implications.,210,0.97,NEUTRAL,LOW,HIGH,VALIDATED,Quote verified and confidence >= 0.70.
SLB,0001564590-23-000762,MATERIAL_BUSINESS_CHANGE,Management disclosed material business change with negative implications.,234,0.925,NEGATIVE,MEDIUM,MEDIUM,VALIDATED,Quote verified and confidence >= 0.70.
SLB,0001564590-23-000762,MATERIAL_BUSINESS_CHANGE,Management disclosed material business change with negative implications.,185,0.925,NEGATIVE,LOW,LOW,VALIDATED,Quote verified and confidence >= 0.70.
SLB,0001564590-23-000762,MATERIAL_BUSINESS_CHANGE,Management disclosed material business change with negative implications.,170,0.925,NEGATIVE,LOW,LOW,VALIDATED,Quote verified and confidence >= 0.70.
SLB,0001564590-23-000762,MATERIAL_BUSINESS_CHANGE,Management disclosed material business change with negative implications.,205,0.925,NEGATIVE,HIGH,MEDIUM,VALIDATED,Quote verified and confidence >= 0.70.
SLB,0001564590-23-000762,GUIDANCE_DIRECTION,Management disclosed guidance direction with mixed implications.,98,0.925,MIXED,LOW,LOW,VALIDATED,Quote verified and confidence >= 0.70.
SLB,0001564590-23-000762,GUIDANCE_DIRECTION,Management disclosed guidance direction with neutral implications.,186,0.925,NEUTRAL,CRITICAL,HIGH,VALIDATED,Quote verified and confidence >= 0.70.
SLB,0001564590-23-000762,MANAGEMENT_OUTLOOK,Disclosed favorable trend or increase relating to management outlook.,154,0.925,POSITIVE,LOW,HIGH,VALIDATED,Quote verified and confidence >= 0.70.
SLB,0001564590-23-000762,REGULATORY_RISK,Management disclosed regulatory risk with neutral implications.,216,0.925,NEUTRAL,LOW,LOW,VALIDATED,Quote verified and confidence >= 0.70.
SLB,0001564590-23-000762,REGULATORY_RISK,Management disclosed regulatory risk with neutral implications.,1424,0.925,NEUTRAL,LOW,LOW,VALIDATED,Quote verified and confidence >= 0.70.
SLB,0001564590-23-000762,COMPETITIVE_PRESSURE,Management disclosed competitive pressure with neutral implications.,1255,0.925,NEUTRAL,HIGH,MEDIUM,VALIDATED,Quote verified and confidence >= 0.70.
SLB,0001564590-23-000762,REGULATORY_RISK,Management disclosed regulatory risk with neutral implications.,138,0.925,NEUTRAL,LOW,LOW,VALIDATED,Quote verified and confidence >= 0.70.
EOG,0000821189-24-000011,REGULATORY_RISK,Management disclosed regulatory risk with neutral implications.,430,0.925,NEUTRAL,LOW,LOW,VALIDATED,Quote verified and confidence >= 0.70.
EOG,0000821189-24-000011,CAPITAL_ALLOCATION_CHANGE,Management disclosed capital allocation change with neutral implications.,155,0.925,NEUTRAL,HIGH,MEDIUM,VALIDATED,Quote verified and confidence >= 0.70.
EOG,0000821189-24-000011,GUIDANCE_DIRECTION,Management disclosed guidance direction with neutral implications.,264,0.925,NEUTRAL,LOW,LOW,VALIDATED,Quote verified and confidence >= 0.70.
EOG,0000821189-24-000011,GUIDANCE_DIRECTION,Management disclosed guidance direction with neutral implications.,363,0.925,NEUTRAL,LOW,LOW,VALIDATED,Quote verified and confidence >= 0.70.
EOG,0000821189-24-000011,GUIDANCE_DIRECTION,Management disclosed guidance direction with neutral implications.,241,0.925,NEUTRAL,LOW,LOW,VALIDATED,Quote verified and confidence >= 0.70.
EOG,0000821189-24-000011,GUIDANCE_DIRECTION,Disclosed downward pressure or decrease relating to guidance direction.,57,0.875,NEGATIVE,LOW,LOW,VALIDATED,Quote verified and confidence >= 0.70.
EOG,0000821189-24-000011,COMPETITIVE_PRESSURE,Management disclosed competitive pressure with positive implications.,142,0.925,POSITIVE,LOW,LOW,VALIDATED,Quote verified and confidence >= 0.70.
EOG,0000821189-24-000011,COMPETITIVE_PRESSURE,Management disclosed competitive pressure with neutral implications.,264,0.925,NEUTRAL,LOW,LOW,VALIDATED,Quote verified and confidence >= 0.70.
EOG,0000821189-24-000011,REGULATORY_RISK,Management disclosed regulatory risk with neutral implications.,169,0.925,NEUTRAL,LOW,LOW,VALIDATED,Quote verified and confidence >= 0.70.
EOG,0000821189-24-000011,REGULATORY_RISK,Management disclosed regulatory risk with neutral implications.,65,0.875,NEUTRAL,LOW,LOW,VALIDATED,Quote verified and confidence >= 0.70.
EOG,0000821189-24-000011,REGULATORY_RISK,Management disclosed regulatory risk with neutral implications.,277,0.925,NEUTRAL,LOW,LOW,VALIDATED,Quote verified and confidence >= 0.70.
EOG,0000821189-24-000011,CAPITAL_ALLOCATION_CHANGE,Disclosed favorable trend or increase relating to capital allocation change.,285,0.925,POSITIVE,HIGH,MEDIUM,VALIDATED,Quote verified and confidence >= 0.70.
EOG,0000821189-24-000011,DEMAND_UNCERTAINTY,Identified operational or financial risk affecting demand uncertainty.,324,0.925,NEGATIVE,HIGH,MEDIUM,VALIDATED,Quote verified and confidence >= 0.70.
EOG,0000821189-24-000011,CAPITAL_ALLOCATION_CHANGE,Disclosed favorable trend or increase relating to capital allocation change.,340,0.925,POSITIVE,HIGH,MEDIUM,VALIDATED,Quote verified and confidence >= 0.70.
EOG,0000821189-24-000011,DEMAND_UNCERTAINTY,Management disclosed demand uncertainty with negative implications.,660,0.925,NEGATIVE,MEDIUM,MEDIUM,VALIDATED,Quote verified and confidence >= 0.70.
EOG,0000821189-24-000011,LIQUIDITY_RISK,Management disclosed liquidity risk with neutral implications.,269,0.925,NEUTRAL,LOW,LOW,VALIDATED,Quote verified and confidence >= 0.70.
EOG,0000821189-24-000011,DEMAND_UNCERTAINTY,Management disclosed demand uncertainty with neutral implications.,254,0.925,NEUTRAL,LOW,LOW,VALIDATED,Quote verified and confidence >= 0.70.
EOG,0000821189-24-000011,CAPITAL_ALLOCATION_CHANGE,Disclosed downward pressure or decrease relating to capital allocation change.,545,0.925,NEGATIVE,HIGH,MEDIUM,VALIDATED,Quote verified and confidence >= 0.70.
EOG,0000821189-24-000011,MARGIN_PRESSURE,Management disclosed margin pressure with neutral implications.,268,0.925,NEUTRAL,LOW,LOW,VALIDATED,Quote verified and confidence >= 0.70.
EOG,0000821189-24-000011,MARGIN_PRESSURE,Management disclosed margin pressure with neutral implications.,503,0.925,NEUTRAL,LOW,LOW,VALIDATED,Quote verified and confidence >= 0.70.
EOG,0000821189-24-000011,MARGIN_PRESSURE,Disclosed favorable trend or increase relating to margin pressure.,440,0.925,NEGATIVE,HIGH,MEDIUM,VALIDATED,Quote verified and confidence >= 0.70.
EOG,0000821189-24-000011,MARGIN_PRESSURE,Management disclosed margin pressure with negative implications.,232,0.925,NEGATIVE,LOW,LOW,VALIDATED,Quote verified and confidence >= 0.70.
EOG,0000821189-24-000011,SUPPLY_CHAIN_RISK,Management disclosed supply chain risk with neutral implications.,203,0.925,NEUTRAL,LOW,LOW,VALIDATED,Quote verified and confidence >= 0.70.
EOG,0000821189-24-000011,STRATEGIC_CHANGE,Identified operational or financial risk affecting strategic change.,349,0.925,NEGATIVE,HIGH,MEDIUM,VALIDATED,Quote verified and confidence >= 0.70.
EOG,0000821189-24-000011,STRATEGIC_CHANGE,Management disclosed strategic change with neutral implications.,75,0.875,NEUTRAL,LOW,LOW,VALIDATED,Quote verified and confidence >= 0.70.
EOG,0000821189-24-000011,COMPETITIVE_PRESSURE,Management disclosed competitive pressure with neutral implications.,262,0.925,NEUTRAL,LOW,LOW,VALIDATED,Quote verified and confidence >= 0.70.
EOG,0000821189-24-000011,DEMAND_UNCERTAINTY,Disclosed favorable trend or increase relating to demand uncertainty.,496,0.925,MIXED,HIGH,MEDIUM,VALIDATED,Quote verified and confidence >= 0.70.
EOG,0000821189-24-000011,COMPETITIVE_PRESSURE,Disclosed favorable trend or increase relating to competitive pressure.,977,0.925,MIXED,MEDIUM,MEDIUM,VALIDATED,Quote verified and confidence >= 0.70.
EOG,0000821189-24-000011,SUPPLY_CHAIN_RISK,Management disclosed supply chain risk with positive implications.,655,0.925,POSITIVE,LOW,LOW,VALIDATED,Quote verified and confidence >= 0.70.
EOG,0000821189-24-000011,SUPPLY_CHAIN_RISK,Management disclosed supply chain risk with negative implications.,1347,0.925,NEGATIVE,MEDIUM,MEDIUM,VALIDATED,Quote verified and confidence >= 0.70.
EOG,0000821189-24-000011,LITIGATION_RISK,Management disclosed litigation risk with neutral implications.,186,1.0,NEUTRAL,LOW,LOW,VALIDATED,Quote verified and confidence >= 0.70.
EOG,0000821189-24-000011,LIQUIDITY_RISK,Management disclosed liquidity risk with positive implications.,244,0.97,POSITIVE,LOW,HIGH,VALIDATED,Quote verified and confidence >= 0.70.
EOG,0000821189-24-000011,SUPPLY_CHAIN_RISK,Management disclosed supply chain risk with neutral implications.,149,0.985,NEUTRAL,LOW,LOW,VALIDATED,Quote verified and confidence >= 0.70.
EOG,0000821189-24-000011,STRATEGIC_CHANGE,Management disclosed strategic change with negative implications.,299,0.925,NEGATIVE,LOW,LOW,VALIDATED,Quote verified and confidence >= 0.70.
EOG,0000821189-24-000011,MATERIAL_BUSINESS_CHANGE,Management disclosed material business change with negative implications.,184,0.925,NEGATIVE,LOW,LOW,VALIDATED,Quote verified and confidence >= 0.70.
EOG,0000821189-24-000011,STRATEGIC_CHANGE,Management disclosed strategic change with neutral implications.,153,0.925,NEUTRAL,LOW,HIGH,VALIDATED,Quote verified and confidence >= 0.70.
EOG,0000821189-24-000011,LITIGATION_RISK,Management disclosed litigation risk with neutral implications.,849,0.985,NEUTRAL,LOW,LOW,VALIDATED,Quote verified and confidence >= 0.70.
EOG,0000821189-24-000011,LIQUIDITY_RISK,Management disclosed liquidity risk with neutral implications.,225,0.97,NEUTRAL,LOW,HIGH,VALIDATED,Quote verified and confidence >= 0.70.
EOG,0000821189-24-000011,MANAGEMENT_OUTLOOK,Identified operational or financial risk affecting management outlook.,284,0.925,NEGATIVE,MEDIUM,MEDIUM,VALIDATED,Quote verified and confidence >= 0.70.
EOG,0000821189-23-000015,REGULATORY_RISK,Management disclosed regulatory risk with neutral implications.,430,0.925,NEUTRAL,LOW,LOW,VALIDATED,Quote verified and confidence >= 0.70.
EOG,0000821189-23-000015,GUIDANCE_DIRECTION,Management disclosed guidance direction with neutral implications.,264,0.925,NEUTRAL,LOW,LOW,VALIDATED,Quote verified and confidence >= 0.70.
EOG,0000821189-23-000015,GUIDANCE_DIRECTION,Management disclosed guidance direction with neutral implications.,363,0.925,NEUTRAL,LOW,LOW,VALIDATED,Quote verified and confidence >= 0.70.
EOG,0000821189-23-000015,GUIDANCE_DIRECTION,Management disclosed guidance direction with neutral implications.,172,0.925,NEUTRAL,LOW,LOW,VALIDATED,Quote verified and confidence >= 0.70.
EOG,0000821189-23-000015,GUIDANCE_DIRECTION,Disclosed favorable trend or increase relating to guidance direction.,57,0.875,POSITIVE,LOW,LOW,VALIDATED,Quote verified and confidence >= 0.70.
EOG,0000821189-23-000015,COMPETITIVE_PRESSURE,Management disclosed competitive pressure with positive implications.,142,0.925,POSITIVE,LOW,LOW,VALIDATED,Quote verified and confidence >= 0.70.
EOG,0000821189-23-000015,COMPETITIVE_PRESSURE,Management disclosed competitive pressure with neutral implications.,120,0.925,NEUTRAL,LOW,LOW,VALIDATED,Quote verified and confidence >= 0.70.
EOG,0000821189-23-000015,COMPETITIVE_PRESSURE,Management disclosed competitive pressure with neutral implications.,264,0.925,NEUTRAL,LOW,LOW,VALIDATED,Quote verified and confidence >= 0.70.
EOG,0000821189-23-000015,REGULATORY_RISK,Management disclosed regulatory risk with neutral implications.,169,0.925,NEUTRAL,LOW,LOW,VALIDATED,Quote verified and confidence >= 0.70.
EOG,0000821189-23-000015,REGULATORY_RISK,Management disclosed regulatory risk with neutral implications.,186,0.925,NEUTRAL,LOW,LOW,VALIDATED,Quote verified and confidence >= 0.70.
EOG,0000821189-23-000015,REGULATORY_RISK,Management disclosed regulatory risk with neutral implications.,277,0.925,NEUTRAL,LOW,LOW,VALIDATED,Quote verified and confidence >= 0.70.
EOG,0000821189-23-000015,CAPITAL_ALLOCATION_CHANGE,Disclosed favorable trend or increase relating to capital allocation change.,285,0.925,POSITIVE,HIGH,MEDIUM,VALIDATED,Quote verified and confidence >= 0.70.
EOG,0000821189-23-000015,DEMAND_UNCERTAINTY,Identified operational or financial risk affecting demand uncertainty.,324,0.925,NEGATIVE,HIGH,MEDIUM,VALIDATED,Quote verified and confidence >= 0.70.
EOG,0000821189-23-000015,CAPITAL_ALLOCATION_CHANGE,Disclosed favorable trend or increase relating to capital allocation change.,340,0.925,POSITIVE,HIGH,MEDIUM,VALIDATED,Quote verified and confidence >= 0.70.
EOG,0000821189-23-000015,DEMAND_UNCERTAINTY,Management disclosed demand uncertainty with negative implications.,573,0.925,NEGATIVE,MEDIUM,MEDIUM,VALIDATED,Quote verified and confidence >= 0.70.
EOG,0000821189-23-000015,LIQUIDITY_RISK,Management disclosed liquidity risk with neutral implications.,269,0.925,NEUTRAL,LOW,LOW,VALIDATED,Quote verified and confidence >= 0.70.
EOG,0000821189-23-000015,DEMAND_UNCERTAINTY,Management disclosed demand uncertainty with neutral implications.,254,0.97,NEUTRAL,LOW,LOW,VALIDATED,Quote verified and confidence >= 0.70.
EOG,0000821189-23-000015,CAPITAL_ALLOCATION_CHANGE,Disclosed downward pressure or decrease relating to capital allocation change.,400,0.925,NEGATIVE,HIGH,MEDIUM,VALIDATED,Quote verified and confidence >= 0.70.
EOG,0000821189-23-000015,CAPITAL_ALLOCATION_CHANGE,Management disclosed capital allocation change with neutral implications.,118,0.925,NEUTRAL,LOW,LOW,VALIDATED,Quote verified and confidence >= 0.70.
EOG,0000821189-23-000015,MARGIN_PRESSURE,Management disclosed margin pressure with neutral implications.,268,0.925,NEUTRAL,LOW,LOW,VALIDATED,Quote verified and confidence >= 0.70.
EOG,0000821189-23-000015,MARGIN_PRESSURE,Management disclosed margin pressure with neutral implications.,489,0.925,NEUTRAL,LOW,LOW,VALIDATED,Quote verified and confidence >= 0.70.
EOG,0000821189-23-000015,MARGIN_PRESSURE,Disclosed favorable trend or increase relating to margin pressure.,408,0.925,NEGATIVE,HIGH,MEDIUM,VALIDATED,Quote verified and confidence >= 0.70.
EOG,0000821189-23-000015,MARGIN_PRESSURE,Management disclosed margin pressure with negative implications.,232,0.925,NEGATIVE,LOW,LOW,VALIDATED,Quote verified and confidence >= 0.70.
EOG,0000821189-23-000015,SUPPLY_CHAIN_RISK,Management disclosed supply chain risk with neutral implications.,212,0.985,NEUTRAL,LOW,LOW,VALIDATED,Quote verified and confidence >= 0.70.
EOG,0000821189-23-000015,STRATEGIC_CHANGE,Identified operational or financial risk affecting strategic change.,353,0.925,NEGATIVE,HIGH,MEDIUM,VALIDATED,Quote verified and confidence >= 0.70.
EOG,0000821189-23-000015,STRATEGIC_CHANGE,Management disclosed strategic change with neutral implications.,75,0.875,NEUTRAL,LOW,LOW,VALIDATED,Quote verified and confidence >= 0.70.
EOG,0000821189-23-000015,COMPETITIVE_PRESSURE,Management disclosed competitive pressure with neutral implications.,262,0.97,NEUTRAL,LOW,LOW,VALIDATED,Quote verified and confidence >= 0.70.
EOG,0000821189-23-000015,DEMAND_UNCERTAINTY,Disclosed favorable trend or increase relating to demand uncertainty.,1078,0.97,POSITIVE,LOW,LOW,VALIDATED,Quote verified and confidence >= 0.70.
EOG,0000821189-23-000015,SUPPLY_CHAIN_RISK,Management disclosed supply chain risk with positive implications.,655,0.985,POSITIVE,LOW,LOW,VALIDATED,Quote verified and confidence >= 0.70.
EOG,0000821189-23-000015,SUPPLY_CHAIN_RISK,Management disclosed supply chain risk with negative implications.,1333,0.985,NEGATIVE,MEDIUM,MEDIUM,VALIDATED,Quote verified and confidence >= 0.70.
EOG,0000821189-23-000015,SUPPLY_CHAIN_RISK,Identified operational or financial risk affecting supply chain risk.,268,0.985,NEGATIVE,HIGH,MEDIUM,VALIDATED,Quote verified and confidence >= 0.70.
EOG,0000821189-23-000015,LITIGATION_RISK,Management disclosed litigation risk with neutral implications.,186,1.0,NEUTRAL,LOW,LOW,VALIDATED,Quote verified and confidence >= 0.70.
EOG,0000821189-23-000015,STRATEGIC_CHANGE,Management disclosed strategic change with negative implications.,299,0.97,NEGATIVE,LOW,LOW,VALIDATED,Quote verified and confidence >= 0.70.
EOG,0000821189-23-000015,MATERIAL_BUSINESS_CHANGE,Management disclosed material business change with negative implications.,184,0.925,NEGATIVE,LOW,LOW,VALIDATED,Quote verified and confidence >= 0.70.
EOG,0000821189-23-000015,MATERIAL_BUSINESS_CHANGE,Management disclosed material business change with negative implications.,313,0.925,NEGATIVE,LOW,HIGH,VALIDATED,Quote verified and confidence >= 0.70.
EOG,0000821189-23-000015,MATERIAL_BUSINESS_CHANGE,Management disclosed material business change with negative implications.,548,0.925,NEGATIVE,LOW,LOW,VALIDATED,Quote verified and confidence >= 0.70.
EOG,0000821189-23-000015,MATERIAL_BUSINESS_CHANGE,Management disclosed material business change with negative implications.,191,0.925,NEGATIVE,LOW,LOW,VALIDATED,Quote verified and confidence >= 0.70.
EOG,0000821189-23-000015,LITIGATION_RISK,Management disclosed litigation risk with neutral implications.,72,0.875,NEUTRAL,LOW,HIGH,VALIDATED,Quote verified and confidence >= 0.70.
EOG,0000821189-23-000015,LITIGATION_RISK,Management disclosed litigation risk with neutral implications.,152,0.925,NEUTRAL,LOW,LOW,VALIDATED,Quote verified and confidence >= 0.70.
EOG,0000821189-23-000015,LITIGATION_RISK,Management disclosed litigation risk with neutral implications.,212,0.925,NEUTRAL,LOW,LOW,VALIDATED,Quote verified and confidence >= 0.70.
EOG,0000821189-23-000015,LIQUIDITY_RISK,Management disclosed liquidity risk with neutral implications.,208,0.925,NEUTRAL,LOW,HIGH,VALIDATED,Quote verified and confidence >= 0.70.
EOG,0000821189-23-000015,LIQUIDITY_RISK,Management disclosed liquidity risk with neutral implications.,257,0.925,NEUTRAL,CRITICAL,HIGH,VALIDATED,Quote verified and confidence >= 0.70.
EOG,0000821189-23-000015,STRATEGIC_CHANGE,Management disclosed strategic change with neutral implications.,222,0.97,NEUTRAL,LOW,LOW,VALIDATED,Quote verified and confidence >= 0.70.
EOG,0000821189-23-000015,MANAGEMENT_OUTLOOK,Management disclosed management outlook with neutral implications.,52,0.95,NEUTRAL,LOW,LOW,VALIDATED,Quote verified and confidence >= 0.70.
EOG,0000821189-23-000015,MANAGEMENT_OUTLOOK,Identified operational or financial risk affecting management outlook.,284,1.0,NEGATIVE,MEDIUM,MEDIUM,VALIDATED,Quote verified and confidence >= 0.70.
